Date,Close,High,Low,Open,Volume,Ticker
2023-01-03,122.98270416259766,128.71540148347327,122.09772277878758,128.10575347623433,112117500,AAPL
2023-01-04,124.25119018554688,126.51280869797894,122.99255318811515,124.77234386397704,89113600,AAPL
2023-01-05,122.93354034423828,125.63764564758301,122.67788488068354,125.00832719533365,80962700,AAPL
2023-01-06,127.4567642211914,128.11558077623516,122.80570749443298,123.90701849100518,87754700,AAPL
2023-01-09,127.9779281616211,131.18353181246084,127.72227268810083,128.2925949020793,70790800,AAPL
2023-01-10,128.5482177734375,129.06937130152838,125.9817759634987,128.08606049318604,63896200,AAPL
2023-01-11,131.26219177246094,131.28184718963053,128.28276062052532,129.05956971451124,69458900,AAPL
2023-01-12,131.18353271484375,132.0193381171801,129.24640871746402,131.6456901154858,71379600,AAPL
2023-01-13,132.51101684570312,132.66835024455597,129.46276101465787,129.82658137088367,57809700,AAPL
2023-01-17,133.67127990722656,134.99874055778392,131.89148966196402,132.57980425900854,63646600,AAPL
2023-01-18,132.95347595214844,136.29672707490226,132.776472184589,134.5366071318126,69672800,AAPL
2023-01-19,133.01246643066406,133.97610688822573,131.53750011629828,131.84232408727254,58280400,AAPL
2023-01-20,135.569091796875,135.71659745917918,131.98001240951498,133.02231973826562,80223600,AAPL
2023-01-23,138.75502014160156,140.92814412125819,135.59858513124948,135.81491475833332,81760300,AAPL
2023-01-24,140.1513214111328,140.77081216801105,137.95854199183503,137.9683697007518,66435100,AAPL
2023-01-25,139.49252319335938,140.05300275817604,136.49342112366645,138.53871015801215,65799300,AAPL
2023-01-26,141.55746459960938,141.8426182007582,139.53183124401355,140.78064047196506,54105100,AAPL
2023-01-27,143.4945831298828,144.77289057415175,140.69215546789684,140.77082215722044,70555800,AAPL
2023-01-30,140.613525390625,143.12097237569157,140.46603468732607,142.5408222705282,64015300,AAPL
2023-01-31,141.88194274902344,141.93111130163894,139.9054929686203,140.31848180314623,65874500,AAPL
2023-02-01,143.00294494628906,144.16325999959267,138.96155019582764,141.56731895311415,77663600,AAPL
2023-02-02,148.302978515625,148.65695608667727,145.69719525256042,146.41500811186492,118339000,AAPL
2023-02-03,151.9215545654297,154.75349514117664,145.36287177724367,145.5595309829737,154357300,AAPL
2023-02-06,149.19778442382812,150.54493079230497,148.26364190831887,150.02377712562708,69858300,AAPL
2023-02-07,152.06906127929688,152.63938353904294,148.12598902287087,148.12598902287087,83322600,AAPL
2023-02-08,149.38462829589844,152.00023955919008,148.64714493246836,151.3119247541495,64120100,AAPL
2023-02-09,148.3521728515625,151.7544365931666,147.90968576195635,151.21361237069686,56007100,AAPL
2023-02-10,148.71649169921875,149.04148154329528,146.9536843926681,147.1900447411898,57450700,AAPL
2023-02-13,151.51341247558594,151.91717418893083,148.62790397291747,148.65744714640496,62199000,AAPL
2023-02-14,150.8732452392578,151.4345954776921,148.56878800441328,149.80964612462722,61707600,AAPL
2023-02-15,152.97093200683594,153.13834833360136,150.55814431502776,150.7846469892343,65573800,AAPL
2023-02-16,151.3755340576172,153.95573796607766,151.02100096105386,151.17855953849067,68167900,AAPL
2023-02-17,150.233154296875,150.6763169294936,148.55897600306773,150.03619479649413,59144100,AAPL
2023-02-21,146.2249298095703,149.0021077790729,146.15600076088242,147.91880821074704,58867200,AAPL
2023-02-22,146.64840698242188,147.67260518894304,144.92498541296462,146.60900607426132,51011300,AAPL
2023-02-23,147.1309356689453,148.05666153497864,145.00375275195816,147.81045848665238,48394200,AAPL
2023-02-24,144.48179626464844,144.95450188621834,143.50682683230983,144.8757151114499,55469600,AAPL
2023-02-27,145.67344665527344,146.90446214048941,145.21058363066865,145.46664446890208,44998500,AAPL
2023-02-28,145.1711883544922,146.81582313308783,144.5999954030627,144.81665531660641,50547000,AAPL
2023-03-01,143.10308837890625,144.9939263960711,142.80764165155819,144.60000744430354,55479000,AAPL
2023-03-02,143.69400024414062,144.48185327566276,141.7145174362223,142.1872382713636,52238100,AAPL
2023-03-03,148.73623657226562,148.81502337863614,145.09243318314816,145.79164167073546,70732300,AAPL
2023-03-06,151.49368286132812,153.9261705239575,151.12930710707832,151.4542819528968,87558000,AAPL
2023-03-07,149.29757690429688,151.69066400049135,148.83471383986452,151.36567408118486,56182000,AAPL
2023-03-08,150.54827880859375,151.13917230662574,149.52408044265695,150.48919246419973,47204800,AAPL
2023-03-09,148.30288696289062,152.19289270805663,147.9483539187185,151.22778082054958,53833600,AAPL
2023-03-10,146.24465942382812,148.64760438030467,145.3681768808884,147.92869544727571,68572400,AAPL
2023-03-13,148.1847381591797,150.81418573238946,145.45680332509693,145.56513330123872,84457100,AAPL
2023-03-14,150.27255249023438,151.07024829967136,147.8203787096759,148.98245037600438,73695900,AAPL
2023-03-15,150.6664581298828,150.92250395033966,147.64307677577528,148.8937927615987,77167900,AAPL
2023-03-16,153.4830322265625,154.08376844517147,149.33696504123728,149.84907174243986,76161100,AAPL
2023-03-17,152.6459503173828,154.35952962100535,151.9368840556802,153.70954970993674,98944600,AAPL
2023-03-20,155.0094451904297,155.4230795673691,151.80880531492744,152.7148458265595,73641400,AAPL
2023-03-21,156.86090087890625,156.97907354545168,154.1625097854557,154.93067719913012,73938300,AAPL
2023-03-22,155.4329833984375,159.67752354416533,155.4132829377314,156.88065920584077,75701800,AAPL
2023-03-23,156.51625061035156,159.09646969740976,155.28523492873595,156.41777837205046,67622100,AAPL
2023-03-24,157.816162109375,157.90479160484955,155.45261873446648,156.44727369122404,59196500,AAPL
2023-03-27,155.87608337402344,158.32827131215595,155.47230674076903,157.51087533277843,52390300,AAPL
2023-03-28,155.25564575195312,156.08289946543738,153.61101109186916,155.57079288605044,45992200,AAPL
2023-03-29,158.3283233642578,158.60406968566105,156.929891297985,156.94957673019417,51305700,AAPL
2023-03-30,159.89413452148438,160.0024644815908,158.82069266127598,159.07673846378026,49501700,AAPL
2023-03-31,162.3955535888672,162.4940408365555,159.45097422374334,159.9729235769942,68749800,AAPL
2023-04-03,163.64625549316406,163.76442815863666,161.7258745440201,161.775118163648,56976200,AAPL
2023-04-04,163.11451721191406,164.30613205347163,162.60241044774043,164.06978664465908,46278300,AAPL
2023-04-05,161.27288818359375,162.54330471265868,159.34266411557562,162.2380152446489,51511700,AAPL
2023-04-06,162.1592254638672,162.45467221127325,159.53962067833683,159.96308282888376,45390100,AAPL
2023-04-10,159.5691680908203,159.5691680908203,157.6487867222166,158.96843186504725,47716900,AAPL
2023-04-11,158.3578338623047,159.8941387722609,158.0722298566841,159.88429605818737,47644200,AAPL
2023-04-12,157.66847229003906,159.59869619161648,157.35332510698044,158.77145737665472,50133100,AAPL
2023-04-13,163.04556274414062,163.28192316496492,158.9684394039646,159.17525665056672,68445600,AAPL
2023-04-14,162.70089721679688,163.79403981032135,161.33200829581108,162.09030318280583,49386500,AAPL
2023-04-17,162.7205810546875,162.87815467656333,161.53880894471416,162.58270789230806,41516200,AAPL
2023-04-18,163.94174194335938,164.86746811951792,163.13418846133288,163.57736611842117,49923000,AAPL
2023-04-19,165.0841064453125,165.60605581206516,163.0258371209191,163.28189796071484,47720200,AAPL
2023-04-20,164.1189727783203,165.3204450523275,163.04553091898333,163.56748026442403,52456400,AAPL
2023-04-21,162.5137481689453,163.9220227028112,161.991798793606,162.5432913390932,58337300,AAPL
2023-04-24,162.8190155029297,163.08491902519904,161.4008834202169,162.49402564838778,41949600,AAPL
2023-04-25,161.28273010253906,163.78414697340926,161.24332919160244,162.68116189989732,48714100,AAPL
2023-04-26,161.27288818359375,162.7698073781101,160.32747660698578,160.58352244501583,45498800,AAPL
2023-04-27,165.85227966308594,165.99999552987848,162.68118215487013,162.68118215487013,64902300,AAPL
2023-04-28,167.10296630859375,167.27039764589344,165.33031595199535,165.93105213681218,55275900,AAPL
2023-05-01,167.01434326171875,167.86128258741087,166.07877442017465,166.70905380019818,52472900,AAPL
2023-05-02,165.9803009033203,167.76282424517206,164.99548835131355,167.5067633643402,48425700,AAPL
2023-05-03,164.90684509277344,168.32414556576836,164.6212560883793,166.925713661642,65136000,AAPL
2023-05-04,163.2720489501953,164.50306450874902,161.81453073644045,162.3857237588548,81235400,AAPL
2023-05-05,170.9338836669922,171.65279246173276,168.16654839153733,168.38320830672657,113453200,AAPL
2023-05-08,170.8649444580078,171.20963479482143,169.49605587870553,169.86043164324718,55962800,AAPL
2023-05-09,169.1612548828125,170.90436226614003,168.9938385535857,170.42181373691182,45326900,AAPL
2023-05-10,170.92405700683594,171.38692008917508,169.28926463206565,170.3922648627901,53724500,AAPL
2023-05-11,171.11117553710938,171.9384144483228,169.5551699505623,171.20966280003566,49514700,AAPL
2023-05-12,170.18417358398438,171.65356424240227,168.63587209674515,171.21964497087455,45533100,AAPL
2023-05-15,169.69107055664062,170.81530899814229,169.09935977781652,170.7659972586019,37266700,AAPL
2023-05-16,169.69107055664062,170.74626955321972,169.42479920138675,169.61217478294208,42110300,AAPL
2023-05-17,170.302490234375,170.53916250241704,168.06386972955488,169.3360433616003,57951600,AAPL
2023-05-18,172.62985229492188,172.81722786089622,170.19400003291315,170.60819152451643,65496700,AAPL
2023-05-19,172.7383575439453,173.95134816577144,172.5213979143073,173.95134816577144,55809500,AAPL
2023-05-22,171.79159545898438,172.2945540862593,171.05196458153654,171.57463586444004,43570900,AAPL
2023-05-23,169.1881103515625,170.9829553293692,168.9119826700276,170.7364116817252,50747300,AAPL
2023-05-24,169.46426391601562,170.03624707165045,168.16252108250686,168.724632860117,45143500,AAPL
2023-05-25,170.598388671875,171.49579632773333,169.31635838771984,170.0264054667032,56058300,AAPL
2023-05-26,173.00460815429688,173.33991896491864,170.71669083708804,170.92379413047703,54835000,AAPL
2023-05-30,174.8487548828125,176.51539231960112,174.12885165758402,174.51345913931758,55964400,AAPL
2023-05-31,174.79945373535156,176.87042648421155,174.3162227478627,174.87834951174753,99625300,AAPL
2023-06-01,177.6001739501953,177.62975798334406,174.4838587106697,175.24321733975688,68901800,AAPL
2023-06-02,178.44827270507812,179.26679934554073,176.78163539298924,178.52716847079088,61996900,AAPL
2023-06-05,177.09722900390625,182.39298156722955,175.57851175717974,180.10506441660397,121946500,AAPL
2023-06-06,176.7323760986328,177.62978364684957,174.97697127382227,177.48186345973468,64848400,AAPL
2023-06-07,175.36155700683594,178.7046879636189,174.86846975629078,175.97298038220674,61944600,AAPL
2023-06-08,178.07354736328125,178.3398036598064,175.00654388250445,175.44044804834044,50214900,AAPL
2023-06-09,178.4581756591797,179.71060666093933,178.13273621096323,178.99070336218668,48900000,AAPL
2023-06-12,181.24903869628906,181.34766218390052,178.468033910057,178.76388932505995,54274900,AAPL
2023-06-13,180.77569580078125,181.60407900123244,179.91772856087343,180.27275208218578,54929100,AAPL
2023-06-14,181.40684509277344,181.84076439721946,179.5035350184376,180.83486192307942,57462900,AAPL
2023-06-15,183.4383544921875,183.9413132306641,181.23918907707676,181.4167083517838,65433200,AAPL
2023-06-16,182.3634033203125,184.40479194393566,181.72239585614398,184.14837692000424,101256200,AAPL
2023-06-20,182.4521484375,183.52709013546678,181.8604527350327,181.8604527350327,49799100,AAPL
2023-06-21,181.41668701171875,182.84663717983523,180.0656175699355,182.34367850052172,49515700,AAPL
2023-06-22,184.4146270751953,184.46393880857786,181.13066426325057,181.1997036995518,51245300,AAPL
2023-06-23,184.0990753173828,184.96691381940127,182.45216546765664,182.98470820219737,53117000,AAPL
2023-06-26,182.70855712890625,185.45012108460458,182.66910172140945,184.24698696904443,48088700,AAPL
2023-06-27,185.45997619628906,185.78541559077308,183.10301971608257,183.31997931240525,50730800,AAPL
2023-06-28,186.63356018066406,187.2745677103686,185.00637796044083,185.33180236622022,51216800,AAPL
2023-06-29,186.9688262939453,187.4422009047134,186.32781886596203,186.4658826988121,46347300,AAPL
2023-06-30,191.28826904296875,191.79121262094537,188.61572952588827,188.9806243235532,85213200,AAPL
2023-07-03,189.79916381835938,191.19952989799955,189.10882958307744,191.10090642215079,31458200,AAPL
2023-07-05,188.68478393554688,190.311965971159,187.98459336367247,188.92147125163748,46920300,AAPL
2023-07-06,189.15814208984375,189.36524537083605,186.5842258571581,187.2153769807983,45094300,AAPL
2023-07-07,188.04376220703125,190.0062550438309,187.60985803081866,188.7636804868427,46815000,AAPL
2023-07-10,186.00241088867188,187.36333679085425,184.45410938571575,186.6434184249519,59922200,AAPL
2023-07-11,185.479736328125,186.68287064614393,184.02020200954667,186.54480679233018,46638100,AAPL
2023-07-12,187.14634704589844,189.04965668897157,185.864317131752,187.0575799007695,60750200,AAPL
2023-07-13,187.9056854248047,188.5467078881079,187.15619821079162,187.86624506525828,41342300,AAPL
2023-07-14,188.0536346435547,188.53685056119244,187.00829198764853,187.59998771190843,41616200,AAPL
2023-07-17,191.30804443359375,191.63348390558141,189.15817566199323,189.24692777767194,50520200,AAPL
2023-07-18,191.0515899658203,191.64330071063998,189.75970372238763,190.6768538720752,48288200,AAPL
2023-07-19,192.4026641845703,195.48938034906212,189.9865244553515,190.4303150490968,80507300,AAPL
2023-07-20,190.45993041992188,193.75375040663724,189.8386355247165,192.39282446393295,59581200,AAPL
2023-07-21,189.28634643554688,192.2744541324422,188.58615588066942,191.4164870851642,71951700,AAPL
2023-07-24,190.0851593017578,192.21530010696893,189.59207198839397,190.73603816687742,45377800,AAPL
2023-07-25,190.943115234375,191.75178560391285,190.2527960456413,190.65713123041024,37283200,AAPL
2023-07-26,191.8109588623047,192.9351972994816,190.64728006234532,190.99243214213982,47471900,AAPL
2023-07-27,190.5486602783203,194.47363103189025,189.8879250921341,193.3099522093675,47460200,AAPL
2023-07-28,193.12257385253906,193.91151654263126,191.4559363697747,191.97860770429688,48291400,AAPL
2023-07-31,193.73397827148438,193.7734336784224,192.560428204252,193.3493708168966,38824100,AAPL
2023-08-01,192.9056396484375,194.01015053136803,192.58020018161,193.52693454400202,35175100,AAPL
2023-08-02,189.91749572753906,192.48154051645844,189.19759252290805,192.34347668203839,50389300,AAPL
2023-08-03,188.52700805664062,189.71041463976601,188.0536484329567,188.92148694956984,61235200,AAPL
2023-08-04,179.4739227294922,184.78940327661547,179.40488328381886,182.95511789971007,115956800,AAPL
2023-08-07,176.37733459472656,180.59816071157974,174.89807268327345,179.6119861039443,97576100,AAPL
2023-08-08,177.31417846679688,177.77768168655697,175.1248698685598,177.20569866966517,67823000,AAPL
2023-08-09,175.72647094726562,178.42857997538025,174.5627769846933,178.36941190145535,60378500,AAPL
2023-08-10,175.50950622558594,178.25107058876787,175.14462641506705,176.9986245515979,54686900,AAPL
2023-08-11,175.56875610351562,176.38838822312198,174.34425781198718,175.10464195853916,52036700,AAPL
2023-08-14,177.2178955078125,177.44501774834183,175.09474782272636,175.74650562753334,43675600,AAPL
2023-08-15,175.23297119140625,177.2376075606865,174.83797474088598,176.64511288490613,43622600,AAPL
2023-08-16,174.36398315429688,176.30935657463468,174.29485048513217,174.9169842350172,46964900,AAPL
2023-08-17,171.82608032226562,175.2922216904398,171.3125728746346,174.92684921501044,66062900,AAPL
2023-08-18,172.3099822998047,172.91236175457905,169.81159252872837,170.14734105941557,61172200,AAPL
2023-08-21,173.64312744140625,173.92951274494206,171.56937297444222,172.88275833759562,46311900,AAPL
2023-08-22,175.01571655273438,175.46009132134986,174.04796471270419,174.84784230984178,42038900,AAPL
2023-08-23,178.85714721679688,179.2817827873095,176.10201110060572,176.28963972003098,52722800,AAPL
2023-08-24,174.17633056640625,178.83736055921776,173.81094306342985,178.4127251012039,54945800,AAPL
2023-08-25,176.37850952148438,176.91175631972774,173.62337343895007,175.16388093182096,51449600,AAPL
2023-08-28,177.93878173828125,178.33377827348758,176.31927183489213,177.8400250704037,43820700,AAPL
2023-08-29,181.81967163085938,182.5899254092932,177.25739693272806,177.45489519701718,53003900,AAPL
2023-08-30,185.30557250976562,185.5030858470339,182.43194029759772,182.62943856671393,60813900,AAPL
2023-08-31,185.52281188964844,186.75719481874472,185.13768501849643,185.4931879048022,60794500,AAPL
2023-09-01,187.09295654296875,187.54720101813678,185.92769123419916,187.12258052751662,45766500,AAPL
2023-09-05,187.32994079589844,187.6064413525269,185.26605625958229,185.92768366781115,45280000,AAPL
2023-09-06,180.62478637695312,186.4905763861184,179.20277485131902,186.04618648324464,81755800,AAPL
2023-09-07,175.34161376953125,175.98350189646143,171.37183427986267,172.99134398653018,112488800,AAPL
2023-09-08,175.95384216308594,177.98811753082185,175.56871535945672,176.12173147198052,65551300,AAPL
2023-09-11,177.11912536621094,178.0473836718388,175.1243584797436,177.82026144859472,58953100,AAPL
2023-09-12,174.09735107421875,177.87950173703112,172.6358460753217,177.24749835360407,90370200,AAPL
2023-09-13,172.03346252441406,175.08485308011382,171.80632524830068,174.30471474035696,84267900,AAPL
2023-09-14,173.5443572998047,173.89986015970092,171.4113401404273,171.82609096561458,60895800,AAPL
2023-09-15,172.82347106933594,174.29486087176767,171.6483512368518,174.27510652680778,109259500,AAPL
2023-09-18,175.74649047851562,177.13887792290447,173.9689761950564,174.2751007250675,67257600,AAPL
2023-09-19,176.83277893066406,177.38578010579235,174.91701409671836,175.3021409914078,51826900,AAPL
2023-09-20,173.2974853515625,177.45487842056565,173.20859833310675,177.0203732393163,58436200,AAPL
2023-09-21,171.7569580078125,174.0973581099587,171.6878404044714,172.36922214048295,63149100,AAPL
2023-09-22,172.60623168945312,174.8676297137013,171.87548661966315,172.48773574692532,56725400,AAPL
2023-09-25,173.88011169433594,174.75899170155245,171.97421669351675,172.02359502231215,46172700,AAPL
2023-09-26,169.8115997314453,173.01111068359924,169.51534481079926,172.63586851438868,64588900,AAPL
2023-09-27,168.30068969726562,170.87808171574733,166.93794126401278,170.46333088230946,66921800,AAPL
2023-09-28,168.5574493408203,169.88070413963854,165.52579782856736,167.22430983558627,56294400,AAPL
2023-09-29,169.07098388671875,170.9077464641982,168.21184303928078,169.8708616906263,51861100,AAPL
2023-10-02,171.5791778564453,172.12230920285765,168.79440353564758,169.08078873109528,52164500,AAPL
2023-10-03,170.24607849121094,171.46072207785286,168.6858318118607,170.1078282132375,49594600,AAPL
2023-10-04,171.4903564453125,172.03348795172127,168.8339619515459,168.9524578917983,53020300,AAPL
2023-10-05,172.72474670410156,173.25799352598938,170.52259660006877,171.6187292983148,48527900,AAPL
2023-10-06,175.2725067138672,175.76625988669193,171.0163417068709,171.6286058875163,57266700,AAPL
2023-10-09,176.7537841796875,176.81303215553828,173.6036362062995,174.6010122921434,42390800,AAPL
2023-10-10,176.16128540039062,177.4746708645147,175.72678012586493,175.8749151429915,43698000,AAPL
2023-10-11,177.5536346435547,177.60301297187604,175.3811238107674,175.9736185461729,47551100,AAPL
2023-10-12,178.45228576660156,180.0619109305439,176.80313684087554,177.8202822818536,56743100,AAPL
2023-10-13,176.6155242919922,179.65703072033497,175.91438812346496,179.15340788479125,51427100,AAPL
2023-10-16,176.4871368408203,176.84263973108403,174.3047411678942,174.54174811745375,52517000,AAPL
2023-10-17,174.9367218017578,176.19085892709333,172.6160912129652,174.44296868905948,57549400,AAPL
2023-10-18,173.64312744140625,175.36139405816417,172.92225196490105,173.38638119353993,54764400,AAPL
2023-10-19,173.26785278320312,175.61810740546204,173.00122187734726,173.84059314667203,59302900,AAPL
2023-10-20,170.72010803222656,173.2283676109075,170.48310107616433,173.11974130623128,64244000,AAPL
2023-10-23,170.83859252929688,171.8359684831129,167.80694090892598,168.77470794688867,55980100,AAPL
2023-10-24,171.27308654785156,171.50020876645127,169.3079436842464,170.8879597127696,43816600,AAPL
2023-10-25,168.96234130859375,170.89784530264086,168.51795139973865,169.73259505065448,57157000,AAPL
2023-10-26,164.804931640625,169.2388405091802,163.600172706508,168.2414494672427,70625300,AAPL
2023-10-27,166.11830139160156,166.8490614359056,164.745668316651,164.82467062426355,58499100,AAPL
2023-10-30,168.16244506835938,169.03145545417337,166.7601878982554,166.90832288755587,51131000,AAPL
2023-10-31,168.6364288330078,168.76479438569402,165.8022759466135,167.23417191335412,44846000,AAPL
2023-11-01,171.7964630126953,172.0532092124064,167.99455793411695,168.86356825336904,56934900,AAPL
2023-11-02,175.35150146484375,175.5588693503195,173.26786256268767,173.32711052996643,77334800,AAPL
2023-11-03,174.44297790527344,174.61086723243213,171.1842192438163,172.06309922812656,79829200,AAPL
2023-11-06,176.99073791503906,177.18823614800198,174.00847994055556,174.17635419198152,63841300,AAPL
2023-11-07,179.5484161376953,180.1606652677133,176.7340169447808,176.94138484513783,70530000,AAPL
2023-11-08,180.60504150390625,181.15804266662394,179.3212801943679,180.07179468790036,49340300,AAPL
2023-11-09,180.13101196289062,181.81963914926845,179.5385022077218,180.67414339377055,53763500,AAPL
2023-11-10,184.31369018554688,184.48180071812672,181.47581782404296,181.91089548671326,66133400,AAPL
2023-11-13,182.73158264160156,183.9478113332898,182.14818998578377,183.7401702602705,43627500,AAPL
2023-11-14,185.342041015625,186.00454008995078,184.21480130754796,185.59912547957174,60108400,AAPL
2023-11-15,185.9056396484375,187.3789678351275,185.67821821290843,185.74744196041772,53790500,AAPL
2023-11-16,187.58665466308594,188.82266388785246,186.5385061665612,187.4482222334322,54412900,AAPL
2023-11-17,187.5668487548828,188.24912816814668,186.4593894684262,188.12057839811112,50922700,AAPL
2023-11-20,189.30712890625,189.76198684131353,187.75470950144614,187.7645921414258,46505100,AAPL
2023-11-21,188.5062255859375,189.37638084971888,187.61630503925363,189.2676114417462,38134500,AAPL
2023-11-22,189.16873168945312,190.77059476808083,188.69410838615653,189.34672485819107,39617700,AAPL
2023-11-24,187.84375,188.76333367409984,187.13180743837248,188.73367065803237,24048300,AAPL
2023-11-27,187.66574096679688,188.5358962659671,186.7857030257735,187.79429075090235,40552600,AAPL
2023-11-28,188.2689208984375,188.94131776896225,187.28011350908017,187.65586514519703,38415400,AAPL
2023-11-29,187.2504425048828,189.93999969621768,186.85492560121705,188.76331653900834,43014200,AAPL
2023-11-30,187.8239288330078,188.18979776505014,186.08363355367433,187.71515943504943,48794400,AAPL
2023-12-01,189.09951782226562,189.4159283197641,187.11200544734405,188.19969953750024,45704800,AAPL
2023-12-04,187.3097686767578,187.9228394923183,185.35193435249073,187.85361573572166,43389500,AAPL
2023-12-05,191.25509643554688,192.2241233156588,188.05135551468544,188.081033613139,66628400,AAPL
2023-12-06,190.16744995117188,192.5801273781731,189.95979375458376,192.2735994925461,41089700,AAPL
2023-12-07,192.09559631347656,192.81742141001197,191.42319951100376,191.46276025185608,47477700,AAPL
2023-12-08,193.51950073242188,193.79636559429088,191.50232520965804,192.0263919187675,53406400,AAPL
2023-12-11,191.0177764892578,191.32431940935732,189.2774811684409,190.94856782781682,60943700,AAPL
2023-12-12,192.5306854248047,192.54056806660662,189.57414602172835,190.9189246189266,52696900,AAPL
2023-12-13,195.74429321289062,195.7838388648497,192.66910200901862,192.90640609677627,70404200,AAPL
2023-12-14,195.89260864257812,197.38570218691584,193.96443748585023,195.80361960949875,66831600,AAPL
2023-12-15,195.35865783691406,196.17935458626624,194.79503045579114,195.3190970971854,128538400,AAPL
2023-12-18,193.6974639892578,194.4291868327445,192.21425301938103,193.8952224343076,55751900,AAPL
2023-12-19,194.73570251464844,194.74558515548247,193.69745188302565,193.96443406555753,40714100,AAPL
2023-12-20,192.64932250976562,195.46741418063525,192.64932250976562,194.69614571593394,52242800,AAPL
2023-12-21,192.50099182128906,194.87413831888384,191.33420648650613,193.90511142023345,46482500,AAPL
2023-12-22,191.43307495117188,193.22281352230834,190.8101216032956,192.99537700889314,37149600,AAPL
2023-12-26,190.88925170898438,191.719846217368,190.6717128965979,191.44298138124012,28919300,AAPL
2023-12-27,190.98812866210938,191.33421726083122,188.95118798803827,190.33552729492325,48087700,AAPL
2023-12-28,191.413330078125,192.4812438348005,191.00791544042355,191.96705978425237,34049900,AAPL
2023-12-29,190.3750762939453,192.2241411947973,189.5840274029703,191.72973752393827,42672100,AAPL
2024-01-02,183.56219482421875,186.33085840634024,181.83178197139316,185.05528848269014,82488700,AAPL
2024-01-03,182.187744140625,183.79950485996184,181.37691491631995,182.15808112880916,58414500,AAPL
2024-01-04,179.87393188476562,181.04071720671112,178.85546161628733,180.11123597031312,71983600,AAPL
2024-01-05,179.152099609375,180.7144169560074,178.15340966673114,179.95304619735901,62379700,AAPL
2024-01-08,183.48309326171875,183.52265400582175,179.46853775144191,180.05193047893468,59144500,AAPL
2024-01-09,183.0677947998047,183.07767744176536,180.68476543102267,181.8614486084712,42841800,AAPL
2024-01-10,184.10604858398438,184.31368968460146,181.86145160567418,182.28664662503843,46792900,AAPL
2024-01-11,183.51275634765625,184.9564217479187,181.56480461990643,184.45212033242825,49128400,AAPL
2024-01-12,183.83905029296875,184.64987951630312,183.11722519297732,183.97748271061099,40477800,AAPL
2024-01-16,181.57469177246094,182.1976301200088,178.90489995610474,180.12114381484557,65603000,AAPL
2024-01-17,180.6353302001953,180.88253205239923,178.28197882705663,179.2411232206481,47317400,AAPL
2024-01-18,186.5187225341797,187.02300881659582,183.75005912545993,184.0071435872404,78005800,AAPL
2024-01-19,189.41592407226562,189.80155831594578,186.70660172518024,187.21088801676132,68903000,AAPL
2024-01-22,191.71986389160156,193.143748944668,190.1081030206995,190.14766376550878,60133900,AAPL
2024-01-23,192.99539184570312,193.55901922053994,191.660511110776,192.83719415255706,42355600,AAPL
2024-01-24,192.32302856445312,194.18199120084623,192.16481576816378,193.23272951111284,53631300,AAPL
2024-01-25,191.99673461914062,194.07323623297103,190.94860116972282,193.03498542605584,54822100,AAPL
2024-01-26,190.2662811279297,192.5800863732271,189.7916578927919,192.09558049769083,44594000,AAPL
2024-01-29,189.5840301513672,190.04877081575225,187.45810037105477,189.86089500402176,47145600,AAPL
2024-01-30,185.93531799316406,189.65324309628332,185.37170567810733,188.80286821503816,55859400,AAPL
2024-01-31,182.3360595703125,185.00585134318092,182.28663127585358,184.94651023142666,55467800,AAPL
2024-02-01,184.76853942871094,184.85752846784007,181.76257176566293,181.93066720224104,64885400,AAPL
2024-02-02,183.76983642578125,185.2332669548565,177.24370243482153,177.84687547061628,102551700,AAPL
2024-02-05,185.579345703125,187.1317803970082,183.75994390321247,186.0440863383638,69668800,AAPL
2024-02-06,187.1812286376953,187.19111127921153,184.67954732588265,184.76853636353553,43490800,AAPL
2024-02-07,187.28997802734375,188.91162125480523,186.49892923853312,188.5062066759397,53439000,AAPL
2024-02-08,186.21221923828125,187.41855040104747,185.25307484073457,187.27023532431497,40962000,AAPL
2024-02-09,186.97454833984375,188.10322646586073,186.13298359451971,186.77652244170517,45155200,AAPL
2024-02-12,185.29144287109375,186.79635226997033,184.93501735839288,186.54883497246297,41781900,AAPL
2024-02-13,183.20237731933594,184.36077144619387,181.68757282391297,183.92513863049606,56529500,AAPL
2024-02-14,182.3212127685547,183.6875129162611,180.62820312290157,183.4796068721132,54630500,AAPL
2024-02-15,182.03411865234375,182.65786706531418,179.5490504680876,181.72719962604296,65434500,AAPL
2024-02-16,180.49949645996094,183.0142804515248,179.86585283584154,181.5984737728991,49752500,AAPL
2024-02-20,179.75694274902344,180.6182980286837,178.2124373755958,179.98465441119404,53665600,AAPL
2024-02-21,180.50938415527344,181.0737156195715,178.8658660184515,180.13315310757224,41371400,AAPL
2024-02-22,182.5390167236328,183.12316891523534,180.6479964148563,181.65785591778803,52292200,AAPL
2024-02-23,180.70741271972656,183.20237592421455,180.42028422645075,183.17267506039363,45119700,AAPL
2024-02-26,179.3609161376953,180.9450175834942,178.85597124394113,180.43019254491847,40867400,AAPL
2024-02-27,180.8163299560547,182.09351248592515,177.77681047698752,179.30152539649055,54318900,AAPL
2024-02-28,179.61831665039062,181.30143093346823,178.34113428414614,180.69748823755316,48953900,AAPL
2024-02-29,178.95497131347656,180.75690414056305,177.74708592784262,179.46981142225187,136682600,AAPL
2024-03-01,177.87582397460938,178.7371792855814,175.61846756104012,177.76691576574171,73563100,AAPL
2024-03-04,173.361083984375,175.14319605787904,172.06408093389737,174.40064432483445,81510100,AAPL
2024-03-05,168.43055725097656,170.33148818677603,167.93552268101038,169.06420089624305,95132400,AAPL
2024-03-06,167.44049072265625,169.53944760498507,167.00485787713032,169.3612273012443,68587700,AAPL
2024-03-07,167.32167053222656,169.0344857697736,166.81674075207243,167.47017484778516,71765100,AAPL
2024-03-08,169.0344696044922,171.97497562938204,167.26225281020422,167.32165453074688,76267000,AAPL
2024-03-11,171.03443908691406,172.6482565736913,170.34139373001014,171.2225546353428,60139500,AAPL
2024-03-12,171.50967407226562,172.30173241116674,169.31171935776177,171.43046672764987,59825400,AAPL
2024-03-13,169.4305419921875,171.4700820663792,169.06420612614593,171.05425482761498,52488700,AAPL
2024-03-14,171.28195190429688,172.57893998999515,170.34138929390355,171.19284931228447,72913500,AAPL
2024-03-15,170.90570068359375,170.90570068359375,168.5988381717502,169.47010369924573,121752700,AAPL
2024-03-18,171.99478149414062,175.94516209588443,171.79677072295308,173.82641511894556,75604200,AAPL
2024-03-19,174.33135986328125,174.85609525037736,171.31164624406932,172.6086342803731,55215200,AAPL
2024-03-20,176.89561462402344,176.89561462402344,173.35116602745083,173.97491429018868,53423100,AAPL
2024-03-21,169.66812133789062,175.72735394947048,169.14338597139206,175.29172116809335,106181300,AAPL
2024-03-22,170.56910705566406,171.33146450930536,168.37115239719608,170.05426688241553,71160100,AAPL
2024-03-25,169.15330505371094,170.2324767040703,167.76719930445816,168.87608692531137,54288300,AAPL
2024-03-26,168.024658203125,169.71766815187948,167.89594436696248,168.31177163695932,57388400,AAPL
2024-03-27,171.58888244628906,171.87601096065072,168.42066417893392,168.7176879462108,60273300,AAPL
2024-03-28,169.77703857421875,170.51959037094832,168.81667037520143,170.0443614510728,65672700,AAPL
2024-04-01,168.34144592285156,169.54933141950085,167.79690490268092,169.48992969134684,46240500,AAPL
2024-04-02,167.1632537841797,167.65828830624176,166.55931106297376,167.40087579338118,49329500,AAPL
2024-04-03,167.96522521972656,168.98499523543435,166.9058590852198,167.11376514661308,47691700,AAPL
2024-04-04,167.14346313476562,170.21266810452119,167.14346313476562,168.59885072968464,53704400,AAPL
2024-04-05,167.8959197998047,168.69787335368648,167.2721714324497,167.90581505219322,42104800,AAPL
2024-04-08,166.77713012695312,167.51968192191484,166.5692240844266,167.3513719945941,37425500,AAPL
2024-04-09,167.98500061035156,168.39093251447707,166.67811742351924,167.02463249925154,42373800,AAPL
2024-04-10,166.11378479003906,167.4107728345435,165.45044033625643,167.12365945587084,49709300,AAPL
2024-04-11,173.3016815185547,173.7175238179071,166.49001666248702,166.66822184170525,91070300,AAPL
2024-04-12,174.7967071533203,176.58872985356905,172.47994902506244,172.52944039553972,101670900,AAPL
2024-04-15,170.97503662109375,174.8759113224836,170.7869210734751,173.61851932570818,73531800,AAPL
2024-04-16,167.69790649414062,172.0343988146065,166.59892920522176,170.04436539186383,73711200,AAPL
2024-04-17,166.3315887451172,168.9552655008738,166.3315887451172,167.9256004082147,50901200,AAPL
2024-04-18,165.38113403320312,166.96525061902096,164.89600984807865,166.36130787024413,43122900,AAPL
2024-04-19,163.3614044189453,164.7474951408098,162.4505426435407,164.55939469854349,68149400,AAPL
2024-04-22,164.19305419921875,165.59895049362888,163.1336881290828,163.87623994630854,48116400,AAPL
2024-04-23,165.24252319335938,165.39104261951863,163.28219064755024,163.70792820716713,49537800,AAPL
2024-04-24,167.34149169921875,167.6187098522012,164.5593998092657,164.8861093338651,48251800,AAPL
2024-04-25,168.20286560058594,168.91571667477083,166.4801396534294,167.84644006349347,50558300,AAPL
2024-04-26,167.6186981201172,169.63843239437367,167.49987955768663,168.19293999888993,44838400,AAPL
2024-04-29,171.7769775390625,174.28185098854456,171.38095596804143,171.64826373021612,68169400,AAPL
2024-04-30,168.63844299316406,173.25216784182598,168.3117184327478,171.6086497890361,65934800,AAPL
2024-05-01,167.6186981201172,170.99483730573115,167.43058257791944,167.8959162536964,50383100,AAPL
2024-05-02,171.3116455078125,171.69777183075684,169.19289835753364,170.79680537480178,94214900,AAPL
2024-05-03,181.55889892578125,185.14294467827904,180.84604787672814,184.7964144073686,163224100,AAPL
2024-05-06,179.90545654296875,182.3707188474722,178.62825898838415,180.53910014061182,78569700,AAPL
2024-05-07,180.58856201171875,183.0637342712393,179.51930088998813,181.6281373821679,77305800,AAPL
2024-05-08,180.92523193359375,181.25195654794928,179.6480343404535,181.03414013837894,45057100,AAPL
2024-05-09,182.73704528808594,182.82614787366472,180.3014688648197,180.74699689996783,48983000,AAPL
2024-05-10,181.47796630859375,183.50044009541958,180.56586910059414,183.31206939842306,50759500,AAPL
2024-05-13,184.68019104003906,185.4931559868038,183.03444380225457,183.84740874901934,72044800,AAPL
2024-05-14,185.82032775878906,186.68286641073877,184.69011878206607,185.89964252722956,52393600,AAPL
2024-05-15,188.09066772460938,189.0126735344407,185.76084369802737,186.29621459797372,70400000,AAPL
2024-05-16,188.20962524414062,189.45881387860598,188.03117836935675,188.83421956137332,52845200,AAPL
2024-05-17,188.2393798828125,189.1713095252472,187.55530322495105,187.8824709799172,41282900,AAPL
2024-05-20,189.3993377685547,190.2717851507536,187.38677266186554,187.70403175639103,44361300,AAPL
2024-05-21,190.69810485839844,191.07483113273048,189.2803778274553,189.44891605266244,42309400,AAPL
2024-05-22,189.26052856445312,191.16405275409193,188.63594934473116,190.61877317517173,34648500,AAPL
2024-05-23,185.2750701904297,189.35968258649532,185.02721720275102,189.3398501117122,51005900,AAPL
2024-05-24,188.34841918945312,188.94327235106317,186.4250777783575,187.19839293954828,36327000,AAPL
2024-05-28,188.3583526611328,191.34249703943843,187.47599667367734,189.86528785982966,52280100,AAPL
2024-05-29,188.65579223632812,190.59896650948673,187.88249204796585,187.98163930401122,53068000,AAPL
2024-05-30,189.6471710205078,190.52952698465035,188.99285067972127,189.12172393667825,49889100,AAPL
2024-05-31,190.5989532470703,190.9162123421418,188.27905284340878,189.7959119633218,75158300,AAPL
2024-06-03,192.3636474609375,193.31540952983562,190.86662095571478,191.24334718637152,50080500,AAPL
2024-06-04,192.68093872070312,193.64260962317667,191.37226754827617,192.9684415601165,47471400,AAPL
2024-06-05,194.18785095214844,195.20900403542353,193.19643901671662,193.72188613227584,54156800,AAPL
2024-06-06,192.809814453125,194.81247106318253,192.50247913295604,194.0094297097739,41181800,AAPL
2024-06-07,195.19908142089844,195.2486550396786,192.4726987931798,192.9783133981505,53103900,AAPL
2024-06-10,191.4614715576172,195.60558138834554,190.49980075281104,195.20900753042525,97010200,AAPL
2024-06-11,205.3709716796875,205.38089548057218,191.96709351098235,191.98691085726122,172373300,AAPL
2024-06-12,211.24014282226562,218.30889945026047,205.1231180281253,205.58908283581826,198134300,AAPL
2024-06-13,212.40011596679688,214.8885546834631,209.7827888470424,212.8958219752939,97862700,AAPL
2024-06-14,210.66514587402344,213.32212283006638,209.48536314811375,212.01346682824212,70122700,AAPL
2024-06-17,214.80921936035156,217.06963733267014,210.8931452933454,211.5375569916551,93728300,AAPL
2024-06-18,212.4496612548828,216.75240063817128,211.1707464886947,215.72132373307375,79943300,AAPL
2024-06-20,207.87924194335938,212.4000929584359,207.05638337080816,212.0927425591543,86172500,AAPL
2024-06-21,205.7080535888672,210.0702597495804,205.3313122387871,208.58314195009936,241805100,AAPL
2024-06-24,206.35247802734375,210.87331399723786,204.8157865138524,205.93608683303725,80727000,AAPL
2024-06-25,207.2744903564453,209.56464939365068,206.8184342324815,207.35378999494392,55549700,AAPL
2024-06-26,211.4185791015625,213.01475280094434,208.83099354238436,209.68360834691896,66213200,AAPL
2024-06-27,212.26129150390625,213.88720639689362,210.52632069800987,212.84622088780682,49772700,AAPL
2024-06-28,208.81118774414062,214.2143951724623,208.49394377490637,213.91696855097956,82542700,AAPL
2024-07-01,214.88853454589844,215.64200216221636,210.10001313722785,210.26855134899324,60402900,AAPL
2024-07-02,218.37831115722656,218.4873670751859,213.25271326862932,214.2936836981781,58046200,AAPL
2024-07-03,219.64730834960938,219.64730834960938,217.14894613859082,218.11061688690268,37369800,AAPL
2024-07-05,224.3961639404297,224.5052198536283,219.7464397478406,219.7464397478406,60412400,AAPL
2024-07-08,225.86346435546875,225.89320550199054,221.3327047505454,225.13972278278513,59085900,AAPL
2024-07-09,226.71607971191406,227.42989753320916,224.4259205051531,225.97252074204383,48076100,AAPL
2024-07-10,230.97915649414062,231.0783037422216,227.28119408246098,227.3307677065015,62627700,AAPL
2024-07-11,225.61558532714844,230.39418222531006,223.8310411032059,229.40277044842458,64710600,AAPL
2024-07-12,228.5601043701172,230.64207551688347,226.71607753741577,226.9540218514806,53046500,AAPL
2024-07-15,232.386962890625,235.1926606193721,231.0882156126273,234.44910163171727,62631300,AAPL
2024-07-16,232.80337524414062,234.2409196318231,230.3347538954296,232.98182214446476,43234300,AAPL
2024-07-17,226.9143524169922,229.47219684306242,224.6935843942369,227.47944931340314,57345900,AAPL
2024-07-18,222.25469970703125,228.46094752609622,220.36111458394757,228.30231800055432,66034600,AAPL
2024-07-19,222.3836212158203,224.85224251867803,221.36246807560826,222.88925101284036,49151500,AAPL
2024-07-22,222.03665161132812,225.8238378140571,221.17411283226946,225.06044629209634,48201800,AAPL
2024-07-23,223.07760620117188,224.9910392063895,220.7676144514488,222.44310313331528,39960300,AAPL
2024-07-24,216.6631622314453,222.86941075843336,215.26528287042115,222.07627816799848,61777600,AAPL
2024-07-25,215.62217712402344,218.95332167523742,212.77681471652627,217.0497975364767,51391200,AAPL
2024-07-26,216.08815002441406,217.6050090608147,214.15488466672127,216.8217851678197,41601300,AAPL
2024-07-29,216.36575317382812,217.41664743865044,213.8971319294418,215.09674706599597,36311800,AAPL
2024-07-30,216.92092895507812,218.43778796730905,214.2639371695869,217.3075789949067,41643800,AAPL
2024-07-31,220.1727752685547,221.89783756706774,218.73523091700034,219.53827220377053,50036300,AAPL
2024-08-01,216.48471069335938,222.55214689360594,215.15622233135366,222.44309097566543,62501000,AAPL
2024-08-02,217.9718475341797,223.66255798049997,215.8403177402066,217.26793834308685,105568600,AAPL
2024-08-05,207.47279357910156,211.6664621054212,194.3167520967801,197.3802115476467,119548600,AAPL
2024-08-06,205.45030212402344,208.18660889381388,199.3432157724579,203.53688424769564,69660500,AAPL
2024-08-07,208.01808166503906,211.8052677945223,204.61753049861642,205.12314519344287,63516400,AAPL
2024-08-08,211.4780731201172,212.36042911915672,207.03655197769595,211.27979376271134,47161100,AAPL
2024-08-09,214.38291931152344,214.91827509282652,210.1495861717322,210.2784745623819,42201600,AAPL
2024-08-12,215.91146850585938,217.8767320905019,213.9958359256548,214.4623401059105,38028100,AAPL
2024-08-13,219.62364196777344,220.23902400333975,217.38044783379533,217.38044783379533,44155300,AAPL
2024-08-14,220.0703125,221.37056313371255,218.06533789669703,218.92887503482297,41960600,AAPL
2024-08-15,223.04795837402344,223.67327566716008,221.1025352094067,222.9288560878089,46414000,AAPL
2024-08-16,224.36807250976562,225.14226768918678,221.98592068094572,222.25391598005478,44340200,AAPL
2024-08-19,224.2092742919922,224.30853630427512,221.38047353975193,224.04054098731652,40687800,AAPL
2024-08-20,224.8246307373047,225.4797235950926,223.77252016614798,224.09014645304697,30299000,AAPL
2024-08-21,224.71546936035156,226.28371522001356,223.37552309496598,224.8345868015738,34765500,AAPL
2024-08-22,222.85935974121094,226.64100861280963,222.2340424758978,226.0950979165247,43695300,AAPL
2024-08-23,225.15219116210938,226.52192810531062,222.66087229355688,223.98097823318813,38677300,AAPL
2024-08-26,225.48963928222656,225.58890128123517,222.22412549030662,225.07276614784877,30602200,AAPL
2024-08-27,226.3333282470703,227.14723425887112,223.21669220638537,224.31843379232603,35934600,AAPL
2024-08-28,224.80479431152344,228.14971479709,224.0008084384826,226.22414704916858,38052200,AAPL
2024-08-29,228.08026123046875,231.18697758967758,227.1770435151196,228.38796742499142,51906300,AAPL
2024-08-30,227.29612731933594,228.68570457235603,225.78743262658827,228.4772755570311,52990800,AAPL
2024-09-03,221.1124725341797,227.29611365629745,219.52437135882835,226.84946493362216,50190600,AAPL
2024-09-04,219.20677185058594,220.12984491677884,215.86183603349318,220.01074262314262,43840200,AAPL
2024-09-05,220.72537231445312,223.80229748015876,219.87177059333374,219.9809527371486,36615400,AAPL
2024-09-06,219.17701721191406,223.5641288078718,218.1348266072838,222.28371844795942,48423000,AAPL
2024-09-09,219.2663116455078,219.62363365317324,215.0975649862482,219.17698492990527,67180000,AAPL
2024-09-10,218.47225952148438,219.83206111139577,215.1174037589381,217.29111136152258,51591000,AAPL
2024-09-11,221.0032958984375,221.43008920211523,216.26878297144034,219.81222755985956,44587100,AAPL
2024-09-12,221.1124725341797,221.88666769221828,218.18442519080247,220.8444772424724,37455600,AAPL
2024-09-13,220.84449768066406,222.37303270856336,220.25889118684435,221.9164638014437,36766600,AAPL
2024-09-16,214.71047973632812,215.60377723416104,212.32832783334672,214.92882889414335,59357400,AAPL
2024-09-17,215.17697143554688,215.28615358843467,212.904016801209,214.14471619981742,45519300,AAPL
2024-09-18,219.04795837402344,221.05293280374121,215.92138686335736,215.9313221513165,59894900,AAPL
2024-09-19,227.16708374023438,228.11002736409566,222.95864123060412,223.31596324984213,66781300,AAPL
2024-09-20,226.50205993652344,231.35567496568984,225.9263736470506,228.25889437635817,318679900,AAPL
2024-09-23,224.7849578857422,227.74278104335218,224.12986496132828,225.64847983003366,54146000,AAPL
2024-09-24,225.67825317382812,227.64353192764617,224.05045616714196,226.94872814757065,43556100,AAPL
2024-09-25,224.68568420410156,225.59883710649478,222.35317851779175,223.2563961324406,42308700,AAPL
2024-09-26,225.82713317871094,226.7998372114188,223.73283210674714,225.60876888531146,36636700,AAPL
2024-09-27,226.09510803222656,227.81224676693589,225.60876359989413,226.76013618443497,34026000,AAPL
2024-09-30,231.26637268066406,231.26637268066406,227.94129216556473,228.32838978012126,54541900,AAPL
2024-10-01,224.52688598632812,227.9412778656533,222.07526286618742,227.81225543239978,63285000,AAPL
2024-10-02,225.0926513671875,225.67825786117984,221.36063294746157,224.2092739820147,32880600,AAPL
2024-10-03,223.9908905029297,225.12240767637772,221.65838486968212,223.46483520314058,34044200,AAPL
2024-10-04,225.1125030517578,226.30357145139808,222.46237094034984,226.20430944090455,37245100,AAPL
2024-10-07,220.04052734375,224.01076551273388,219.68320530273118,222.8296172342201,39505400,AAPL
2024-10-08,224.09017944335938,224.29860847272343,221.58892507419034,222.6311156567822,31855700,AAPL
2024-10-09,227.8321075439453,228.04055170887608,223.1571606453159,223.554178398676,33591100,AAPL
2024-10-10,227.33583068847656,227.7924147414137,225.47974919262126,226.08521111865923,28183500,AAPL
2024-10-11,225.85694885253906,227.7031103866363,225.64850466446404,227.59392822055094,31759200,AAPL
2024-10-14,229.5790252685547,230.00581860221664,226.89911753216435,226.99836439928595,39882100,AAPL
2024-10-15,232.11004638671875,235.7229623804217,230.6410474142004,231.87182665313995,64751400,AAPL
2024-10-16,230.05543518066406,230.3929017691756,228.12986736523644,229.87678174389526,34082200,AAPL
2024-10-17,230.4226837158203,232.11004699556463,228.8048220166126,231.69315867439417,32993800,AAPL
2024-10-18,233.25149536132812,234.4227083661851,232.2688559498539,234.4227083661851,46431500,AAPL
2024-10-21,234.720458984375,235.08771628667242,232.7055644739604,232.7055644739604,36254500,AAPL
2024-10-22,234.10507202148438,234.46239402859047,230.8693336731526,232.14972869721714,38846600,AAPL
2024-10-23,229.04302978515625,233.39044533687328,226.0653512199268,232.33833466706656,52287000,AAPL
2024-10-24,228.85443115234375,229.10257100562325,226.71049918514768,228.26880958821053,31109500,AAPL
2024-10-25,229.6881866455078,231.48471683213373,227.86188088691335,228.03061417648678,38802300,AAPL
2024-10-28,231.6633758544922,232.98348177622344,230.81970938626554,231.5839844241638,36087100,AAPL
2024-10-29,231.93138122558594,232.5864741436605,230.59143496071306,231.36563017470797,35417200,AAPL
2024-10-30,228.387939453125,231.7328600109945,227.8420287171323,230.87925826342104,47070900,AAPL
2024-10-31,224.2291259765625,228.11995749798112,223.69313535160188,227.63359787833264,64370100,AAPL
2024-11-01,221.25143432617188,223.67328184782377,218.6310779402587,219.32586653780092,65276700,AAPL
2024-11-04,220.35812377929688,221.13231895883285,218.0752491010658,219.34572401852256,44944500,AAPL
2024-11-05,221.7873992919922,222.28367900181775,219.49458945583885,220.14968230766976,28111300,AAPL
2024-11-06,221.06285095214844,224.387931303672,219.54423614319148,220.95366880237512,54561100,AAPL
2024-11-07,225.78744506835938,226.18447798056903,222.89910825147632,222.95865940199351,42137700,AAPL
2024-11-08,225.5191650390625,227.20836966100222,224.97265364792685,225.72782337627459,38328800,AAPL
2024-11-11,222.80645751953125,224.26712634517858,220.0937933412938,223.5715733715174,42005600,AAPL
2024-11-12,222.80645751953125,224.15782408060912,221.94198562097503,223.1244332571579,40398300,AAPL
2024-11-13,223.69082641601562,225.2111120360391,221.34580821096,222.58787261698694,48566200,AAPL
2024-11-14,226.77113342285156,227.41700079571672,223.5715745650122,223.5914518391994,44923900,AAPL
2024-11-15,223.57159423828125,225.47940335635096,222.8462328667566,224.96270031544069,47923700,AAPL
2024-11-18,226.57241821289062,228.28149999782985,223.74050538640262,223.8199993254601,44633700,AAPL
2024-11-19,226.8307647705078,228.6988344551977,225.22105418122663,225.53901477922054,36211800,AAPL
2024-11-20,227.54620361328125,228.4702922716314,224.45594670445817,226.61216873586113,35169600,AAPL
2024-11-21,227.06924438476562,228.69883223369175,224.2770861035494,227.42695953023323,42108300,AAPL
2024-11-22,228.41065979003906,229.25526960886552,226.6121530455377,226.6121530455377,38168300,AAPL
2024-11-25,231.39161682128906,231.7692092379923,228.28149797848934,229.99057974831032,90152800,AAPL
2024-11-26,233.56771850585938,234.07449047305911,231.84870566104107,231.84870566104107,45986200,AAPL
2024-11-27,233.43853759765625,234.1937224347506,232.32565277909848,232.9814664022851,33498400,AAPL
2024-11-29,235.82330322265625,236.3002516789311,232.48463370489634,233.3192972938568,28481400,AAPL
2024-12-02,238.0689697265625,239.26134854667043,235.65440375298792,235.76370602927642,48137100,AAPL
2024-12-03,241.10952758789062,241.21882985808793,237.3833345065081,238.28756099978403,38861000,AAPL
2024-12-04,241.4672393798828,242.5602620666903,239.71841824290905,241.32812877991805,44383900,AAPL
2024-12-05,241.4970703125,242.98754766386446,240.59285890906452,242.44105143123323,40033900,AAPL
2024-12-06,241.29832458496094,243.0769692456264,240.5431549096241,241.36788746709487,36870600,AAPL
2024-12-09,245.1835174560547,245.67041216886827,240.21525975684386,240.29475369946152,44649200,AAPL
2024-12-10,246.19705200195312,246.63426111556626,243.78247081974237,245.3226337747269,36914800,AAPL
2024-12-11,244.9251708984375,249.20780656351602,244.69662013013263,246.3858398593606,45205800,AAPL
2024-12-12,246.3858184814453,247.1608653940442,244.1202792424049,245.32260415969785,32777500,AAPL
2024-12-13,246.5547637939453,247.7073880681415,244.676762972136,246.24673423955153,33155300,AAPL
2024-12-16,249.44627380371094,249.7841268474892,246.07779571830554,246.4156487620838,51694800,AAPL
2024-12-17,251.87078857421875,252.2185726786221,248.19428090188288,248.49237939681157,51356400,AAPL
2024-12-18,246.4752655029297,252.6657103008961,246.1672359539693,250.55917390522964,56774100,AAPL
2024-12-19,248.20419311523438,250.400169527173,245.5213371883983,245.92873792847348,60882300,AAPL
2024-12-20,252.87437438964844,253.38113119374523,244.13023820234332,246.46531011815415,147495300,AAPL
2024-12-23,253.6494140625,254.02699130961165,251.84096111600803,253.15258832932108,40858800,AAPL
2024-12-24,256.560791015625,256.57070690893096,253.66924678278625,253.86798918256417,23234700,AAPL
2024-12-26,257.3755798339844,258.44874034869076,255.99442012888886,256.55086249805703,27237100,AAPL
2024-12-27,253.96739196777344,257.05766400729357,251.45345479939442,256.19316170058187,42355300,AAPL
2024-12-30,250.59890747070312,251.890657464443,249.15811581542044,250.6287158030117,35557500,AAPL
2024-12-31,248.8302001953125,251.6720440162376,247.84647977817443,250.83738041728796,39480700,AAPL
2025-01-02,242.3019256591797,247.51859606258614,240.28481431614935,247.34966196417784,55740700,AAPL
2025-01-03,241.81503295898438,242.62981931594805,240.3543640210219,241.81503295898438,40244100,AAPL
2025-01-06,243.4446258544922,245.7598357483754,241.6560500607284,242.75900387005615,45045600,AAPL
2025-01-07,240.6723175048828,243.99110961427562,239.81777667580207,241.4374181829594,40856000,AAPL
2025-01-08,241.1592254638672,242.1628232218062,238.52605495049286,240.38417847646193,37628900,AAPL
2025-01-10,235.34637451171875,238.63535869995312,231.5208099984783,238.48630187104285,61710900,AAPL
2025-01-13,232.91189575195312,233.180185891021,228.26161420500546,232.04742383507855,49630700,AAPL
2025-01-14,231.79904174804688,234.62100862534365,230.99418638589506,233.25971079858908,39435300,AAPL
2025-01-15,236.35987854003906,237.4429702030776,232.94171493841435,233.1503884256181,39832000,AAPL
2025-01-16,226.81089782714844,236.4990004602556,226.58236221549976,235.8432019589194,71759100,AAPL
2025-01-17,228.51995849609375,230.81529094249188,227.0294813062853,230.64637201374376,68488300,AAPL
2025-01-21,221.22657775878906,222.99527628303537,217.9872792040061,222.57794445660952,98070400,AAPL
2025-01-22,222.40902709960938,222.6971793763667,218.39466636780546,218.39466636780546,64126500,AAPL
2025-01-23,222.2401123046875,225.58871322146769,220.88874557201237,223.3132578125695,60234800,AAPL
2025-01-24,221.36569213867188,224.19760513427786,220.00439436057442,223.35299524803202,54697900,AAPL
2025-01-27,228.40074157714844,230.67619691244207,222.55806572164707,222.59782027357136,94863400,AAPL
2025-01-28,236.7473907470703,238.66514594376807,229.3446904229109,229.38444497187513,75707600,AAPL
2025-01-29,237.84042358398438,238.33724933385383,232.52438199561368,232.6336842670617,45486100,AAPL
2025-01-30,236.08164978027344,239.26133146080375,235.7040725307193,237.1547951903121,55658300,AAPL
2025-01-31,234.5017547607422,245.62071750771995,231.95800933839706,245.62071750771995,100959800,AAPL
2025-02-03,226.56248474121094,230.35824094469035,224.2671520837408,228.52992572925916,73063300,AAPL
2025-02-04,231.3220672607422,231.64997406812495,225.21110156992967,225.80729852188347,45067300,AAPL
2025-02-05,230.99415588378906,231.19288314320298,226.82082278842498,227.07916670947125,39620300,AAPL
2025-02-06,231.73939514160156,232.31571480889477,228.9670990724139,229.82163993606684,29925300,AAPL
2025-02-07,226.18492126464844,232.51447718052603,225.81725985814606,231.12337098865854,39707200,AAPL
2025-02-10,226.4534454345703,229.3779949636392,226.005813710008,228.36336710225459,33115600,AAPL
2025-02-11,231.39735412597656,233.99363668198936,226.93096309298542,227.00058728303875,53718400,AAPL
2025-02-12,235.625,235.71453849328682,229.4675323792709,229.98480349517558,45243300,AAPL
2025-02-13,240.26051330566406,241.06625350434595,234.33184765944378,235.66480095549997,53614100,AAPL
2025-02-14,243.31439208984375,244.25939586817944,239.72336558929686,239.981993568851,40896200,AAPL
2025-02-18,243.18508911132812,243.89134891584123,240.56890729516905,242.8667637165237,48822500,AAPL
2025-02-19,243.58294677734375,244.7169542759842,241.88194311867716,243.37405904734027,32204200,AAPL
2025-02-20,244.5379180908203,245.4829218502696,243.00600383864503,243.65259654249155,32316900,AAPL
2025-02-21,244.2593994140625,247.38289505871285,243.93113206298463,244.65729095432025,53197400,AAPL
2025-02-24,245.80125427246094,247.55199828948733,243.1353323966777,243.64264638435856,51326400,AAPL
2025-02-25,245.74156188964844,248.68601093773057,243.62276739789988,246.69652285022872,48013300,AAPL
2025-02-26,239.0966796875,243.69239232640413,237.87314875998453,243.04581476744292,44433600,AAPL
2025-02-27,236.05274963378906,241.1856322165831,235.81400561415145,238.15166004001364,41153600,AAPL
2025-02-28,240.56887817382812,240.8175641664438,228.9900589647863,235.70458076540925,56833400,AAPL
2025-03-03,236.77891540527344,242.74737946323825,234.8690087281554,240.51914741730602,47184000,AAPL
2025-03-04,234.68995666503906,238.80821160759587,233.4465266012979,236.46061504010896,53798100,AAPL
2025-03-05,234.5009765625,235.30671684449462,228.02518284103618,234.18265116889756,47227600,AAPL
2025-03-06,234.09312438964844,236.60982567864426,231.93453157387603,233.207802772317,45170400,AAPL
2025-03-07,237.81346130371094,240.10136041796665,233.5261018066448,233.87426828677374,46273600,AAPL
2025-03-10,226.2843780517578,234.9187645202326,223.04151782981955,234.30201287196223,72071200,AAPL
2025-03-11,219.6792755126953,224.65299583409444,216.3070937419303,222.63366659789358,76137400,AAPL
2025-03-12,215.83956909179688,220.58450266635003,213.78045671174684,218.98296406915986,62547500,AAPL
2025-03-13,208.57791137695312,215.70028194858565,207.3245394208188,214.81496040955514,61368300,AAPL
2025-03-14,212.36790466308594,212.8254784087618,208.4784519318959,210.13967261110687,60107600,AAPL
2025-03-17,212.87521362304688,214.0888025037831,208.8663965620962,212.18883784213668,48073400,AAPL
2025-03-18,211.5720977783203,214.01915944879542,210.37840804794794,213.03437263106773,42432400,AAPL
2025-03-19,214.1086883544922,217.61017604964766,212.62651443867486,213.0940452987452,54385400,AAPL
2025-03-20,212.97470092773438,216.3468825511506,211.10457731145533,212.86527847830126,48862900,AAPL
2025-03-21,217.12278747558594,217.68978368973626,210.16952111998106,210.44804823896536,94127800,AAPL
2025-03-24,219.56985473632812,220.31591279023903,217.43116105321957,219.83843988574125,44299500,AAPL
2025-03-25,222.57398986816406,222.92215637067883,218.9232808837126,219.60965673355645,34493600,AAPL
2025-03-26,220.36563110351562,223.83729303324841,219.31120492080973,222.3352199198642,34466100,AAPL
2025-03-27,222.6734619140625,223.80746952519274,219.40074548587612,220.2263848697343,37094800,AAPL
2025-03-28,216.75469970703125,222.63364006926244,216.5358548246797,220.50488863250547,39818600,AAPL
2025-03-31,220.96249389648438,224.43414081005062,215.09349507460487,215.86939419548492,65299300,AAPL
2025-04-01,222.01690673828125,222.5043215641154,217.74944665223015,218.65466729819107,36412700,AAPL
2025-04-02,222.71322631835938,224.0063965120705,219.85831598824518,220.15674221426906,35905900,AAPL
2025-04-03,202.12203979492188,206.39944211542388,200.19223396809613,204.4596791341039,103419000,AAPL
2025-04-04,187.389892578125,198.82944937179326,186.35535024633944,192.87092693410324,125910900,AAPL
2025-04-07,180.50625610351562,193.12954493623218,173.70219548773406,176.26863687444822,160466300,AAPL
2025-04-08,171.51377868652344,189.3395914266431,168.32065857366717,185.71872345097177,120859500,AAPL
2025-04-09,197.8048553466797,199.55559936553783,170.98654976711688,171.04623198001363,184395900,AAPL
2025-04-10,189.4191436767578,193.7562279640405,182.03814529024513,188.07624843340898,121880000,AAPL
2025-04-11,197.10850524902344,198.4911987157403,185.08205468111316,185.12185293864357,87435900,AAPL
2025-04-14,201.45556640625,211.8207974391945,200.10271391024364,210.32868138530173,101352900,AAPL
2025-04-15,201.07754516601562,202.44033954558066,198.74984792281177,200.7990180691496,51343900,AAPL
2025-04-16,193.24891662597656,199.64511311117855,191.35889396287376,197.31741584829123,59732400,AAPL
2025-04-17,195.94467163085938,197.78495412822454,193.39812938355274,196.16351652823,52164700,AAPL
2025-04-21,192.14474487304688,192.78138039340035,188.81234657174457,192.25416731460396,46742500,AAPL
2025-04-22,198.690185546875,200.53045296496776,194.93999616163734,195.0892017003565,52976400,AAPL
2025-04-23,203.52464294433594,206.9067667134076,201.7341005812904,204.9172785719325,52929200,AAPL
2025-04-24,207.27479553222656,207.73238443559362,201.87334307751462,203.81309077731203,47311000,AAPL
2025-04-25,208.18003845214844,208.6475693809006,205.11622488486222,205.28532955589748,38222300,AAPL
2025-04-28,209.03550720214844,210.38835967290976,206.3696005213303,208.89624364686077,38743100,AAPL
2025-04-29,210.0998992919922,211.12448445804597,207.27481462988695,207.59314001435672,36827600,AAPL
2025-04-30,211.38311767578125,212.45744310704663,205.58375784941018,208.19993964532281,52286500,AAPL
2025-05-01,212.19879150390625,213.43226431553572,207.8020097882055,207.98107159612528,57365700,AAPL
2025-05-02,204.27069091796875,205.9020705063368,201.09745506032002,205.0067917796952,101010600,AAPL
2025-05-05,197.8446502685547,203.0272736250085,197.1682315771274,202.03252954096354,69018500,AAPL
2025-05-06,197.46664428710938,199.5953960373684,195.98448530396325,197.16823320230833,51216500,AAPL
2025-05-07,195.218505859375,198.39174158064424,192.23427392267118,198.1231564563361,68536700,AAPL
2025-05-08,196.45199584960938,198.99853803284546,193.65675249053749,196.68078271707188,50478900,AAPL
2025-05-09,197.4865264892578,199.48595647897335,196.50172445806652,197.95405738682032,36453900,AAPL
2025-05-12,209.95704650878906,210.435160708662,205.93301745006437,210.13634313336473,63775800,AAPL
2025-05-13,212.08859252929688,212.55673652410627,208.17412935394688,209.59847136477597,51909300,AAPL
2025-05-14,211.49098205566406,213.09462076548897,209.74789716231066,211.59057778761635,49325800,AAPL
2025-05-15,210.6144561767578,212.11849916658366,208.71199985896817,210.11643191755599,45029500,AAPL
2025-05-16,210.42518615722656,211.73002236916358,208.9410837213976,211.52084551122164,54737900,AAPL
2025-05-19,207.9550018310547,208.65223273202483,203.45285841572866,207.0884445111699,46140500,AAPL
2025-05-20,206.04258728027344,207.64622592622177,204.2198167548668,206.84938410987283,42496600,AAPL
2025-05-21,201.2914276123047,206.22186440009241,199.91689108628387,204.3592586621154,59211800,AAPL
2025-05-22,200.5643310546875,201.94883789272,198.91088686006037,199.91690559460176,46742400,AAPL
2025-05-23,194.49838256835938,196.91877297523902,192.6955373289648,192.9046989896,78432900,AAPL
2025-05-27,199.4188690185547,199.94677348688452,196.64984031499387,197.51641281084125,56288500,AAPL
2025-05-28,199.62803649902344,201.9289060786693,199.11008702875665,199.79736291846774,45339700,AAPL
2025-05-29,199.15988159179688,203.0046291598645,197.72556941325453,202.77554227533128,51396800,AAPL
2025-05-30,200.05633544921875,201.1619498266407,196.00241099917397,198.5821728136608,70819900,AAPL
2025-06-02,200.9029541015625,201.3312628058232,199.32919584599733,199.48856723355908,35423300,AAPL
2025-06-03,202.46678161621094,202.96480586317466,200.16591202699755,200.55437033168948,46381600,AAPL
2025-06-04,202.0185546875,205.42503857555045,201.30139858491114,202.10819540070028,43604000,AAPL
2025-06-05,199.8372039794922,203.94091870107042,199.35908978394463,202.69585814733983,55126100,AAPL
2025-06-06,203.11419677734375,204.8871617909174,201.2515910514923,202.19783403313102,46607700,AAPL
2025-06-09,200.65394592285156,205.18596915505242,199.22960401477,203.58233063284266,72862600,AAPL
2025-06-10,201.86915588378906,203.54252533508333,199.77746306778945,199.80734330812555,54672600,AAPL
2025-06-11,197.99452209472656,203.69192080198684,197.62598900862739,202.6958722895077,60989900,AAPL
2025-06-12,198.41285705566406,198.890956077424,196.58013147350607,198.29333609984755,43904600,AAPL
2025-06-13,195.67372131347656,199.57822954037988,194.92668495173118,198.94075911963023,51447300,AAPL
2025-06-16,197.6359405517578,197.90487790098294,195.78328974313985,196.52037110088898,43020700,AAPL
2025-06-17,194.86692810058594,197.6060614779548,194.43863454049264,196.4207613301707,38856200,AAPL
2025-06-18,195.80320739746094,196.7893008408277,194.2991796996429,195.16573699325735,45394700,AAPL
2025-06-20,200.20574951171875,200.90298042554332,196.08210930882012,197.45666110928434,96813500,AAPL
2025-06-23,200.70375061035156,201.50059236215068,198.1737943867686,200.83324176458547,55814300,AAPL
2025-06-24,199.50851440429688,202.63610603642124,199.4089034764897,201.78945874554142,54064000,AAPL
2025-06-25,200.76353454589844,202.8651975026319,199.82724651799433,200.65396860223956,39525700,AAPL
2025-06-26,200.20574951171875,201.8392684520338,198.67184150130464,200.63404307360597,50799100,AAPL
2025-06-27,200.28543090820312,202.41697405518968,199.20969672208463,201.09222774816857,73188600,AAPL
2025-06-30,204.3592529296875,206.57048164253425,198.4726031076903,201.211736268348,91912800,AAPL
2025-07-01,206.99880981445312,209.35943993298892,205.32544040497007,205.85334490237685,78788900,AAPL
2025-07-02,211.6005401611328,212.49697770796604,207.31752868499885,208.08449026524102,67941800,AAPL
2025-07-03,212.7061309814453,213.80177506176915,210.97300135818003,211.31165415399877,34955800,AAPL
2025-07-07,209.12037658691406,215.37555986284275,207.97492690746134,211.83958469799765,50229000,AAPL
2025-07-08,209.18014526367188,210.59453234535175,207.62631199643187,209.26980118177752,42848900,AAPL
2025-07-09,210.3056640625,210.49491569520316,206.40115605631001,208.70202548866368,48749400,AAPL
2025-07-10,211.57066345214844,212.63642743345136,209.2000631819418,209.67816220166208,44443600,AAPL
2025-07-11,210.3256072998047,211.29177557167307,209.03074119537857,209.73794232575938,39765800,AAPL
2025-07-14,207.79562377929688,210.07658325197187,206.71988962428105,209.10044482334126,38840100,AAPL
2025-07-15,208.28369140625,211.05270487364396,208.09443976951917,208.39325734338402,42296300,AAPL
2025-07-16,209.32955932617188,211.5606982702429,207.81556132948495,209.46900551017632,47490500,AAPL
2025-07-17,209.19009399414062,210.96305897069354,208.761785269157,209.7379236663323,48068100,AAPL
2025-07-18,210.3455047607422,210.95309492429405,208.87135730762196,210.0367321724359,48974600,AAPL
2025-07-21,211.640380859375,214.92734394651046,210.79374875413163,211.26189276464606,51377400,AAPL
2025-07-22,213.5527801513672,214.1006098348481,211.39135685335447,212.29776458434165,46404100,AAPL
2025-07-23,213.30377197265625,214.29982043425818,211.57065737650467,214.15041924441525,46989300,AAPL
2025-07-24,212.9153289794922,214.83771055173221,212.68624207244096,213.05477516619655,46022600,AAPL
2025-07-25,213.0348358154297,214.38946224202752,212.55672164240056,213.85158759699283,40268800,AAPL
2025-07-28,213.2041778564453,214.00101967144602,212.2180844005514,213.18425263148458,37858000,AAPL
2025-07-29,210.43516540527344,213.96117031669576,209.9869466315705,213.33365491441555,51411700,AAPL
2025-07-30,208.22393798828125,211.5507362671114,206.89919168476044,211.06266703997414,45512500,AAPL
2025-07-31,206.7498016357422,209.01082086651627,206.34141808889078,207.66616446381488,80698400,AAPL
2025-08-01,201.5802764892578,212.73601533219744,200.70374904924734,210.03671752861544,104434500,AAPL
2025-08-04,202.5464630126953,207.0585613783641,200.88304868853191,203.70186769022786,75109300,AAPL
2025-08-05,202.11814880371094,204.52858421879685,201.36115745633876,202.59624780213056,44155100,AAPL
2025-08-06,212.40733337402344,214.52892145014,204.77759854868273,204.81744899810374,108483100,AAPL
2025-08-07,219.16053771972656,219.97730473834642,215.7241736307253,218.01508808955717,90224800,AAPL
2025-08-08,228.44371032714844,230.08718413442585,218.3836152444713,219.95737356583322,113854000,AAPL
2025-08-11,226.53909301757812,228.91238364576833,224.12592192869855,227.27701087414155,61806100,AAPL
2025-08-12,229.0021209716797,230.14888579943394,226.429412881848,227.36674823663387,55626200,AAPL
2025-08-13,232.6717529296875,234.33703985510917,229.77992501054072,230.4181341091737,69878500,AAPL
2025-08-14,232.12330627441406,234.4567012802976,230.19875827485632,233.39969406647393,51916300,AAPL
2025-08-15,230.9366455078125,233.6190590405621,228.69299310222902,233.33985018068216,56038700,AAPL
2025-08-18,230.23863220214844,232.46233685580373,229.46083388892833,231.04634466466607,37476200,AAPL
2025-08-19,229.90956115722656,232.2130419457167,228.70298322789472,230.62753117126795,39402600,AAPL
2025-08-20,225.3723907470703,229.81981519856654,225.13307755654054,229.33119207499826,42263900,AAPL
2025-08-21,224.26551818847656,225.88095827873425,223.14868274098328,225.63166356522294,30621200,AAPL
2025-08-22,227.11744689941406,228.44369658121065,224.77408575714253,225.53193619713707,42477800,AAPL
2025-08-25,226.51914978027344,228.6531118971015,225.59176554347297,225.84106025439092,30983100,AAPL
2025-08-26,228.6630859375,228.84258604761433,224.05612439304167,226.22996704217394,54575100,AAPL
2025-08-27,229.8397674560547,230.24859923631865,227.6160475796746,227.96506627689797,31259500,AAPL
2025-08-28,231.9039306640625,232.75153884501827,228.69301327644948,230.16884905542523,38074700,AAPL
2025-08-29,231.485107421875,232.7216147258446,230.71727541448905,231.85405874294378,39418400,AAPL
2025-09-02,229.0719451904297,230.19876225122124,226.32970313085187,228.6032698757151,44075600,AAPL
2025-09-03,237.79725646972656,238.17618932549604,233.69885053091846,236.5408165177042,66427800,AAPL
2025-09-04,239.10353088378906,239.22318747047024,236.07211403385233,237.7772812570227,47549400,AAPL
2025-09-05,239.01380920410156,240.63921565449175,237.8171975861315,239.3229322237051,54870400,AAPL
2025-09-08,237.20892333984375,239.47250850410185,235.6732593017711,238.62491556233425,48999500,AAPL
2025-09-09,233.6888885498047,238.10638391026913,232.70167593051625,236.33140663047269,66313900,AAPL
2025-09-10,226.1501922607422,231.76431424305812,225.31256565050364,231.53496736029473,83440800,AAPL
2025-09-11,229.3810577392578,229.7998710451417,226.010588238333,226.23995033725743,50208600,AAPL
2025-09-12,233.40968322753906,233.84842918261825,228.373926506362,228.57335925244223,55824200,AAPL
2025-09-15,236.03224182128906,237.5180438551372,234.36695488957946,236.33139853346725,42699500,AAPL
2025-09-16,237.4781494140625,240.53949594661788,235.65332541334,236.51088466190768,63421100,AAPL
2025-09-17,238.3157958984375,239.42266510979977,237.05934071942244,238.2958480596019,46508000,AAPL
2025-09-18,237.20892333984375,240.51954939992544,235.98238232851827,239.29302360434258,44249600,AAPL
2025-09-19,244.8074188232422,245.60516498271895,239.53234916144805,240.5494606794321,163741300,AAPL
2025-09-22,255.35755920410156,255.9160073848096,247.42002368458668,247.5995237986898,105517400,AAPL
2025-09-23,253.7122344970703,256.6140289111009,252.86464151383097,255.15815615601056,60275200,AAPL
2025-09-24,251.5981903076172,255.01852163586054,250.33176892231356,254.49998437943248,42303700,AAPL
2025-09-25,256.14532470703125,256.4444966190252,250.99989343760635,252.49566170312627,55202100,AAPL
2025-09-26,254.73931884765625,256.87328100426123,253.06405044687503,253.38315498635407,46076300,AAPL
2025-09-29,253.7122344970703,254.28063380560434,252.29624220529692,253.8418726304012,40127700,AAPL
2025-09-30,253.9116668701172,255.1980209495745,252.39595068950493,254.1410137555297,37704300,AAPL
2025-10-01,254.72933959960938,258.0599285933123,254.21080232618834,254.32049261064776,48713900,AAPL
2025-10-02,256.40460205078125,257.45162766856953,253.43299812845933,255.85613542550084,42630200,AAPL
2025-10-03,257.2920837402344,258.5086431914624,253.23357360959045,253.9515436206674,49155600,AAPL
2025-10-06,255.96583557128906,258.33912604890287,254.3304629034206,257.2621558739689,44664100,AAPL
2025-10-07,255.75645446777344,256.6738420114173,254.70939836699205,256.0855101139428,31955800,AAPL
2025-10-08,257.3320007324219,257.7906945345413,255.38748958216482,255.79633660873378,36496900,AAPL
2025-10-09,253.32330322265625,257.27213808351553,252.42584836214985,257.08267167133846,38322000,AAPL
2025-10-10,244.5780792236328,255.65673769030235,243.31165772832736,254.22079760361632,61999100,AAPL
2025-10-13,246.96133422851562,248.98560621270488,244.86725241658198,248.67648318296307,38142900,AAPL
2025-10-14,247.07101440429688,248.14796941642882,244.00966795095763,245.90431694508948,35478000,AAPL
2025-10-15,248.63658142089844,251.10959602979932,246.77186176083558,248.78616738422895,33893600,AAPL
2025-10-16,246.7519073486328,248.33741809379524,244.43846029169785,247.54965348458146,39777000,AAPL
2025-10-17,251.5782470703125,252.66518358811555,246.57242016484557,247.3203043073955,49147000,AAPL
2025-10-20,261.50018310546875,263.63416054313814,254.90884523128253,255.168106265739,90483000,AAPL
2025-10-21,262.0286865234375,264.5415968076956,261.0913359303388,261.141213133835,46695900,AAPL
2025-10-22,257.72088623046875,262.1084670888602,254.70938662410154,261.9090191460537,45015300,AAPL
2025-10-23,258.84765625,259.8847307097371,257.2821086816683,259.2066564378435,32754900,AAPL
2025-10-24,262.07855224609375,263.3848541030092,258.44880663072195,260.4531458541269,38253700,AAPL
2025-10-27,268.0516357421875,268.3607587413759,263.9033682058253,264.13273028939324,44888200,AAPL
2025-10-28,268.2410888671875,269.12859257872884,267.39348082722177,268.23110734142335,41534800,AAPL
2025-10-29,268.93914794921875,270.6443152614699,266.35642794866993,268.5203194424725,51086700,AAPL
2025-10-30,270.63433837890625,273.36662916750566,267.72259312931254,271.2226702585742,69886500,AAPL
2025-10-31,269.60723876953125,276.53764389728985,268.4006608909581,276.2085578376442,86167100,AAPL
2025-11-03,268.2909851074219,270.08592548154905,265.4988962118729,269.6571458353552,50194600,AAPL
2025-11-04,269.2781982421875,270.72408938596277,266.86501191822913,267.5730004152706,49274800,AAPL
2025-11-05,269.3778991699219,270.93349568379296,266.17693326929896,267.8521863717013,43683100,AAPL
2025-11-06,269.0089416503906,272.6287059365568,267.1342708755924,267.1342708755924,51204000,AAPL
2025-11-07,267.7126159667969,271.5218466038475,266.0173996929098,269.03885049148494,48227400,AAPL
2025-11-10,268.9303283691406,273.2223721938244,266.9639805623884,268.46119877683986,41312400,AAPL
2025-11-11,274.73956298828125,275.3983427074405,269.2996575494418,269.3096487524697,46208300,AAPL
2025-11-12,272.962890625,275.2187095291286,271.19618380015726,274.49005224267427,48398000,AAPL
2025-11-13,272.4438171386719,276.1868626363035,271.58539619817094,273.6016390736082,49602800,AAPL
2025-11-14,271.90484619140625,275.4482508823214,269.10005949599775,270.5473523374902,47431300,AAPL
2025-11-17,266.9639892578125,269.98836893107386,265.237217022597,268.3214829895084,45018300,AAPL
2025-11-18,266.94403076171875,270.20795552947055,264.8279672087311,269.48928956232544,45677300,AAPL
2025-11-19,268.0619812011719,271.70520656667077,265.0076580872151,265.0376012369211,40424500,AAPL
2025-11-20,265.7562561035156,274.91922505965954,265.42688147061517,270.327749378444,45823600,AAPL
2025-11-21,270.98651123046875,272.8230952896135,265.17732758833057,265.4568071090486,59030800,AAPL
2025-11-24,275.4083557128906,276.48633959077114,270.397645153795,270.397645153795,65585800,AAPL
2025-11-25,276.45635986328125,279.8600396675645,274.7395483878858,274.75950033189645,46914200,AAPL
2025-11-26,277.0353088378906,279.0116481613461,276.11703191175064,276.4464065684995,33431400,AAPL
2025-11-28,278.3328857421875,278.4826014787427,275.4781737009374,276.7458380127342,20135600,AAPL
2025-12-01,282.57501220703125,282.89442609469603,275.62792768573877,277.4944549964911,46587700,AAPL
2025-12-02,285.6592712402344,286.86701880065203,282.10587559562896,282.47518456741903,53669500,AAPL
2025-12-03,283.623046875,288.0847586222564,282.77461708045536,285.6692634925469,43538700,AAPL
2025-12-04,280.179443359375,284.20196835267484,278.07334059490756,283.5731318378766,43989100,AAPL
2025-12-05,278.26300048828125,280.6186397013617,277.53434330937836,280.01974631085085,47265800,AAPL
2025-12-08,277.3746643066406,279.15136205700173,275.6378704438954,277.6142094762677,38211800,AAPL
2025-12-09,276.6659851074219,279.5107061083118,276.4064879695729,277.6441787437343,32193300,AAPL
2025-12-10,278.26300048828125,279.2312028389952,275.92734368017386,277.23491184461454,33038300,AAPL
2025-12-11,277.514404296875,279.07150890817053,273.3022288840155,278.5824273392719,33248000,AAPL
2025-12-12,277.763916015625,278.70217518025987,276.30663218031253,277.38461586894516,39532900,AAPL
2025-12-15,273.6016540527344,279.63046152672615,272.33402020742307,279.63046152672615,50409100,AAPL
2025-12-16,274.1007385253906,274.9891026980292,271.2859911871425,272.3140798989353,37648600,AAPL
2025-12-17,271.33587646484375,275.6478724530811,271.13626563598973,274.50001118897205,50138700,AAPL
2025-12-18,271.68524169921875,273.12257373871984,266.4549687260805,273.1025913325419,51630700,AAPL
2025-12-19,273.1625061035156,274.09077415448866,269.399477884542,271.6453053723066,144632000,AAPL
2025-12-22,270.4674987792969,273.37210596231955,270.00836035897595,272.3539780142796,36571800,AAPL
2025-12-23,271.85491943359375,271.99467443806464,269.06012395403746,270.3377490962612,29642000,AAPL
2025-12-24,273.3022155761719,274.9192064044749,271.69521595033444,271.8349404799371,17910600,AAPL
2025-12-26,272.89300537109375,274.8593534534055,272.35399820928086,273.65160578690546,21521800,AAPL
2025-12-29,273.2523498535156,273.8512128461511,271.8449608988494,272.1843267483383,23715200,AAPL
2025-12-30,272.57354736328125,273.57169281796894,271.77504318392386,272.30405905646904,22139600,AAPL
2025-12-31,271.3558349609375,273.17246717497864,271.24605357156486,272.553621806917,27293600,AAPL
2026-01-02,270.5074462890625,277.32476727085935,268.5011639041959,271.7551282774649,37838100,AAPL
2026-01-05,266.764404296875,271.00652312062255,265.64648609237463,270.1381413175191,45647200,AAPL
2026-01-06,261.87347412109375,267.05385240251036,261.63392891626114,266.5048844877732,52352100,AAPL
2026-01-07,259.84722900390625,263.1910228349833,259.3282042611396,262.7119324450406,48309800,AAPL
2026-01-08,258.55963134765625,258.80916773471864,255.22581364132833,256.5433578451618,50419300,AAPL
2026-01-09,258.8890075683594,259.7274461787287,255.74485516422806,258.5995368285105,39997000,AAPL
2026-01-12,259.7673645019531,260.81540508500296,256.32375036738995,258.679389570116,45263800,AAPL
2026-01-13,260.5658874511719,261.3244878277737,257.9108470550362,258.24022168851656,45730800,AAPL
2026-01-14,259.4779052734375,261.33447181199796,256.23393227813756,259.0087756526009,40019400,AAPL
2026-01-15,257.7311706542969,260.55593980217856,256.57331808587395,260.16664839115424,39388600,AAPL
2026-01-16,255.05612182617188,258.41986733264514,254.4572284259222,257.4217218192236,72142800,AAPL
2026-01-20,246.2425079345703,254.31750190322293,242.9685916985444,252.26132447540706,80267500,AAPL
2026-01-21,247.1907501220703,251.09350304772093,244.72532928784554,248.23880604127606,54641700,AAPL
2026-01-22,247.8894500732422,250.53452965267718,247.68980878155546,248.737864640942,39708300,AAPL
2026-01-23,247.58001708984375,248.94748685874615,244.22624741136653,246.86136630134166,41689000,AAPL
2026-01-26,254.93637084960938,256.08423219515316,249.33677343540953,251.01365072947274,55969200,AAPL
2026-01-27,257.7910461425781,261.4642450011371,257.73115984508394,258.6894015269614,49648300,AAPL
2026-01-28,255.96444702148438,258.3799421919039,254.03801819206552,257.1721946066941,41288000,AAPL
2026-01-29,257.801025390625,259.16847988830324,253.93820707645818,257.52154586161765,67253000,AAPL
2026-01-30,258.99884033203125,261.4143357105436,251.71235892004358,254.6968198516284,92443400,AAPL
2026-02-02,269.50927734375,269.98836769074944,258.72928762151224,259.5477742456141,73913400,AAPL
2026-02-03,268.98028564453125,271.3758289780004,267.11372779647115,268.70080609664296,64394700,AAPL
2026-02-04,275.97723388671875,278.432693698261,271.7850411492978,271.7850411492978,90545700,AAPL
2026-02-05,275.3983459472656,278.98168486317746,272.72332314901723,277.6142303156022,52977400,AAPL
2026-02-06,277.6042175292969,280.3890519626743,276.4164219647768,276.6060720438839,50453400,AAPL
2026-02-09,274.3672180175781,277.9439398399519,271.4499228389202,277.6541982366954,44623400,AAPL
2026-02-10,273.4280700683594,275.11651686144285,272.68876099546605,274.6369782150198,34376900,AAPL
2026-02-11,275.24639892578125,279.92208361183503,274.1973776592452,274.44714753122867,51931300,AAPL
2026-02-12,261.4891052246094,275.46621856633783,259.94051360693726,275.3363333447182,81077200,AAPL
2026-02-13,255.5445556640625,261.9886306947134,255.21485759663088,261.7688319830923,56290700,AAPL
2026-02-17,263.6371154785156,266.0449008431299,255.30478047881587,257.8124646511843,58469100,AAPL
2026-02-18,264.106689453125,266.57441720150126,262.20844437502524,263.35737977838915,34203300,AAPL
2026-02-19,260.3401184082031,264.2365527856389,259.81060750150084,262.35827847824623,30845300,AAPL
2026-02-20,264.3364562988281,264.5063132392292,257.9223826043077,258.73163460792017,42070500,AAPL
2026-02-23,265.9349670410156,269.1819753311392,263.13755670993424,263.24744081710827,37308200,AAPL
2026-02-24,271.8895263671875,274.6369951599546,267.46358073991865,267.61343657617186,47014600,AAPL
2026-02-25,273.97760009765625,274.6869380517792,270.8005039088116,271.5298429675081,33714300,AAPL
2026-02-26,272.6987609863281,275.8558253670768,270.55071567552415,274.6969199809464,32345100,AAPL
2026-02-27,263.93682861328125,272.5588900215503,262.6480379442022,272.5588900215503,72366500,AAPL
2026-03-02,264.476318359375,266.2846497598317,259.960490133898,262.16844722421786,41827900,AAPL
2026-03-03,263.5072326660156,265.31556422164516,259.8905695547566,263.23749216234586,38568900,AAPL
2026-03-04,262.2783508300781,265.9050144519466,261.179387723623,264.4063951364299,39803100,AAPL
2026-03-05,260.0504150390625,261.3192350446657,257.01320478174756,260.54995479568396,49658600,AAPL
2026-03-06,257.2229919433594,258.53178361058343,254.13584003818684,258.39192833924307,41120000,AAPL
2026-03-09,259.6407775878906,260.9095975388004,253.44647267699952,255.45463216869055,38218500,AAPL
2026-03-10,260.58990478515625,262.2384104290217,256.71350175461305,257.4128391437035,30590800,AAPL
2026-03-11,260.5699157714844,261.888707997661,259.3110658747261,260.8496568052655,26218900,AAPL
2026-03-12,255.52456665039062,258.71164792954545,253.94601921584928,258.4219063383753,40794000,AAPL
2026-03-13,249.8897705078125,256.0940459350445,249.29033192864068,255.24483747003174,36930000,AAPL
2026-03-16,252.58729553222656,253.6563027081548,249.6499992581203,251.87794235419486,32074200,AAPL
2026-03-17,253.99598693847656,254.89516767044782,251.94787083452104,252.72716690012706,32361600,AAPL
2026-03-18,249.70994567871094,254.70534343896443,248.7708084606242,252.3974721128864,35757900,AAPL
2026-03-19,248.73085021972656,251.5982036354298,247.0723745163624,249.17043241392184,34864100,AAPL
2026-03-20,247.76173400878906,248.97061168291066,245.77356028907465,247.7517334570195,88331100,AAPL
2026-03-23,251.25851440429688,254.3656523266213,250.0496214753341,253.73622734962268,40546100,AAPL
2026-03-24,251.4083709716797,254.5954370944537,249.32029842391177,250.1195650925759,45152300,AAPL
2026-03-25,252.38746643066406,254.76528059453105,251.3684162845015,253.86611511385965,28476700,AAPL
2026-03-26,252.6572265625,256.76344411909713,250.53918279672283,251.88793104116345,41796700,AAPL
2026-03-27,248.57098388671875,255.2548282141602,247.8416601166152,253.666280215245,47900000,AAPL
2026-03-30,246.40298461914062,250.63907198816298,245.28400520065438,249.83982057534305,39446200,AAPL
2026-03-31,253.55638122558594,255.24482803058763,246.87255213324852,247.6818040942864,49598100,AAPL
2026-04-01,255.3946990966797,255.94418062939917,253.096813183035,253.8461228128272,40059400,AAPL
2026-04-02,255.68443298339844,255.89424639361263,250.4192795609811,253.96601496217014,31289400,AAPL
2026-04-06,258.6217041015625,261.9186847371787,256.2239194053331,256.27389167390277,29329900,AAPL
2026-04-07,253.26666259765625,255.96418954301222,245.47383916108728,255.92421782448065,62148000,AAPL
2026-04-08,258.66168212890625,259.51090582044134,256.29386854025813,258.2121146377317,41032800,AAPL
2026-04-09,260.2502136230469,260.879638597066,255.8342992320816,258.7615948993736,28121600,AAPL
2026-04-10,260.240234375,261.94865175168746,258.78155637925676,259.7406946341393,31291500,AAPL
2026-04-13,258.96142578125,259.9405042051452,256.4237552437805,259.49093671136296,36234700,AAPL
2026-04-14,258.59173583984375,261.68888841493145,256.9532612999924,259.01136264890187,48370700,AAPL
2026-04-15,266.18475341796875,266.3146386359468,257.57269269729437,257.92237663273806,49913500,AAPL
2026-04-16,263.15753173828125,266.91408037974617,261.0294875448873,266.55439590858066,43323100,AAPL
2026-04-17,269.98126220703125,272.0493335842862,266.47448343207725,266.7142527536172,61436200,AAPL
2026-04-20,272.79864501953125,274.0275237795767,270.04120633500696,270.08114756253855,36590200,AAPL
2026-04-21,265.9250183105469,272.5488901425708,265.1557075406741,271.250098918132,50209800,AAPL
2026-04-22,272.9185791015625,273.48803128351057,266.62435952726383,267.5734973129919,43249200,AAPL
2026-04-23,273.1783142089844,275.5161566987003,271.39995382845746,274.79681820267325,33399600,AAPL
2026-04-24,270.81048583984375,272.80864483253174,269.4017800912603,272.50893317942314,38157100,AAPL
2026-04-27,267.3636474609375,268.1129570778125,264.8260075108844,265.84505761361925,41466800,AAPL
2026-04-28,270.4608154296875,272.97851539952296,268.4127145556596,272.0893199684016,40018900,AAPL
2026-04-29,269.92132568359375,270.7905199823619,266.7942019267937,267.3037117460274,30047900,AAPL
2026-04-30,271.1002502441406,275.7459641951834,267.893213328058,270.25102650288807,91848200,AAPL
2026-05-01,279.88214111328125,286.95561044034525,278.1137509144006,278.6032901046287,79915400,AAPL
2026-05-04,276.5751647949219,280.3716851917065,274.60697695873915,279.4025768563376,46668400,AAPL
2026-05-05,283.9184265136719,284.30808218316156,276.2455026895375,276.6750995896243,49311700,AAPL
2026-05-06,287.245361328125,287.76487170009636,280.8112868075762,281.66051049385584,58336100,AAPL
2026-05-07,287.1754150390625,291.8611003514943,285.5169394038565,289.00371711581823,45224300,AAPL
2026-05-08,293.0500183105469,294.4886952888782,289.7330669166447,289.7430674686918,52692800,AAPL
2026-05-11,292.67999267578125,293.8800048828125,290.2300109863281,291.9800109863281,42247300,AAPL
2026-05-12,294.79998779296875,295.2699890136719,292.55999755859375,292.55999755859375,45748100,AAPL
2026-05-13,298.8699951171875,300.9200134277344,293.5,293.5,52684300,AAPL
2026-05-14,298.2099914550781,300.45001220703125,295.3800048828125,299.82000732421875,35324900,AAPL
2026-05-15,300.2300109863281,303.20001220703125,296.5199890136719,297.8999938964844,54862800,AAPL
2026-05-18,297.8399963378906,300.6600036621094,294.9100036621094,300.239990234375,34483000,AAPL
2026-05-19,298.9700012207031,300.510009765625,296.3500061035156,296.9700012207031,42243600,AAPL
2026-05-20,302.25,302.79998779296875,298.0799865722656,298.17999267578125,38229800,AAPL
2026-05-21,304.989990234375,305.5400085449219,300.3999938964844,301.05999755859375,42965100,AAPL
2026-05-22,308.82000732421875,311.3999938964844,305.8399963378906,306.1199951171875,43627900,AAPL
2023-01-03,232.94830322265625,238.94751264480263,230.82863903746193,236.35142140884878,25740000,MSFT
2023-01-04,222.7583465576172,226.42397945527185,219.70526469993285,225.85031465735742,50623400,MSFT
2023-01-05,216.1563262939453,221.25128535832076,215.62154764960167,220.9109676292611,39585600,MSFT
2023-01-06,218.70379638671875,219.51082327228505,213.27826716927703,216.8272270587664,43613600,MSFT
2023-01-09,220.8331298828125,224.8390950379593,220.1427915656861,220.181677805299,27369800,MSFT
2023-01-10,222.51527404785156,224.90717117777552,221.03734458217542,221.4554347527597,27033900,MSFT
2023-01-11,229.24368286132812,229.41869318128585,224.7126722056439,224.88768252560166,28669300,MSFT
2023-01-12,231.9078826904297,233.25940599267489,227.09490487805533,228.74784480479596,27269500,MSFT
2023-01-13,232.60792541503906,232.7440495138857,228.41723190438844,230.4396576846913,21333300,MSFT
2023-01-17,233.6969757080078,234.2414722028024,230.52720494179857,231.38285076871398,29831300,MSFT
2023-01-18,229.28260803222656,235.67075285086767,229.0006419678325,234.883176604496,30028700,MSFT
2023-01-19,225.51002502441406,229.00066284863416,224.2946258083473,227.30882179875937,28623000,MSFT
2023-01-20,233.570556640625,234.07616685941196,228.0186065956563,228.35892430446629,35389800,MSFT
2023-01-23,235.86521911621094,238.38352255893335,233.0163158336519,234.4261906970003,31934000,MSFT
2023-01-24,235.3401641845703,237.19729766623655,233.7844621578948,235.78743760454404,40234400,MSFT
2023-01-25,233.9497528076172,236.5652941592754,224.50852565701223,227.98943061234027,66526600,MSFT
2023-01-26,241.1351776123047,241.43659421049372,235.30126202491022,236.90558287687787,33454500,MSFT
2023-01-27,241.29078674316406,242.91455836670545,239.99760015608618,242.09781362847204,26498900,MSFT
2023-01-30,235.9916229248047,238.80162509755758,235.4957305884033,237.74178578895192,25867400,MSFT
2023-01-31,240.950439453125,241.08656355946167,236.22496713827303,236.7111267803919,26541100,MSFT
2023-02-01,245.75372314453125,248.1164521150048,238.67523924937854,241.13520609235906,31259900,MSFT
2023-02-02,257.2757263183594,257.36323150604915,250.12917259535388,251.65572121722164,39940400,MSFT
2023-02-03,251.19871520996094,256.8867894598402,249.98331599728726,252.35577763425286,29077300,MSFT
2023-02-06,249.6624298095703,251.15007723406973,247.72752379068612,250.31389683270552,22518000,MSFT
2023-02-07,260.1537170410156,261.33021493867875,252.88075890318808,253.31831440266953,50841400,MSFT
2023-02-08,259.3467102050781,269.09907056810056,258.8410852318201,265.63761659917793,54686000,MSFT
2023-02-09,256.3228454589844,266.39609026500864,255.5255363984652,266.2210502148411,42375100,MSFT
2023-02-10,255.8172607421875,256.7798475306488,253.44479884068832,254.2907120393768,25818500,MSFT
2023-02-13,263.8096618652344,266.99886776795535,259.75507760072225,260.23153420322126,44630900,MSFT
2023-02-14,264.6361389160156,267.35862090148964,261.82612208741193,265.12229853290944,37047900,MSFT
2023-02-15,262.5209655761719,263.8953733913227,259.46022127566107,261.54621079213484,28922400,MSFT
2023-02-16,255.53195190429688,260.00607263961115,255.28826321666222,257.35473852825965,29603600,MSFT
2023-02-17,251.54519653320312,253.5239473924271,249.53720422274546,252.8416369479222,30000100,MSFT
2023-02-21,246.291259765625,249.04007506409081,245.23852294112166,248.0555633319736,28397400,MSFT
2023-02-22,245.1605682373047,247.9191260368641,244.02010693477206,247.67543734298337,22491100,MSFT
2023-02-23,248.3382568359375,250.35599131241563,244.15655088158258,249.1083064975943,29219100,MSFT
2023-02-24,242.92835998535156,244.66342210762315,241.8366395147742,243.649683795455,24990900,MSFT
2023-02-27,243.8446502685547,246.43750145661366,243.09408495125825,246.08658915391715,21190000,MSFT
2023-02-28,243.12330627441406,245.14105556625483,242.4507231771338,242.7821510664902,22491000,MSFT
2023-03-01,240.05284118652344,244.59518672884,239.58494822729267,244.4294802167035,27565300,MSFT
2023-03-02,244.77064514160156,245.05331745079246,239.4094944705545,240.32576623774196,24808200,MSFT
2023-03-03,248.84510803222656,249.16677885152734,245.04357084699137,245.82337754163785,30760100,MSFT
2023-03-06,250.38525390625,253.55320692008516,249.517722752789,249.956359426143,24109800,MSFT
2023-03-07,247.73388671875,251.18452648625785,246.99307854410944,249.82960325303648,21473200,MSFT
2023-03-08,247.2952880859375,248.11407854265232,244.47824732823858,247.62670114600144,17340200,MSFT
2023-03-09,245.95010375976562,253.00731800229747,245.22877995450497,249.36174508099094,26653400,MSFT
2023-03-10,242.31427001953125,246.40823683070676,241.3492723748031,244.74141460422547,28333900,MSFT
2023-03-13,247.50970458984375,251.3989810865607,239.5264614444424,241.15429996225072,33339700,MSFT
2023-03-14,254.20626831054688,254.47919841708625,249.40072024994075,250.26825127577843,33620300,MSFT
2023-03-15,258.7389831542969,259.75273673668795,252.66624847671767,253.41682890427984,46028000,MSFT
2023-03-16,269.2272644042969,269.57816182335324,256.6334203873444,258.514689849532,54768800,MSFT
2023-03-17,272.37567138671875,276.1772083863334,269.3441988521381,271.23522516040924,69527400,MSFT
2023-03-20,265.3574523925781,270.47491398328793,263.0375317119125,269.9875366889346,43466600,MSFT
2023-03-21,266.8683776855469,268.0575797747977,262.7159125670362,267.94061395407743,34558700,MSFT
2023-03-22,265.41595458984375,273.9450578612845,265.3087161087697,266.4979179833595,34873300,MSFT
2023-03-23,270.650390625,273.9645506194871,268.25250241830935,270.92332074814243,36610900,MSFT
2023-03-24,273.48687744140625,273.54536033168523,268.330417802735,270.2409282951902,28172000,MSFT
2023-03-27,269.4027099609375,274.35445077052975,268.56440544663616,273.41869458351096,26840200,MSFT
2023-03-28,268.2817077636719,269.16873798129603,265.18196566074795,268.82756793649463,21878600,MSFT
2023-03-29,273.42840576171875,274.0425058819728,271.38141527658803,271.91751837517444,25087000,MSFT
2023-03-30,276.8790588378906,277.27871183195333,274.3739618829966,277.054537290587,25053400,MSFT
2023-03-31,281.0216979980469,281.9672110110336,275.85551127583807,276.56709273827806,32766000,MSFT
2023-04-03,279.978759765625,280.9924830784479,276.7815660353918,279.28666261801845,24883300,MSFT
2023-04-04,279.9300537109375,283.1175206876223,278.4581943099055,279.9788092952923,25824300,MSFT
2023-04-05,277.1617126464844,279.90077062602654,275.7775778065867,278.63360157573726,22064800,MSFT
2023-04-06,284.2384338378906,284.70629698554035,274.9100256186965,276.0602288528665,29770300,MSFT
2023-04-10,282.0842590332031,282.28894917802717,277.52238471849756,281.90878059048885,23103000,MSFT
2023-04-11,275.68988037109375,278.76038171504166,274.52994955434735,278.53617740745267,27276600,MSFT
2023-04-12,276.33319091796875,279.7643463826104,274.8418174679427,277.6003898328518,27403400,MSFT
2023-04-13,282.52288818359375,282.58137108364906,276.02129123451107,276.4306715348985,24222700,MSFT
2023-04-14,278.9163513183594,281.1972739689878,276.5281901717606,279.75462616341997,20987900,MSFT
2023-04-17,281.5091247558594,284.238455563406,278.9357880056503,282.61060224538903,23836200,MSFT
2023-04-18,281.0899658203125,284.39439803515654,279.7643139062447,284.2091922902282,20161800,MSFT
2023-04-19,281.1679992675781,281.7528282776957,277.3567049001675,278.7700813374877,17150300,MSFT
2023-04-20,278.8870849609375,281.73338210050423,277.88308869454204,278.0488101013178,23244400,MSFT
2023-04-21,278.5459289550781,279.0430336532182,275.9140792116014,277.81486288712955,21676400,MSFT
2023-04-24,274.6566162109375,277.75635870948304,271.6836263278282,274.9685448486902,26611000,MSFT
2023-04-25,268.4669494628906,274.49092630001803,268.41819388016194,272.45369257019934,45772200,MSFT
2023-04-26,287.91326904296875,292.00725036990406,285.33993229955405,289.2097093535968,64599200,MSFT
2023-04-27,297.13446044921875,297.4951446738083,287.79632356423065,288.4981481341887,46462600,MSFT
2023-04-28,299.5032043457031,301.13102839340746,295.6529105371697,296.3352508757217,36469600,MSFT
2023-05-01,297.84600830078125,300.80927056527844,297.44635535169203,299.2204158338492,21294100,MSFT
2023-05-02,297.6997985839844,301.37461262601437,296.23766672018985,299.9904777866923,26404400,MSFT
2023-05-03,296.71533203125,300.819041090019,296.4131604465873,298.8792887083803,22360800,MSFT
2023-05-04,297.6997985839844,299.9904777866923,295.7405323674121,298.50883179320516,22519900,MSFT
2023-05-05,302.80755615234375,304.09423955747224,296.58861610804354,298.00202238980415,28197100,MSFT
2023-05-08,300.8580322265625,302.36891985995953,298.3626625741606,302.30067989163814,21318600,MSFT
2023-05-09,299.24969482421875,302.2129574604757,298.5771116971217,300.22444953048654,21340800,MSFT
2023-05-10,304.4256286621094,305.09821176430125,299.9027824610233,300.8287815493971,30078000,MSFT
2023-05-11,302.28118896484375,303.26570080657984,298.5284068792122,302.2714616451602,31680200,MSFT
2023-05-12,301.169921875,302.8075024197668,298.85975829449876,302.7100210129512,19774700,MSFT
2023-05-15,301.64752197265625,302.07641633631226,299.8247358006917,301.29662462810876,16336500,MSFT
2023-05-16,303.8699645996094,305.79023219423584,302.0081798964215,302.0081798964215,26730300,MSFT
2023-05-17,306.74200439453125,307.1620579462641,303.55734856697217,305.07153876896376,24315000,MSFT
2023-05-18,311.1576232910156,311.6656229362175,306.468583842939,307.2598588771496,27276000,MSFT
2023-05-19,310.98175048828125,311.38227715164794,309.05728471229986,309.4187276052405,27546700,MSFT
2023-05-22,313.756103515625,315.1335157612651,310.65939292099665,311.2357518358931,24115700,MSFT
2023-05-23,307.97296142578125,315.26051959828607,307.9631830299581,312.63269496953484,30797200,MSFT
2023-05-24,306.5955505371094,309.1842914063532,305.38419212471825,307.45521463229585,23384900,MSFT
2023-05-25,318.3865661621094,319.3438949651791,312.6033903237595,315.7684901108892,43301700,MSFT
2023-05-26,325.1954650878906,325.69365647680604,316.39371620012895,316.5304646832212,36630600,MSFT
2023-05-30,323.5542907714844,327.9795816142876,322.8802372817965,327.4813902004807,29503100,MSFT
2023-05-31,320.79949951171875,328.1749743960477,319.76397327421006,324.60934766264484,45950600,MSFT
2023-06-01,324.8926086425781,325.82066191290807,317.2143019258067,318.3963251868189,26773900,MSFT
2023-06-02,327.6474304199219,329.6988961808169,324.86330044529166,326.5240179212979,25873800,MSFT
2023-06-05,328.1750183105469,330.7344543387303,326.9246056779921,327.471659341473,21307100,MSFT
2023-06-06,325.9671325683594,327.6180713778492,324.49205579861786,327.57898761210754,20396200,MSFT
2023-06-07,315.9052429199219,326.7584266923508,315.04557889593144,323.9840754044963,40717100,MSFT
2023-06-08,317.7418212890625,319.0899281933469,315.8759662068324,316.45232513607897,23277700,MSFT
2023-06-09,319.2364501953125,322.3624661949436,316.9114577219513,317.47803824659906,22529000,MSFT
2023-06-12,324.1794738769531,324.42369526305714,317.64410719983425,320.98503906691633,24260300,MSFT
2023-06-13,326.5630798339844,329.1909043563213,322.75323214002157,326.738912078587,22951300,MSFT
2023-06-14,329.54254150390625,331.20325873096044,325.11725150881233,326.6118850882896,26003800,MSFT
2023-06-15,340.05389404296875,341.7536655006573,329.40584662971514,329.679373413851,38899100,MSFT
2023-06-16,334.41717529296875,343.3459224105444,334.04598387273194,343.19939555884866,46552000,MSFT
2023-06-20,330.2362060546875,334.1730543177765,328.0968239407517,331.4670916030304,26375400,MSFT
2023-06-21,325.8499450683594,329.923570971666,324.3943951235906,328.59499110748806,25117800,MSFT
2023-06-22,331.8577575683594,332.2582841920234,325.6350018399905,326.3969713207667,23556800,MSFT
2023-06-23,327.2762451171875,330.14829153594474,325.74255718498046,326.63149696071275,23146900,MSFT
2023-06-26,321.0045471191406,328.34093617153155,320.89707422323846,326.00619557719705,21520600,MSFT
2023-06-27,326.8365783691406,328.38004429209786,321.68837287006505,324.18919728458985,24354100,MSFT
2023-06-28,328.0870361328125,330.1678072397065,326.0941811528345,326.92453987884056,20259500,MSFT
2023-06-29,327.3055114746094,328.3410078355039,324.93168659890875,326.97337394490575,16997000,MSFT
2023-06-30,332.6686096191406,334.80799133337183,329.40581549810116,329.94309061938924,26832800,MSFT
2023-07-03,330.1775817871094,333.0203226963317,328.7904208148886,331.3498565292041,12508700,MSFT
2023-07-05,330.3338623046875,333.7529619318794,326.99293022093957,327.3445947298887,18172400,MSFT
2023-07-06,333.3817443847656,335.0619888415349,327.7451250968569,329.50350728576706,28161200,MSFT
2023-07-07,329.4253845214844,333.8897591570252,329.210468483103,331.47685037654594,21214800,MSFT
2023-07-10,324.1599426269531,327.48137758941004,320.0179571321777,326.8659348779879,32791400,MSFT
2023-07-11,324.78515625,325.1661261312258,319.441590831674,323.4077439781263,26698200,MSFT
2023-07-12,329.40582275390625,333.75294560855826,327.91118903960694,328.8196854554752,29995300,MSFT
2023-07-13,334.7395935058594,335.79461674267833,331.1837159282275,331.711242452727,20567200,MSFT
2023-07-14,337.2599792480469,343.3069035731136,336.35148278353853,339.55566639937143,28352700,MSFT
2023-07-17,337.7386474609375,338.9695029653532,334.29024270759476,337.689785296776,20363900,MSFT
2023-07-18,351.1805725097656,358.30207642907544,334.26093764915,337.8363124834503,64738600,MSFT
2023-07-19,346.87255859375,354.08197977472815,344.293595867751,353.38839928042864,39732900,MSFT
2023-07-20,338.852294921875,349.6957307761419,337.3869665581141,345.3974402048797,33778400,MSFT
2023-07-21,335.8239440917969,342.20300571747845,331.97501253322577,341.07959326630163,69405400,MSFT
2023-07-24,337.1329040527344,338.9010940432824,334.3976368740866,337.8558195166584,26678100,MSFT
2023-07-25,342.8673095703125,343.7562790203098,337.09391224924093,339.0867373558683,41637700,MSFT
2023-07-26,329.96258544921875,336.7031188576935,325.4102957060048,333.54776814346803,58383700,MSFT
2023-07-27,323.0755920410156,333.4403334728924,321.4441800463063,332.61000460063315,39635300,MSFT
2023-07-28,330.54876708984375,332.1508737419497,325.46897998950345,325.95742277677743,28484900,MSFT
2023-07-31,328.1554260253906,329.8942812123279,325.6545714457516,329.13231163180893,25446000,MSFT
2023-08-01,328.565673828125,330.7148339075202,325.9867115450311,327.4422614370604,18311900,MSFT
2023-08-02,319.92999267578125,325.9183054002414,318.81632892578153,325.9183054002414,27761300,MSFT
2023-08-03,319.1094055175781,322.25497786737617,318.41582519365545,318.46465754141326,18253700,MSFT
2023-08-04,320.20355224609375,327.393445572908,319.67602568873457,324.20878906184083,23741500,MSFT
2023-08-07,322.4797058105469,323.4565914550908,319.94957556864017,320.7799343289393,17741500,MSFT
2023-08-08,318.5135192871094,321.151122177393,315.5340303066097,319.4024887084689,22327600,MSFT
2023-08-09,314.7818603515625,319.5490370786911,313.629112676302,318.92384579160165,22373300,MSFT
2023-08-10,315.4656677246094,320.6724848006537,313.75611788086866,318.48424072838094,20113700,MSFT
2023-08-11,313.59002685546875,314.9576606059445,311.83161505156005,312.8573627235517,24355500,MSFT
2023-08-14,316.5500183105469,316.56954529016974,312.6815298680751,313.9612774318456,18836100,MSFT
2023-08-15,314.42034912109375,317.5756999823602,313.48254739923874,315.53401288819225,16966300,MSFT
2023-08-16,313.6568298339844,317.5922437105838,313.0694515072215,314.0484054267254,20698900,MSFT
2023-08-17,310.2109069824219,315.09587723168505,309.5549947446499,313.7938817302348,21257200,MSFT
2023-08-18,309.8193359375,311.679342341884,304.99307058455463,307.8711973932979,24755000,MSFT
2023-08-21,315.1056823730469,315.9769357985516,310.3675491383052,311.23880256380994,24040000,MSFT
2023-08-22,315.6734619140625,319.2172702035748,314.69450802744353,318.6494900944686,16084600,MSFT
2023-08-23,320.117919921875,322.2716304158125,316.65241480901244,317.00485374224843,21166400,MSFT
2023-08-24,313.2358703613281,325.97206974501347,313.22607126255105,325.8448009621162,23281400,MSFT
2023-08-25,316.1824951171875,318.5123799630537,312.09044570865603,314.70426538436715,21684100,MSFT
2023-08-28,316.8873596191406,319.285778523708,314.94902032407407,318.8061007178544,14808500,MSFT
2023-08-29,321.4982604980469,322.056271402599,315.1056925945481,315.1056925945481,19284600,MSFT
2023-08-30,321.8702392578125,322.86876141280084,319.57949087262745,321.75276957784916,15222100,MSFT
2023-08-31,320.8619384765625,323.94563727355137,319.9025529034829,322.2716344766663,26411000,MSFT
2023-09-01,321.742919921875,325.002822529808,319.90248222418256,324.3371411977519,14942000,MSFT
2023-09-05,326.53009033203125,327.8027484399957,321.74302087195747,322.07586164241764,18553900,MSFT
2023-09-06,325.87420654296875,327.420940690509,323.23101883954274,326.36368353432135,17535800,MSFT
2023-09-07,322.9666748046875,326.0699418421109,322.1051906191248,324.3176359252016,18381000,MSFT
2023-09-08,327.2348937988281,329.0851309217736,322.5261281543159,323.14287386196446,19530100,MSFT
2023-09-11,330.82763671875,331.29754527961506,328.3704532160462,330.1423571352341,16583300,MSFT
2023-09-12,324.78753662109375,329.7019045004539,324.5036614898463,328.75231798743556,17565500,MSFT
2023-09-13,328.98724365234375,329.76062559468676,324.2001746396606,324.33721264984047,16544400,MSFT
2023-09-14,331.5716857910156,333.68619984765456,329.48650927999284,332.01219710477335,20267000,MSFT
2023-09-15,323.2701416015625,330.29902307578516,322.71213073688756,329.829144347891,37679800,MSFT
2023-09-18,322.1345520019531,323.4463465779978,319.4913646526402,320.90106058890035,16834200,MSFT
2023-09-19,321.7331848144531,322.45763099664185,317.6803313099975,319.3053983263758,16505900,MSFT
2023-09-20,314.01904296875,322.6534238453553,313.7645352608611,322.57512067569024,21436500,MSFT
2023-09-21,312.80511474609375,318.50263318201627,308.37045511046944,312.54080796824985,35560400,MSFT
2023-09-22,310.3381652832031,314.68472270748657,309.49624944861836,314.5574539286877,21447900,MSFT
2023-09-25,310.8570251464844,310.98429393163934,308.3704739123921,309.92700700519936,17836000,MSFT
2023-09-26,305.5707092285156,309.23198754848005,303.4953016985724,308.4977720645104,26297600,MSFT
2023-09-27,306.2070007324219,307.6852008158054,303.1722376476752,305.7272930031046,19410100,MSFT
2023-09-28,307.0390319824219,308.8403030832105,302.9372138676147,304.4447809531469,19683600,MSFT
2023-09-29,309.1047058105469,312.74641565358826,308.3509220336715,311.0626136858314,24147300,MSFT
2023-10-02,315.0273132324219,315.1154453625428,308.5466440139972,309.6234991428816,20570000,MSFT
2023-10-03,306.79437255859375,314.6260036436558,304.6602303826851,314.0777619824239,21033500,MSFT
2023-10-04,312.2471008300781,313.3043876816742,307.3914982671209,307.420865686593,20720100,MSFT
2023-10-05,312.638671875,313.24564832750764,308.27254628304615,312.3743651035606,16965600,MSFT
2023-10-06,320.37249755859375,322.2618716200706,309.64314014278347,309.8878786442796,25673600,MSFT
2023-10-09,322.8785400390625,323.34841872912307,316.37827265710837,317.9152372482106,19891200,MSFT
2023-10-10,321.47869873046875,324.1316555430621,320.7738506985827,323.99458765130214,20557100,MSFT
2023-10-11,325.42388916015625,325.81546476985574,322.2129213601342,324.23933335603755,20063200,MSFT
2023-10-12,324.1903991699219,326.608416662478,321.8017491013521,323.6128199146543,19313100,MSFT
2023-10-13,320.8325500488281,326.8041445225291,319.49135820401887,325.3846793916084,21072400,MSFT
2023-10-16,325.6391906738281,329.06552880865223,323.6421166530187,324.08262791660326,22158000,MSFT
2023-10-17,325.0714416503906,326.4419711859503,320.51931182231954,322.6534242330698,18338500,MSFT
2023-10-18,323.1624450683594,328.5271229876209,321.3905409680336,325.4923600401383,23153600,MSFT
2023-10-19,324.3470153808594,329.7899967094516,323.9456406942705,325.15953397789394,25052100,MSFT
2023-10-20,319.7948913574219,324.93439945615916,318.60056637565555,324.7385967213242,25027700,MSFT
2023-10-23,322.3890686035156,325.7273046053134,317.5628335992071,318.620090545015,24374700,MSFT
2023-10-24,323.57354736328125,324.85597424930336,320.70522035105137,324.3273309154693,31153600,MSFT
2023-10-25,333.500244140625,338.91385810810175,330.5144167677778,337.7586697804962,55053800,MSFT
2023-10-26,320.98919677734375,334.4400133073603,320.0591786565096,333.37295718073534,37828500,MSFT
2023-10-27,322.8687744140625,329.63334926048014,321.4884458683103,323.4757210351802,29856500,MSFT
2023-10-30,330.21087646484375,332.3058517630052,324.8461993312582,326.3929629369711,22828100,MSFT
2023-10-31,330.9941101074219,331.86539347468425,327.6461042839537,331.7185563552872,20265300,MSFT
2023-11-01,338.7865905761719,340.1081843444484,332.5016932588563,332.6387611479277,28158800,MSFT
2023-11-02,340.98919677734375,341.4884429030558,337.51389284186956,339.93190993700205,24348100,MSFT
2023-11-03,345.37493896484375,346.9315020236901,340.02005970434163,342.27167169728,23637700,MSFT
2023-11-06,349.0263977050781,350.01515060483416,345.9133317859224,346.0112331411466,23828300,MSFT
2023-11-07,352.9422302246094,354.83160398439014,350.1032700356418,351.83600759444016,25833900,MSFT
2023-11-08,355.5559997558594,356.2118820120091,352.96174852168724,354.067970995073,26767800,MSFT
2023-11-09,353.098876953125,357.1125938314782,352.77580544293505,354.67497835793193,24847300,MSFT
2023-11-10,361.8898620605469,362.3108050217642,353.47085345970584,353.8819973228906,28042100,MSFT
2023-11-13,358.9628601074219,360.71519620357213,358.19927715146747,360.4704576936469,19986500,MSFT
2023-11-14,362.47723388671875,364.1218990717547,359.61870535436486,363.20168005612413,27683900,MSFT
2023-11-15,362.6244201660156,366.0184671527949,360.1131840283514,364.20372057822027,26860100,MSFT
2023-11-16,369.0005187988281,369.17708096054344,363.1246629725075,363.88979560921166,27182300,MSFT
2023-11-17,362.8009338378906,367.2347751466243,360.00524677898665,366.4892506146671,40157000,MSFT
2023-11-20,370.24627685546875,371.6490149349355,363.9290160684621,364.1448242296059,52465100,MSFT
2023-11-21,365.95953369140625,369.04949073661675,364.0466874588826,368.5099853561269,28423100,MSFT
2023-11-22,370.6484375,372.55146479135436,367.8233235855797,370.79557261305655,23345300,MSFT
2023-11-24,370.23651123046875,370.76622769070315,367.9901781565456,370.1384111547305,10176600,MSFT
2023-11-27,371.3940124511719,373.38535117738047,369.0299712724483,369.5989038114079,22179200,MSFT
2023-11-28,375.406005859375,375.7002760855908,370.9525268417298,371.1389079636444,20453100,MSFT
2023-11-29,371.6294250488281,376.97553440384473,370.24629493974936,376.44584793002184,28963400,MSFT
2023-11-30,371.6882629394531,372.8457658390955,368.313824366715,371.2762546529022,30554400,MSFT
2023-12-01,367.3721618652344,370.9525899274523,364.23313921740737,369.579278745005,33040500,MSFT
2023-12-04,362.1044921875,362.47722453595185,355.9834013927852,362.0652461744231,32063300,MSFT
2023-12-05,365.4200439453125,365.9693683802573,358.65155863650625,359.46575623768496,23065000,MSFT
2023-12-06,361.77093505859375,367.04840106048385,361.0156214613024,366.4206145498899,21182100,MSFT
2023-12-07,363.8800048828125,364.37047528705625,359.33824414976533,361.211844686289,23118900,MSFT
2023-12-08,367.09747314453125,367.3230703614092,361.2118285564288,362.1633422956095,20154400,MSFT
2023-12-11,364.2232971191406,364.51759731266617,359.12242306000167,361.4570668899954,27708800,MSFT
2023-12-12,367.2445983886719,367.28384440026525,363.3992975227853,363.7818787799653,24838300,MSFT
2023-12-13,367.23480224609375,370.4424978188213,363.70340938140794,368.8533485777596,30955500,MSFT
2023-12-14,358.95562744140625,366.63640997800485,357.1899461347514,366.19497468337374,43277500,MSFT
2023-12-15,363.6641540527344,365.30230824664153,359.2989559925913,359.8580993724713,78502300,MSFT
2023-12-18,365.5475769042969,365.89091216563435,361.65324079721444,362.4085843593443,21802900,MSFT
2023-12-19,366.1459655761719,366.1459655761719,362.79113493260104,364.40968123442,20603700,MSFT
2023-12-20,363.5562438964844,368.8631367699809,363.46796282422974,367.8527690284867,26316700,MSFT
2023-12-21,366.4206237792969,367.2740374598463,362.98733108269056,365.45929104730993,17708000,MSFT
2023-12-22,367.4407653808594,368.02933580590116,365.606411005962,366.55792471126443,17107500,MSFT
2023-12-26,367.519287109375,369.7558309565617,366.38139217856946,367.852803392138,12673100,MSFT
2023-12-27,366.9405212402344,367.9116430236214,365.70452628978785,366.5677589576593,14905400,MSFT
2023-12-28,368.1274719238281,369.2849749136942,367.02882298863733,368.2157530058411,14327000,MSFT
2023-12-29,368.8729553222656,369.9716041347207,366.3617494835299,368.83370931155366,18730800,MSFT
2024-01-02,363.8014831542969,368.7356138207432,359.779620180644,366.73448635273246,25258600,MSFT
2024-01-03,363.5366516113281,366.1459576250118,361.48648901542015,361.97695939537715,23083500,MSFT
2024-01-04,360.9273986816406,365.98905733956127,360.17208496235486,363.6053781270113,20901500,MSFT
2024-01-05,360.7409362792969,364.96878822939505,359.5147604251864,361.9376851103461,21004600,MSFT
2024-01-08,367.5487060546875,368.04899543580075,361.9769695664422,362.26142084093584,23134000,MSFT
2024-01-09,368.6277160644531,368.8238862439724,364.11538283242464,364.9197613954772,20830000,MSFT
2024-01-10,375.4747009277344,376.84804200266086,369.1476507008414,369.1966857666869,25514200,MSFT
2024-01-11,377.29925537109375,383.2339350900792,373.1302570741052,378.64313944413783,27850800,MSFT
2024-01-12,381.06610107421875,381.272090274914,377.31889976513236,378.1428865038529,21661200,MSFT
2024-01-16,382.8316955566406,386.5200419691374,380.232208829081,386.1570987194693,27202300,MSFT
2024-01-17,382.0469970703125,382.67478358686355,377.47580955942465,380.58540492477397,22234100,MSFT
2024-01-18,386.3631591796875,386.4808672893111,382.68463107425833,384.2541423864291,23392100,MSFT
2024-01-19,391.0716552734375,391.0716552734375,386.0001785110236,388.21711414753673,29331100,MSFT
2024-01-22,388.9527893066406,392.9844410357977,386.0884294177151,392.39587065468334,27016900,MSFT
2024-01-23,391.2972106933594,391.76807297194114,386.4219345726272,388.20725370099274,20525900,MSFT
2024-01-24,394.88751220703125,397.89900754206303,392.8177415608544,393.88696340305137,24867000,MSFT
2024-01-25,397.1534729003906,399.25270045475327,394.858075159448,396.6139674673759,21021200,MSFT
2024-01-26,396.2314147949219,398.4287425690661,394.7600035777077,396.6630311468464,17803300,MSFT
2024-01-29,401.9110412597656,402.16609543170915,396.62375630100183,398.3207945584323,24510200,MSFT
2024-01-30,400.8025207519531,405.1775074959977,398.703323410596,404.4025859669934,33477600,MSFT
2024-01-31,390.00244140625,407.404352059521,389.6394980894709,399.20367116692984,47871100,MSFT
2024-02-01,396.0842590332031,400.2238302394902,394.1419855506921,394.17141257606636,30657700,MSFT
2024-02-02,403.3824768066406,404.7852149654356,395.86846668943514,396.11370188933375,28256700,MSFT
2024-02-05,397.91864013671875,403.3236336682533,396.29027477301287,402.087638647816,25352300,MSFT
2024-02-06,397.76171875,400.1944629759933,395.2309043820716,398.14430007293356,18382600,MSFT
2024-02-07,406.1585693359375,406.403804561943,399.63531831137925,399.6745643296035,22340500,MSFT
2024-02-08,406.2173767089844,407.6397528307197,404.66750343056947,406.15852265638233,21225300,MSFT
2024-02-09,412.5346374511719,412.79951062359436,407.17870911735395,407.3356632361391,22032800,MSFT
2024-02-12,407.3454895019531,412.7210259706923,406.8452001103824,412.54446380988065,21202900,MSFT
2024-02-13,398.57586669921875,402.2543946406928,395.70171738557195,397.2221636270064,27824900,MSFT
2024-02-14,402.4282531738281,402.77222335184723,397.59311635632974,401.03275815392834,20401200,MSFT
2024-02-15,399.54876708984375,402.07445398469247,397.31792461353893,401.10153638347543,21825500,MSFT
2024-02-16,397.0918884277344,401.24895188558764,396.4825852713034,400.9246260176193,22296500,MSFT
2024-02-20,395.8438415527344,397.5145068330212,391.1462744848481,396.28606324841394,24307900,MSFT
2024-02-21,395.24432373046875,395.35244235543763,390.3698682526408,393.2690069492409,18518900,MSFT
2024-02-22,404.5509948730469,405.710638303165,401.52412337910727,403.1161813071161,27009900,MSFT
2024-02-23,403.2635803222656,408.6883757427927,401.9172111140197,408.5016799323737,16295900,MSFT
2024-02-26,400.51190185546875,405.05222425854834,400.3349831970826,404.3642838981377,16193500,MSFT
2024-02-27,400.4529113769531,401.2784217577938,396.8855068799419,400.9540958991776,14835800,MSFT
2024-02-28,400.6887512207031,402.2414904650158,398.33014591696406,401.14080998935714,13183100,MSFT
2024-02-29,406.5067443847656,407.05708472019194,398.91987548490425,401.59296996753153,31947300,MSFT
2024-03-01,408.3346252441406,408.6982397267373,403.7943028017663,404.17756158377745,17823400,MSFT
2024-03-04,407.7646484375,410.1527354833861,405.2094798738606,406.31016048803207,17596000,MSFT
2024-03-05,395.7061767578125,407.10613735676765,393.73086019090937,406.82113009418805,26919200,MSFT
2024-03-06,395.1559143066406,398.1729790488092,391.5197391699057,396.0207434176088,22344100,MSFT
2024-03-07,402.0843200683594,402.71326755552275,395.30328784063323,399.1163813277323,18718500,MSFT
2024-03-08,399.21466064453125,403.3422428484954,397.35723965535834,400.92464441897226,18002200,MSFT
2024-03-11,397.54400634765625,398.6840056449402,394.3402457274735,396.79713300835283,16120800,MSFT
2024-03-12,408.1183776855469,408.4033849510457,399.77479973523793,400.5904729541975,22457000,MSFT
2024-03-13,407.94146728515625,410.96833845604056,404.3544187575241,410.8897312790389,17115900,MSFT
2024-03-14,417.8869934082031,420.4421618629372,410.7816654727546,412.99286375239626,34157300,MSFT
2024-03-15,409.23876953125,415.31218703472393,405.67136478668334,412.05927102600424,45079900,MSFT
2024-03-18,410.12322998046875,413.4744273628243,406.6442696787311,407.10616562272253,20106000,MSFT
2024-03-19,414.1427307128906,414.39825657466935,408.383771616104,410.62445150569954,19837900,MSFT
2024-03-20,417.8968200683594,418.61421185332546,413.4056235884817,414.7225113763612,17860100,MSFT
2024-03-21,421.9654235839844,423.3904300401875,419.7935438740281,422.41748239432127,21296200,MSFT
2024-03-22,421.3462829589844,422.446963535343,418.7223444405752,422.2897491598315,17648500,MSFT
2024-03-25,415.567626953125,420.03917871353855,414.33918361091673,417.9065878752963,18060500,MSFT
2024-03-26,414.3785400390625,418.64369211377476,414.08372560652526,418.2702405050307,16725600,MSFT
2024-03-27,414.162353515625,417.13029224439015,411.7841036640323,417.12045509904823,16705000,MSFT
2024-03-28,413.4645690917969,414.5947310272611,411.89215553357553,413.70042062857715,21871200,MSFT
2024-04-01,417.2482604980469,420.5110140062409,414.9387804548584,416.63895725075884,16316000,MSFT
2024-04-02,414.1721496582031,415.0959414899842,410.6342266844982,412.8650690915943,17912000,MSFT
2024-04-03,413.1993103027344,415.96084917644856,411.862748041314,412.49172557405285,16502300,MSFT
2024-04-04,410.6735534667969,421.27748545517426,410.36890189824567,417.66092523693425,19370900,MSFT
2024-04-05,418.1817932128906,419.1547408159618,411.10597696046364,412.76683489834704,16554800,MSFT
2024-04-08,417.26788330078125,419.91149627913853,416.00012113110665,417.8378979159273,14272400,MSFT
2024-04-09,418.9287109375,420.3635245342137,414.34907001434647,419.0859553029516,12496900,MSFT
2024-04-10,415.9608154296875,416.71752584552905,412.46221066374153,414.90926057255786,16216600,MSFT
2024-04-11,420.5502624511719,421.96543178968227,415.076310912024,418.4766641791292,17966400,MSFT
2024-04-12,414.62420654296875,417.8476407951663,412.53093421008157,416.7371231732088,19253800,MSFT
2024-04-15,406.5067443847656,419.45944655068297,406.30034426550657,419.2432392766727,20273500,MSFT
2024-04-16,407.43048095703125,411.1846115754289,406.59516335126955,407.42067380289205,16765600,MSFT
2024-04-17,404.7377014160156,411.6563030616971,403.2537321874578,410.054408065017,15855500,MSFT
2024-04-18,397.2982482910156,404.786864609064,396.983789567324,403.5485840383649,21029900,MSFT
2024-04-19,392.237060546875,398.4873961854359,390.9103356715456,397.0623898394721,30565800,MSFT
2024-04-22,394.04534912109375,395.9027700554988,388.9252051027742,393.18052011404563,20286900,MSFT
2024-04-23,400.5414123535156,401.1605527245356,396.10917826173034,397.2688218184954,15734500,MSFT
2024-04-24,402.00567626953125,405.3568737379943,399.76499652417516,402.4970536697523,15065300,MSFT
2024-04-25,392.15850830078125,392.99385593125254,381.3383676792714,387.2348968478242,40586500,MSFT
2024-04-26,399.31292724609375,405.8777219430486,398.7625869715763,405.0620486762338,29694700,MSFT
2024-04-29,395.3131103515625,399.31292950505053,392.30588312333157,398.2613746922827,19582100,MSFT
2024-04-30,382.61590576171875,395.2246663994194,382.4586913890698,394.5662074998568,28781400,MSFT
2024-05-01,388.12921142578125,394.7922882562086,383.57905157123434,385.8393757796091,23562500,MSFT
2024-05-02,390.9791564941406,393.0331103770738,387.84416635932274,390.80226783236736,17709400,MSFT
2024-05-03,399.6470031738281,400.1285433474104,394.92976293452625,395.34253307709054,17446700,MSFT
2024-05-06,406.4084167480469,406.7916755135943,399.36205183771864,401.7108501382599,16996600,MSFT
2024-05-07,402.2808532714844,407.5189532422579,402.03516456718575,407.50911609687097,20018200,MSFT
2024-05-08,403.46014404296875,405.1210019721616,399.6961765499289,401.1310200807253,11792300,MSFT
2024-05-09,405.2095031738281,405.60259913130744,402.045031230476,403.48968211746933,14689700,MSFT
2024-05-10,407.58770751953125,408.2166849740278,404.698406069441,405.8187609135271,13402300,MSFT
2024-05-13,406.5853271484375,411.13548678399485,403.7353441559508,410.80135374265615,15440200,MSFT
2024-05-14,409.3763122558594,410.29026696650755,404.4527014093116,404.9145973369448,15109300,MSFT
2024-05-15,416.53387451171875,417.25259039103736,410.81377223604346,411.4340293579302,22239500,MSFT
2024-05-16,414.47613525390625,418.83761399416454,413.84605341031005,415.273599957198,17530100,MSFT
2024-05-17,413.7082214355469,416.3763121358098,411.5619590644,416.0021869426872,15352200,MSFT
2024-05-20,418.7588806152344,420.1667475860199,413.49165301735496,413.7082502471213,16272100,MSFT
2024-05-21,422.4016418457031,426.27082729608003,418.2764696581723,420.22581467067795,21453300,MSFT
2024-05-22,423.8587646484375,425.71953602839017,420.521232077242,423.4354250381628,18073700,MSFT
2024-05-23,420.3931884765625,426.89107515061806,418.83764844643395,426.2708180980622,17211700,MSFT
2024-05-24,423.5042724609375,424.39034103334086,417.84324041258554,420.58022514023406,11855300,MSFT
2024-05-28,423.6618347167969,424.1540984130066,419.99939161518114,422.98250841239616,15718000,MSFT
2024-05-29,422.5296630859375,424.27226587320916,419.1034967099491,419.1034967099491,15517100,MSFT
2024-05-30,408.2539978027344,417.7349716036768,407.8306281783295,417.7349716036768,28394500,MSFT
2024-05-31,408.70684814453125,410.3017776619535,398.2511723788605,410.3017776619535,47995300,MSFT
2024-06-03,407.1217346191406,409.98671278257075,402.59293289369214,409.10064418608687,17484700,MSFT
2024-06-04,409.63232421875,409.99659455099004,403.341179685009,406.04863004617806,14348900,MSFT
2024-06-05,417.4494934082031,417.5183874951578,409.8587651411263,411.3454112041521,16988000,MSFT
2024-06-06,417.9515380859375,418.7293231019465,414.0724979392672,417.44944957036887,14861300,MSFT
2024-06-07,417.2919616699219,419.68435613947076,416.4551073364084,419.60560716420275,13621700,MSFT
2024-06-10,421.24969482421875,421.4564371463653,417.3312953641021,418.12876008062784,13982900,MSFT
2024-06-11,425.9853210449219,426.1231693068597,418.670289453605,418.89674157876317,14551100,MSFT
2024-06-12,434.23565673828125,436.53944727057524,426.54650007534946,428.5844790234761,22366200,MSFT
2024-06-13,434.74761962890625,436.52964196122593,432.57182236972,434.0289338170149,15960600,MSFT
2024-06-14,435.7222900390625,436.2834778568933,429.96279885352675,431.49865916361745,13582000,MSFT
2024-06-17,441.4325256347656,443.9627681496181,433.9008973733048,435.741958721063,20790000,MSFT
2024-06-18,439.4339599609375,443.1751821409538,438.00641324566425,442.75181252074634,17112500,MSFT
2024-06-20,438.8038635253906,439.6210080275433,434.4423844149745,439.3945559147101,19877400,MSFT
2024-06-21,442.82073974609375,443.6083496603445,439.60134591371855,440.45787995794916,34187100,MSFT
2024-06-24,440.743408203125,445.74479433203504,439.5028940256874,442.8404263927747,15913700,MSFT
2024-06-25,443.9726257324219,444.4353547941903,439.83759879553867,441.3143898379412,16413400,MSFT
2024-06-26,445.1639099121094,446.5816317625772,441.25533495755695,442.05279974277113,16507000,MSFT
2024-06-27,445.84326171875,449.11190006347704,444.7799552473841,445.1836151073107,14806300,MSFT
2024-06-28,440.0345764160156,448.33413599754493,439.5029231553918,446.05987988510304,28362300,MSFT
2024-07-01,449.6631774902344,450.293259356771,438.76445275458883,441.7180347396165,17662800,MSFT
2024-07-02,452.1737365722656,452.4789376582484,446.09918938158694,446.18782328625804,13979800,MSFT
2024-07-03,453.640625,453.88675682054844,450.79535677806246,451.1005578319114,9932800,MSFT
2024-07-05,460.32562255859375,461.10340760685847,451.8685359116121,452.4986178155469,16000300,MSFT
2024-07-08,459.0260314941406,460.46346308739743,457.2735739768986,459.33123257528905,12962300,MSFT
2024-07-09,452.4297180175781,460.09916463101644,450.91353744838284,459.77428381745585,17207200,MSFT
2024-07-10,459.0359191894531,459.24266153927346,451.76024698147666,454.0837473649462,18196100,MSFT
2024-07-11,447.66461181640625,457.5886345893225,444.5633265323156,455.81649732303464,23111200,MSFT
2024-07-12,446.5323791503906,449.29889867197954,443.67725577045155,447.3003093014831,16324300,MSFT
2024-07-15,446.93603515625,450.1849934949163,444.44518211930125,446.28624348851673,14429400,MSFT
2024-07-16,442.5647888183594,447.27082904351875,439.74905460392523,447.19208006387777,17175700,MSFT
2024-07-17,436.6575927734375,437.9670310742686,432.38474735385836,435.74198947896895,21778000,MSFT
2024-07-18,433.55633544921875,437.7701116080265,427.6787055457858,437.46491051123894,20794800,MSFT
2024-07-19,430.34674072265625,434.31441483454387,425.3158203253179,426.39880643244663,20940400,MSFT
2024-07-22,436.0865783691406,437.7208974938516,432.1189340633458,434.95437784378936,15808800,MSFT
2024-07-23,437.967041015625,441.4522765923751,436.24411798255437,437.0317279223722,13107100,MSFT
2024-07-24,422.2638244628906,434.6491968195245,420.9740958851319,433.6351347306288,26805800,MSFT
2024-07-25,411.9262390136719,423.1498448431678,411.0500252919827,422.1653174889069,29943800,MSFT
2024-07-26,418.68994140625,422.28349032231534,410.8137224917234,411.7293557750341,23583800,MSFT
2024-07-29,420.12738037109375,425.46350195400487,418.1287909882396,424.90231413559286,15125800,MSFT
2024-07-30,416.3763732910156,422.4115014796213,410.90237288373,421.10209315676275,32687600,MSFT
2024-07-31,411.8770446777344,415.2539664560443,405.8320320070505,413.9937725831716,42891400,MSFT
2024-08-01,410.65618896484375,420.84605305704525,406.69839983005807,414.2792724511176,30296400,MSFT
2024-08-02,402.1695861816406,408.5788691410044,398.08380349930894,406.10769576372263,29437900,MSFT
2024-08-05,389.0360107421875,394.83489176821496,379.6140759587015,383.1485558976655,40709200,MSFT
2024-08-06,393.427001953125,399.3932659734361,392.33419089963513,393.8109820824443,24946500,MSFT
2024-08-07,392.2652282714844,403.73496598996115,391.3200904199489,402.31727423535324,20650900,MSFT
2024-08-08,396.4593505859375,399.58028569311574,393.7519001712231,396.2132187300544,20203000,MSFT
2024-08-09,399.7377624511719,401.7363516629641,396.03596024402367,397.7785627439822,19276700,MSFT
2024-08-12,400.5155944824219,402.43543495594565,397.98535182009545,400.76172633567404,16762900,MSFT
2024-08-13,407.6041259765625,408.52958397155675,403.2328226945773,403.2525024227353,19414300,MSFT
2024-08-14,410.41009521484375,411.2568044389076,406.0683556338293,408.38197108714223,18267000,MSFT
2024-08-15,415.2627258300781,415.34161674551206,411.9388929382302,414.0495635460023,20752100,MSFT
2024-08-16,412.7377624511719,415.5684441235936,411.5837759699612,414.83859034033384,22775600,MSFT
2024-08-19,415.7558288574219,415.97281647426513,410.7552711189502,413.22102581055816,15234000,MSFT
2024-08-20,418.98101806640625,420.0264956299884,415.864330676567,415.9235063802004,16387600,MSFT
2024-08-21,418.3301086425781,420.55913050260955,415.943244764668,418.27090283610073,16067300,MSFT
2024-08-22,409.8577880859375,420.9438431425212,408.9306617888671,418.54710638332296,19361900,MSFT
2024-08-23,411.080810546875,413.51697764071497,406.4451792024677,411.26821033098173,18493800,MSFT
2024-08-26,407.8259582519531,411.5640508373135,405.7054152115458,410.6665125068156,13152800,MSFT
2024-08-27,408.1711120605469,408.6839781340243,404.63029239474133,407.2045255110088,13492900,MSFT
2024-08-28,404.9755859375,409.3153084895278,401.7306441001557,409.1969570716752,14882700,MSFT
2024-08-29,407.4610290527344,416.268697643249,404.9755591436319,409.25610570352524,17045200,MSFT
2024-08-30,411.4259948730469,411.7711764633265,406.4846126518204,409.90708149754283,24308300,MSFT
2024-09-03,403.8314514160156,414.1284456363182,401.45446023053216,412.18542969380115,20313600,MSFT
2024-09-04,403.298828125,405.60677088600426,398.8308818633999,400.3497951691964,15135800,MSFT
2024-09-05,402.79583740234375,407.44131080829675,400.56678553175374,402.0363656944642,14195500,MSFT
2024-09-06,396.19744873046875,405.0248318616353,395.30975302270036,403.45661559720963,19609500,MSFT
2024-09-09,400.16241455078125,403.0522719406784,396.6413094868822,401.6615826272171,15295100,MSFT
2024-09-10,408.5262451171875,410.62704280907684,402.1152829853601,402.6084339185776,19594300,MSFT
2024-09-11,417.2451171875,418.1820858271925,403.96947343776486,409.8083932716186,19266900,MSFT
2024-09-12,421.1509094238281,421.5158363092752,414.0002206806835,417.51145302107784,17395700,MSFT
2024-09-13,424.69171142578125,425.914716092092,419.63197810212404,419.9969049719398,15874600,MSFT
2024-09-16,425.43145751953125,427.5914610863902,422.3542004104568,424.70160374609685,13834700,MSFT
2024-09-17,429.1893005371094,435.79753584231287,426.34874601904636,434.1997314507894,18874200,MSFT
2024-09-18,424.9087219238281,430.05721907964937,424.5142071811442,429.04132931995406,18898000,MSFT
2024-09-19,432.6808166503906,435.4523227974912,430.9153276838819,435.18603209956774,21706600,MSFT
2024-09-20,429.3076477050781,433.22326773049826,428.2720426762547,431.2309485866615,55167100,MSFT
2024-09-23,427.57177734375,430.48135010026584,424.4945200082598,428.33121902605126,15128900,MSFT
2024-09-24,423.2912292480469,427.4139642542688,420.2632749795507,427.06875254523504,17015800,MSFT
2024-09-25,426.19091796875,427.1870925626301,422.69943076362244,423.94215074360574,13396400,MSFT
2024-09-26,425.40185546875,429.33719028271923,423.2517246244965,429.1300753187062,14492000,MSFT
2024-09-27,422.15692138671875,425.93447445668835,421.6144673905514,425.6089779793521,14896100,MSFT
2024-09-30,424.40570068359375,424.52408219664926,419.54323948144145,422.3443332995087,16807300,MSFT
2024-10-01,414.9273681640625,422.61066875300435,413.07311568923785,422.58108089859957,19092900,MSFT
2024-10-02,411.41607666015625,417.02813633754084,411.00181665833355,416.7914034366954,16582300,MSFT
2024-10-03,410.834228515625,413.8029769595959,408.6150490966078,411.9092940444477,13686400,MSFT
2024-10-04,410.36077880859375,414.00023534021534,409.28571331626097,412.5109097932594,19169700,MSFT
2024-10-07,403.9300537109375,411.3963355742429,403.3974423030078,410.3015550074602,20919800,MSFT
2024-10-08,409.029296875,409.9662958214234,402.57890342121186,405.2714886364785,19229300,MSFT
2024-10-09,411.7415771484375,414.6215919010832,408.62485957486433,410.16348810998284,14974300,MSFT
2024-10-10,410.1437683105469,411.63309377445904,407.49061385739407,409.5421386142519,13848400,MSFT
2024-10-11,410.6172180175781,411.41612015597997,407.589263932771,410.4396908978323,14144900,MSFT
2024-10-14,413.3985900878906,418.2314633461143,411.80075573680847,412.0473312101826,16653100,MSFT
2024-10-15,413.0040283203125,416.692817718463,409.5717171353566,416.3969091028174,18900200,MSFT
2024-10-16,410.419921875,410.65662468764714,404.85719508098555,409.4829531752425,15508900,MSFT
2024-10-17,411.0117492675781,416.7125733271007,409.89722324961605,416.57447660649984,14820000,MSFT
2024-10-18,412.4320373535156,413.90161766396704,410.5580696214905,411.4260201751563,17145300,MSFT
2024-10-21,413.0435485839844,413.22107571933117,408.08245074925037,410.41998166329415,14206100,MSFT
2024-10-22,421.6539306640625,424.68185459098345,412.31365056093216,412.75746835174544,25482200,MSFT
2024-10-23,418.7838134765625,425.17503084101816,416.74216121867397,424.9580432083023,19654400,MSFT
2024-10-24,418.9120178222656,420.144895200207,416.6139175340375,419.5037748840412,13581600,MSFT
2024-10-25,422.2851867675781,426.5953216047658,420.72684288279277,420.914242666979,16899100,MSFT
2024-10-28,420.74658203125,426.02330394508874,420.46054601286414,425.7471405789212,14882400,MSFT
2024-10-29,426.03314208984375,427.2364316805858,419.9673609785876,422.1372373224,17644100,MSFT
2024-10-30,426.6051940917969,432.4934181148105,426.1810914644013,431.44794042425275,29749100,MSFT
2024-10-31,400.7838439941406,410.459464695632,400.734510831916,409.67040499598727,53971000,MSFT
2024-11-01,404.74871826171875,409.80845197934053,401.9180365381017,403.40736208449033,24230400,MSFT
2024-11-04,402.8648681640625,404.7980415718176,400.01447130701087,404.18650910637746,19672300,MSFT
2024-11-05,405.82379150390625,409.21667261639857,402.49008610038965,402.7761220934701,17626000,MSFT
2024-11-06,414.4242858886719,414.69060664017087,404.8966068246173,406.7706043368608,26681800,MSFT
2024-11-07,419.6024169921875,421.0029789570154,414.12845339700306,415.5092700597973,19901800,MSFT
2024-11-08,416.75201416015625,420.65776126477715,416.0024150826717,419.4939322441371,16891400,MSFT
2024-11-11,412.2840270996094,418.9908673331369,410.30155083989956,416.7322277720358,24503300,MSFT
2024-11-12,417.23529052734375,418.6259798148705,411.485163708279,412.5207686609151,19401200,MSFT
2024-11-13,419.3755798339844,423.4489813965326,412.4813090867046,415.8643474786666,21502200,MSFT
2024-11-14,421.04241943359375,422.304884622317,414.24678510633004,419.17829445283394,30246900,MSFT
2024-11-15,409.3153076171875,417.0084507566798,407.9739514183208,414.06929022111444,28247600,MSFT
2024-11-18,410.0649108886719,412.6687324009395,406.4550421174999,409.18708769998454,24727000,MSFT
2024-11-19,412.06707763671875,412.2150169012381,405.912533336808,407.4511618868994,18133500,MSFT
2024-11-20,409.798583984375,411.57394553855335,404.9558378403451,411.1596854793811,19191700,MSFT
2024-11-21,408.0295715332031,414.85856338751086,405.47983232208855,414.5818472703372,20780200,MSFT
2024-11-22,412.11114501953125,412.50644943843054,406.2407824115055,406.547145598137,24814600,MSFT
2024-11-25,413.8801574707031,416.14328803070504,409.9863472135053,413.4749606494442,27691100,MSFT
2024-11-26,422.9723205566406,424.0100286609721,413.93949178519347,414.67080652096905,23458900,MSFT
2024-11-27,418.03094482421875,422.22125646736464,417.07231569319254,420.12608556589345,18332400,MSFT
2024-11-29,418.4954528808594,419.89881842784905,412.90180567999255,415.1649667399431,16271900,MSFT
2024-12-02,425.9272766113281,427.92358362660957,416.37063273208213,416.62759418862754,20207200,MSFT
2024-12-03,426.1446838378906,427.3997836787713,422.72522667678595,424.80061260374794,18302000,MSFT
2024-12-04,432.291748046875,434.5153692878957,427.5578970490266,427.95320145991604,26009400,MSFT
2024-12-05,437.4307861328125,439.44687793021666,431.0564230401268,432.7859063083414,21697800,MSFT
2024-12-06,438.36962890625,440.8699661871766,436.59071386287525,437.1144989799139,18821000,MSFT
2024-12-09,440.7909240722656,443.0738395996816,435.33565050126293,437.41103647885797,19144400,MSFT
2024-12-10,438.1324462890625,444.34871163189086,436.42274787532307,439.1800467406791,18469500,MSFT
2024-12-11,443.7261047363281,445.0701760009867,438.84401807874156,438.84401807874156,19200200,MSFT
2024-12-12,444.2893981933594,450.81202644259827,443.8446618873549,443.8446618873549,20834800,MSFT
2024-12-13,442.0262451171875,446.13747735633456,440.3560560775405,443.1825414368637,20177800,MSFT
2024-12-16,446.295654296875,446.87873364714176,440.0596337652838,442.02629379074256,23598800,MSFT
2024-12-17,449.1319580078125,449.95224407864544,444.2993034538041,445.72242348242105,22733500,MSFT
2024-12-18,432.2621154785156,447.34318887069384,431.89642797238076,446.0287948744165,24444500,MSFT
2024-12-19,431.90631103515625,437.9842031344139,431.2046434354816,436.44249480171817,22963700,MSFT
2024-12-20,431.4814147949219,438.53769150433186,423.60485191230276,428.0323101896431,64263700,MSFT
2024-12-23,430.147216796875,432.5190736490341,427.755575118412,431.619738686297,19152500,MSFT
2024-12-24,434.1793212890625,434.4461751355928,429.09959787026054,429.5541964268554,7164500,MSFT
2024-12-26,432.9736633300781,435.7705018127553,431.5110338839644,433.9322924323696,8194200,MSFT
2024-12-27,425.4825439453125,430.117561657289,421.351556737901,429.5048352492743,18117700,MSFT
2024-12-30,419.8493347167969,422.53744699473475,416.95369289645987,421.0649252132939,13158700,MSFT
2024-12-31,416.55841064453125,421.72710593306806,415.72826227096317,421.1044871129431,13246500,MSFT
2025-01-02,413.6726379394531,421.0748471756245,409.98638702094667,420.54116958363784,16896500,MSFT
2025-01-03,418.3867492675781,419.05876986765884,414.62141923267626,416.1433429164244,16662900,MSFT
2025-01-06,422.83392333984375,429.22807073060386,420.4917138753096,422.9821587186512,20573600,MSFT
2025-01-07,417.418212890625,425.6011386030249,415.8666120215368,423.9704889084133,18139100,MSFT
2025-01-08,419.58251953125,421.9642686702226,416.5979364179098,418.4954097350683,15054600,MSFT
2025-01-10,414.0382995605469,419.73074959963856,410.15435142162687,419.651700779007,20201100,MSFT
2025-01-13,412.2989501953125,413.593589604229,407.45640284839305,410.3717995418403,17604800,MSFT
2025-01-14,410.7967529296875,414.8190138642203,405.90477401390683,412.9116481684101,16935900,MSFT
2025-01-15,421.31201171875,423.13043625280113,413.3662628653434,414.2161960548363,19637800,MSFT
2025-01-16,419.6022644042969,424.45470380326,419.4145196873236,423.67398737859014,15300000,MSFT
2025-01-17,424.0000915527344,429.3862083308609,423.1501885882937,429.0007661773637,26197500,MSFT
2025-01-21,423.4763488769531,425.84820570918225,420.61035394801814,425.1564304696716,26085700,MSFT
2025-01-22,440.96881103515625,442.0262435482701,430.88838267920255,432.4300909934364,27803800,MSFT
2025-01-23,441.47283935546875,441.5123788470024,436.3239289556834,436.81806704057095,18389300,MSFT
2025-01-24,438.8539123535156,441.4135440071518,436.225094129831,439.94102216929423,15549500,MSFT
2025-01-27,429.46527099609375,430.0977821935737,418.53493945291683,419.0389699284215,35647800,MSFT
2025-01-28,441.9571533203125,443.1233120629148,426.3226157271396,429.50486647477834,23491700,MSFT
2025-01-29,437.1441955566406,441.6408703345489,435.23682974085557,441.4530954449331,23581400,MSFT
2025-01-30,410.12469482421875,417.9024230144378,408.31616280623206,413.86037732807745,54586300,MSFT
2025-01-31,410.1938781738281,415.7578774765854,410.04564278987584,414.06793377994285,34161900,MSFT
2025-02-03,406.1024169921875,410.5397669066902,403.868903417148,406.7744374831542,25679100,MSFT
2025-02-04,407.5354309082031,409.0672770356713,404.9362598096777,407.8516865143663,20532100,MSFT
2025-02-05,408.44464111328125,408.97828849654115,405.5885086845079,407.5156591589932,16316700,MSFT
2025-02-06,410.9450378417969,413.2971401442444,409.14636782700785,409.14636782700785,16309800,MSFT
2025-02-07,404.9461364746094,413.74178783038474,403.3154869234488,411.5972455590395,22886800,MSFT
2025-02-10,407.38720703125,410.5892121947109,406.10246006462063,408.85972888435845,20817900,MSFT
2025-02-11,406.6163635253906,407.65404147500567,404.50143797348676,404.83747842325164,18140600,MSFT
2025-02-12,404.2444763183594,405.93442005448907,399.6292135248499,402.435914112503,19121700,MSFT
2025-02-13,405.7269287109375,406.1815273284111,401.5959111806531,402.2284224395701,23891700,MSFT
2025-02-14,403.6416015625,404.1159849495273,401.1215095634391,403.00912053959007,22758500,MSFT
2025-02-18,404.8374328613281,405.78616946504144,401.7342314553049,403.2166455935164,21423100,MSFT
2025-02-19,409.90728759765625,410.61884763156144,402.8707662400353,403.09808061190597,24114200,MSFT
2025-02-20,412.07598876953125,415.2250013636158,408.52096684547683,411.24417583261857,23508700,MSFT
2025-02-21,404.2331237792969,413.97725680128366,403.91626425407014,413.27418223243296,27524800,MSFT
2025-02-24,400.06414794921875,405.38182745676596,395.429748735741,404.5302202614153,26443700,MSFT
2025-02-25,394.0235290527344,398.0043843099881,392.835237956153,397.19236575081766,29387400,MSFT
2025-02-26,395.83575439453125,399.66804717869115,390.40913086553707,394.13250979931917,19619000,MSFT
2025-02-27,388.70587158203125,401.78716793671936,388.3493932994261,397.3607146060961,21127400,MSFT
2025-02-28,393.1224060058594,393.7561854578909,382.80393739721217,388.83460333794534,32845700,MSFT
2025-03-03,384.7052307128906,394.93461038215554,382.39794340981075,394.93461038215554,23007700,MSFT
2025-03-04,384.82403564453125,388.75535997703025,377.2881889484286,379.6648014174362,29342900,MSFT
2025-03-05,397.1131591796875,397.7568509049982,385.02212029604283,385.54695570418704,23433100,MSFT
2025-03-06,393.02337646484375,398.2321111971438,388.8543699652718,390.4387882624292,23304600,MSFT
2025-03-07,389.4783020019531,390.95377648794664,381.7840095954452,388.49795642753014,22034100,MSFT
2025-03-10,376.4563903808594,382.6355890788174,373.5450301742595,382.08104715568106,32840100,MSFT
2025-03-11,376.74359130859375,382.23950999896846,373.2380702422645,375.30770541349494,30380200,MSFT
2025-03-12,379.5361022949219,381.46711712441265,375.25821149680263,379.2192427611773,24253600,MSFT
2025-03-13,375.0799255371094,381.5661320778761,373.7728082450696,379.4271716632625,20473000,MSFT
2025-03-14,384.7745666503906,386.42831046600287,375.8127456880931,376.0801044136148,19952800,MSFT
2025-03-17,384.9132080078125,388.88412112316473,381.813696346666,382.9326924641042,22474300,MSFT
2025-03-18,379.7836608886719,383.59615946585757,377.38725393405446,383.29909421372145,19486900,MSFT
2025-03-19,384.0417785644531,385.8836435250732,380.2589866011294,381.7740797920575,19185500,MSFT
2025-03-20,383.07135009765625,387.97313863322194,379.5460345045817,381.98206039861145,18470500,MSFT
2025-03-21,387.4482727050781,387.92357710345186,379.07067004050685,379.4865916093534,39675900,MSFT
2025-03-24,389.2505187988281,391.54792412450786,386.012386704804,391.54792412450786,21004500,MSFT
2025-03-25,391.31024169921875,392.49853282327706,388.8148031404558,390.082331804945,15775000,MSFT
2025-03-26,386.17083740234375,391.45881045430576,384.7844825194778,391.15183295239507,16108400,MSFT
2025-03-27,386.7748718261719,388.41870337339975,383.62585932715103,386.3292739557081,13766800,MSFT
2025-03-28,375.1096496582031,385.339029849346,373.2578723723651,384.2992410074857,21632000,MSFT
2025-03-31,371.7328796386719,373.3965054432232,363.6622546184452,368.91063894364476,35184700,MSFT
2025-04-01,378.46661376953125,379.120187514209,369.59391274714585,371.00006183577835,19689500,MSFT
2025-04-02,378.4170837402344,381.32841351216814,372.9508420143411,374.2876959242722,16092600,MSFT
2025-04-03,369.4750671386719,373.80251903809335,365.7517184220645,371.13872318254886,30198000,MSFT
2025-04-04,356.3343200683594,370.94062085342546,355.97784180916346,360.5825339787073,49209900,MSFT
2025-04-07,354.3736267089844,367.3856281525139,341.43098078163547,347.4616469003483,50425000,MSFT
2025-04-08,351.1058044433594,370.00982228854286,346.8377957272636,364.6723484414274,35868900,MSFT
2025-04-09,386.68572998046875,389.39905670107095,349.66000929830324,350.0957251156184,50199700,MSFT
2025-04-10,377.63482666015625,380.15997201946135,364.21681503291546,378.3379012524662,38024400,MSFT
2025-04-11,384.6656494140625,386.25003769690613,375.1987873888056,376.93173851590154,23839200,MSFT
2025-04-14,384.0318908691406,390.80525087459347,380.46695659777833,389.38918941494444,19251200,MSFT
2025-04-15,381.9721374511719,388.07212889209285,380.41742551182244,384.7250528209778,17199900,MSFT
2025-04-16,367.9896545410156,377.8922316795949,364.41483869971677,376.9614172312142,21967800,MSFT
2025-04-17,364.1969909667969,370.6732850580017,363.31567729138493,370.10883089247193,21120200,MSFT
2025-04-21,355.62139892578125,360.92919678600947,352.2050274305898,359.28536510699473,20807300,MSFT
2025-04-22,363.2463684082031,364.18709517298703,356.3541524572501,359.83987920585236,19485000,MSFT
2025-04-23,370.7426452636719,376.6841922722663,369.38596664501534,372.396358924379,20545500,MSFT
2025-04-24,383.52679443359375,384.6656149627633,371.53478821384334,372.0398293104223,22232300,MSFT
2025-04-25,388.03253173828125,388.33950924401097,380.8531625631297,383.2297752805051,18973200,MSFT
2025-04-28,387.3492431640625,388.91383718504306,382.8732888048125,388.1414373128656,16579400,MSFT
2025-04-29,390.201171875,391.2508426713115,386.5768248872523,387.48784509297593,14974000,MSFT
2025-04-30,391.4093017578125,392.7956566127169,380.6947052715702,386.4976013857663,36461100,MSFT
2025-05-01,421.2556457519531,432.7327295827746,420.76051687113977,426.9100091091665,58938100,MSFT
2025-05-02,431.0393981933594,435.1588741169636,425.80092616148227,427.533877248033,30757400,MSFT
2025-05-05,431.9207763671875,435.21832168508354,427.9003017248534,428.6529073554782,20136100,MSFT
2025-05-06,429.08856201171875,433.4655143471482,426.9694262460728,427.98939046931366,15104200,MSFT
2025-05-07,429.1282043457031,433.8517229596541,426.9100064238295,429.61342097536215,23295300,MSFT
2025-05-08,433.9012451171875,439.3476626606329,431.41568853142036,433.66356271096413,23491300,MSFT
2025-05-09,434.4557800292969,436.4461774951318,431.6335394854884,435.7133964534002,15324200,MSFT
2025-05-12,444.8832092285156,444.9921230759706,435.4955548202822,441.5955462250109,22821900,MSFT
2025-05-13,444.7643737792969,446.27946690563454,441.0211705280613,443.4176075446257,23618800,MSFT
2025-05-14,448.52734375,449.4779827199474,443.7741186799948,443.7741186799948,19902800,MSFT
2025-05-15,449.5392761230469,452.57502540604634,446.860659567107,447.1979616790238,21992300,MSFT
2025-05-16,450.67022705078125,450.7595102326154,445.17414935289,448.4678177382938,23849800,MSFT
2025-05-19,455.2337646484375,455.9480603525366,447.2277066057748,447.3070896149787,21336500,MSFT
2025-05-20,454.53936767578125,454.7080036018212,450.719869916101,451.9797952414424,15441800,MSFT
2025-05-21,448.9837341308594,454.1524403651085,448.22974686474834,450.967885651573,19216900,MSFT
2025-05-22,451.2555847167969,456.6028878213618,450.3032004241896,451.34489818162797,18025600,MSFT
2025-05-23,446.6126403808594,450.0948358464348,445.3527151156796,446.4142434023006,16883500,MSFT
2025-05-27,457.03936767578125,457.29731705224054,452.5055743512772,452.86273735527834,20974300,MSFT
2025-05-28,453.7357482910156,458.8548627693229,453.3091629867606,457.56517641086623,17086300,MSFT
2025-05-29,455.0453186035156,458.0612374989779,451.702028016876,457.89257129241645,13974800,MSFT
2025-05-30,456.7119445800781,458.02149174118404,451.93016282180776,456.07703188956276,34770500,MSFT
2025-06-02,458.3092346191406,458.44810948050275,453.2695031394806,453.51752207653715,16626500,MSFT
2025-06-03,459.3013000488281,460.4620419695056,457.20800452370844,457.8131864599202,15743800,MSFT
2025-06-04,460.19415283203125,461.9997378828715,459.35088242690273,460.3231275179124,14162700,MSFT
2025-06-05,463.9739685058594,465.92835889810493,460.35289815926444,461.2755213187348,20131700,MSFT
2025-06-06,466.6526184082031,469.5891542911904,465.06529107727056,466.36490794975737,15285600,MSFT
2025-06-09,469.0038146972656,469.67841894667356,464.90653697170796,465.9779957450024,16469900,MSFT
2025-06-10,467.1883544921875,469.05343158625357,463.2597124799446,467.4562040620332,15375900,MSFT
2025-06-11,468.87481689453125,471.7022387212418,465.93828127215454,466.29541399515057,16399200,MSFT
2025-06-12,475.0752868652344,476.6130223697302,469.7676758011157,471.2557893550323,18950600,MSFT
2025-06-13,471.1962585449219,475.38281914376,469.0137102048777,472.63478039747713,16814500,MSFT
2025-06-16,475.3431701660156,476.8808754060361,471.23596219473825,471.44428961660435,15626100,MSFT
2025-06-17,474.25189208984375,474.9463269378011,470.3232503868908,471.63279762120845,15414100,MSFT
2025-06-18,476.4344482421875,477.1884355000323,470.70025162122124,474.21220825159133,17526500,MSFT
2025-06-20,473.6169738769531,479.6289507141904,473.09117492174096,478.4087168746746,37576200,MSFT
2025-06-23,482.1488037109375,483.884936234588,468.76571183115124,474.42052531416374,24864000,MSFT
2025-06-24,486.2262268066406,487.952459183197,482.9424585265478,485.075445589935,22305600,MSFT
2025-06-25,488.369140625,490.64100267238626,485.5119877675007,488.14098256866794,17495100,MSFT
2025-06-26,493.5080871582031,494.09340820956044,488.9048412091741,489.0735074056833,21578900,MSFT
2025-06-27,492.0100402832031,495.3434002058453,489.12309627390664,493.60726767719865,34539200,MSFT
2025-06-30,493.4684143066406,496.79187420420715,491.4048797426009,493.101351114434,28369000,MSFT
2025-07-01,488.15081787109375,494.1032718491211,487.0893199212463,492.5358056229024,19945400,MSFT
2025-07-02,487.198486328125,489.5893925672679,484.82744098086494,486.107196925814,16319600,MSFT
2025-07-03,494.8870849609375,496.16687121115365,489.52988173373706,489.89694493303733,13984800,MSFT
2025-07-07,493.77593994140625,494.7977767455099,491.3056810299541,493.4386378219278,13981600,MSFT
2025-07-08,492.68463134765625,494.25212791462184,490.1945116420166,493.2997134401056,11846600,MSFT
2025-07-09,499.5200500488281,502.76412671878114,495.77990524850594,496.3354652236218,18659500,MSFT
2025-07-10,497.5061340332031,500.4426696344743,493.8056807647675,499.06366987607214,16492100,MSFT
2025-07-11,499.33154296875,501.0279839194423,493.85526578992295,494.51996982276876,16459500,MSFT
2025-07-14,499.033935546875,499.9764196247383,497.0597144820079,497.5458219138798,12058800,MSFT
2025-07-15,501.811767578125,504.2720960834484,498.80577924001653,499.03393728805895,14927200,MSFT
2025-07-16,501.61334228515625,502.70463167926073,497.9129190668174,501.1768265275145,15154400,MSFT
2025-07-17,507.6451721191406,509.3019216630888,501.61333461976557,501.67285674255714,17503100,MSFT
2025-07-18,506.0082092285156,510.5618634291492,503.40897568442307,510.4030974050004,21209700,MSFT
2025-07-21,506.0181579589844,508.03210080948105,501.54388660874696,502.69469811942383,14066800,MSFT
2025-07-22,501.2660827636719,507.1491147296819,501.2660827636719,506.92092641726225,13868600,MSFT
2025-07-23,501.861328125,502.77405108780124,496.7323137246232,502.7343595827018,16396600,MSFT
2025-07-24,506.8316650390625,509.59953458867506,503.28001689239056,504.73836945889843,16107000,MSFT
2025-07-25,509.6392822265625,514.1829458042694,506.3157919577708,508.4090573683804,19125700,MSFT
2025-07-28,508.4388122558594,510.91900158393673,506.07766717141,510.0063088656235,14308000,MSFT
2025-07-29,508.5082702636719,513.5182406496896,507.50626407616875,511.4448362580723,16469200,MSFT
2025-07-30,509.1729431152344,511.86149016920456,505.4030674134904,511.08764202727673,26380400,MSFT
2025-07-31,529.2723999023438,551.0484742016899,527.6851029610986,550.8301860551579,51617300,MSFT
2025-08-01,519.956787109375,531.5541546097426,516.7325410439772,530.7605061500977,28977600,MSFT
2025-08-04,531.3954467773438,533.9847498429226,523.9449485218581,524.0838536533402,25349000,MSFT
2025-08-05,523.5679321289062,533.0422426180032,523.0619638515897,532.9231983823397,19171600,MSFT
2025-08-06,520.7802734375,527.486715540996,519.8775111011839,526.6930670104376,21355700,MSFT
2025-08-07,516.7127075195312,523.9052559727172,513.4487398823029,522.6254396329194,16079100,MSFT
2025-08-08,517.9032592773438,520.5024931820143,515.2940949258492,518.4588193359411,15531000,MSFT
2025-08-11,517.6353759765625,523.4092640243366,515.6015722772428,518.1611446296885,20194400,MSFT
2025-08-12,525.046142578125,526.7723446368122,518.5579891899393,519.5996565820958,18667000,MSFT
2025-08-13,516.4547729492188,528.478725311786,515.2543395813665,527.8933740196283,19619200,MSFT
2025-08-14,518.3396606445312,521.7821945996749,516.0182375574066,518.4190436500928,20269100,MSFT
2025-08-15,516.0480346679688,521.9310366989816,514.9667059909838,518.6274679925785,25213300,MSFT
2025-08-18,513.0023193359375,518.6770238166106,509.9467697824549,517.4567900842618,23760600,MSFT
2025-08-19,505.7304382324219,511.0777107186651,504.5201046206217,510.91900524319027,21481000,MSFT
2025-08-20,501.7125549316406,506.9507137373093,500.4426991689255,505.829663283555,27723000,MSFT
2025-08-21,501.06658935546875,504.435269171935,499.5561662916726,500.5200628741361,18443300,MSFT
2025-08-22,504.037841796875,507.5158151187978,499.2481684011306,501.0765850227361,24324200,MSFT
2025-08-25,501.0865173339844,504.9917771303553,500.9473838488724,503.44159720621536,21638600,MSFT
2025-08-26,498.8804931640625,501.801993130018,495.3727099158942,501.1858695359189,30835700,MSFT
2025-08-27,503.5508728027344,504.09742962807053,496.7539232974875,498.8407132226862,17277900,MSFT
2025-08-28,506.4326477050781,507.87350408410515,502.3186878124423,503.89867767213724,18015600,MSFT
2025-08-29,503.501220703125,506.39291066950057,501.3150539612025,505.4588240002719,20961600,MSFT
2025-09-02,501.9410705566406,502.81553721257154,493.68337117589067,497.32034095368414,18128000,MSFT
2025-09-03,502.1696472167969,504.5942937991858,499.1587173668126,500.6194673133705,16345100,MSFT
2025-09-04,504.7731628417969,504.95202275876863,499.983489561643,501.1262461318779,15509500,MSFT
2025-09-05,491.8847961425781,508.7479993566889,489.27134277765646,505.86625611105876,31994800,MSFT
2025-09-08,495.06463623046875,498.04575600626316,491.91457299081776,494.97517595073856,16771000,MSFT
2025-09-09,495.2733459472656,499.08917592804124,494.5678227014102,498.27432917901325,14410500,MSFT
2025-09-10,497.2209777832031,500.06299449245154,493.5939546766565,499.81456783685906,21611800,MSFT
2025-09-11,497.8569641113281,500.00337405269875,494.7466575341409,499.08915061774627,18881600,MSFT
2025-09-12,506.6910095214844,509.32432605160386,500.67909648146514,503.4614629424367,23624900,MSFT
2025-09-15,512.1166381835938,512.2259313574772,503.80926524972944,505.58800862213144,17143800,MSFT
2025-09-16,505.83642578125,513.9748550906477,505.3991924428879,513.6270820344445,19711900,MSFT
2025-09-17,506.81024169921875,508.07226852063866,502.74598524416496,507.4064717390096,15816600,MSFT
2025-09-18,505.2501525878906,509.84107240669834,504.4651158521554,508.270998935228,18913700,MSFT
2025-09-19,514.67041015625,516.0317832353262,507.09837133283605,507.34679796260957,52474100,MSFT
2025-09-22,511.21234130859375,514.4816139887456,509.31432785382,512.3451813197225,20009300,MSFT
2025-09-23,506.0252685546875,511.35155218118825,504.1173383670773,510.5664850795932,19799600,MSFT
2025-09-24,506.9394226074219,509.2547456727144,503.72976965544393,507.16798604562155,13533700,MSFT
2025-09-25,503.8390808105469,506.8003375404676,501.8616142840625,505.10107733704126,15786500,MSFT
2025-09-26,508.2411804199219,510.70558375978015,503.4316440082871,506.849997214163,16213100,MSFT
2025-09-29,511.36138916015625,513.5972289973041,505.67741655332713,508.28092297827857,17617800,MSFT
2025-09-30,514.6903686523438,514.8990082310244,506.45253207823936,510.0099885223437,19728200,MSFT
2025-10-01,516.4393310546875,517.2342842847302,508.4697839098333,511.5601971915601,22632300,MSFT
2025-10-02,512.4942626953125,518.3173691617891,507.4661094259624,514.3823296081488,21222900,MSFT
2025-10-03,514.0940551757812,517.2143082734997,511.75886906280147,513.8456285403139,15112300,MSFT
2025-10-06,525.2435302734375,527.6880704621805,514.9387971845453,515.3461902238155,21388600,MSFT
2025-10-07,520.682373046875,526.4657528279373,518.1583800775612,524.9652461341774,14615200,MSFT
2025-10-08,521.546875,523.6336952116123,519.7980023635643,519.9868090400763,13363400,MSFT
2025-10-09,519.1123657226562,521.0302122328587,514.1438325922749,519.0527457511332,18343600,MSFT
2025-10-10,507.74432373046875,520.2849266906686,506.42270727517143,516.3697201998212,24133800,MSFT
2025-10-13,510.81488037109375,513.1600134586593,508.45980051307464,513.1600134586593,14284200,MSFT
2025-10-14,510.337890625,512.0371506947121,502.815524609146,507.0189143190136,14684300,MSFT
2025-10-15,510.1987609863281,513.935107423202,506.7903547024341,511.71916116293283,14694700,MSFT
2025-10-16,508.3902282714844,513.597241245564,504.93214864922606,509.3541552294708,15559600,MSFT
2025-10-17,510.347900390625,512.2359067167633,504.1173400169688,505.8364635131052,19867800,MSFT
2025-10-20,513.53759765625,515.4356111738924,510.19875812962454,511.37132460679527,14665600,MSFT
2025-10-21,514.4021606445312,515.4257076122852,509.81124074780416,514.2431942660954,15586200,MSFT
2025-10-22,517.2640380859375,521.9245247034462,514.4518919333965,517.8702452376143,18962700,MSFT
2025-10-23,517.283935546875,520.6526156742948,515.3461954332505,519.1720024577996,14023500,MSFT
2025-10-24,520.314697265625,522.0437370421222,517.4329845218087,519.499850577073,15532400,MSFT
2025-10-27,528.1749877929688,531.2157277722118,525.6807743511338,528.4333612309177,18734700,MSFT
2025-10-28,538.6585693359375,550.2352153811122,537.366762825241,546.5386557673307,29986700,MSFT
2025-10-29,538.141845703125,542.8321728172806,533.3521721804118,541.510525937623,36023000,MSFT
2025-10-30,522.451171875,531.6031704966998,518.8340654321457,527.1414377363435,41023100,MSFT
2025-10-31,514.5512084960938,525.9887810857076,511.85824179468614,525.5515477587454,34006400,MSFT
2025-11-03,513.776123046875,521.6562086548496,511.3514766558802,516.5385956979154,22374700,MSFT
2025-11-04,511.0931701660156,512.3054631947169,504.64399323613884,508.53933673798264,20958700,MSFT
2025-11-05,503.9682312011719,511.58997398954807,503.39186440425516,510.0695738143288,23024300,MSFT
2025-11-06,493.9715576171875,502.51744045426454,492.6896676102462,502.47768369906356,27406500,MSFT
2025-11-07,493.6933288574219,496.2372153715257,490.1457889557352,493.8225155697467,24019800,MSFT
2025-11-10,502.8155212402344,503.6601778844964,495.66082185127294,496.8930386116327,26101500,MSFT
2025-11-11,505.4786682128906,506.39289163210333,499.18851875070465,501.6230817360039,17980000,MSFT
2025-11-12,507.9232177734375,508.4498810705414,495.9788447581273,506.1543908722183,26574900,MSFT
2025-11-13,500.1225891113281,510.26832472026865,498.1351759673349,507.098398329558,25273100,MSFT
2025-11-14,506.96923828125,508.38031503091224,494.30942559248354,495.0944623167857,28505700,MSFT
2025-11-17,504.296142578125,508.8970088955905,501.7323929449627,505.2501227292945,19092800,MSFT
2025-11-18,490.6824035644531,499.8145698875434,483.71651040889276,492.2524466910109,33815100,MSFT
2025-11-19,484.0543518066406,492.0735713081103,479.79134202204426,487.0156083775533,23245300,MSFT
2025-11-20,476.3088684082031,491.3817596467919,473.39186588492817,490.5255566668064,26802500,MSFT
2025-11-21,470.0268249511719,476.796695003642,466.19388806310616,476.3785437287191,31769200,MSFT
2025-11-24,471.8985290527344,474.7856658755464,465.9450303435204,472.8940955697233,34421000,MSFT
2025-11-25,474.8752136230469,477.0256407210385,462.82888433135173,471.9681767111092,28019800,MSFT
2025-11-26,483.3475036621094,486.14504291080743,479.06658014921754,484.1539100429923,25709100,MSFT
2025-11-28,489.82867431640625,490.44592067381114,484.49242217644115,485.4382224868377,14386700,MSFT
2025-12-01,484.5820007324219,487.68816317334665,482.5012705124726,486.27447583839387,23964000,MSFT
2025-12-02,487.82757568359375,491.312058367048,484.16389832530854,484.56211884124775,19562700,MSFT
2025-12-03,475.6119689941406,482.09308589504883,473.0931871020635,474.2082166599713,34615100,MSFT
2025-12-04,478.7081604003906,479.186043226252,474.3774403367437,477.6329620200481,22318200,MSFT
2025-12-05,481.01788330078125,481.2568095233099,476.7568601661199,480.3807061976695,22608700,MSFT
2025-12-08,488.8430480957031,490.11737199051475,482.2325023858298,482.74025101921535,21965900,MSFT
2025-12-09,489.8385925292969,489.93815525049575,486.33420957194573,486.93155551686203,14696100,MSFT
2025-12-10,476.4382629394531,482.10303829287767,472.973680864489,481.88401246545567,35756200,MSFT
2025-12-11,481.3265075683594,483.8751552220924,473.750231167373,474.51683677020293,24669200,MSFT
2025-12-12,476.4084167480469,480.31105063829824,474.22812377070755,477.69270598810584,21248100,MSFT
2025-12-15,472.7148742675781,478.588710310573,470.42505317808707,477.97146396596463,23727700,MSFT
2025-12-16,474.2779235839844,475.7712732838117,468.79234263095657,469.8177748762136,20705600,MSFT
2025-12-17,474.00909423828125,477.8718969329872,472.8940646732686,474.79560024235434,24527200,MSFT
2025-12-18,481.8342590332031,487.4293375934554,475.7712630284666,476.06992080908344,28573500,MSFT
2025-12-19,483.7656555175781,485.68709144559693,480.35083955461556,485.1992432324443,70836100,MSFT
2025-12-22,482.7701110839844,486.5632169440421,480.5499868948874,483.9647726311972,16963000,MSFT
2025-12-23,484.6915588378906,485.66719456773416,482.5908977144131,482.829854335465,14683600,MSFT
2025-12-24,485.8563232421875,486.99128356758627,482.680463867149,483.5267014178325,5855900,MSFT
2025-12-26,485.5477294921875,485.95591540329985,483.8054881161676,484.5521629916047,8842200,MSFT
2025-12-29,484.9404296875,486.1848877649252,482.0333622504328,482.71034015280554,10893400,MSFT
2025-12-30,485.3187561035156,487.5089841188462,483.3475235456682,483.77560983811236,13944500,MSFT
2025-12-31,481.4758605957031,485.97584057107747,481.15727202744546,485.6771523949816,15601600,MSFT
2026-01-02,470.84320068359375,482.5112407273309,468.07552715971417,482.24244872265706,25571600,MSFT
2026-01-05,470.75360107421875,473.95932625248497,467.41844739653146,471.95822796941724,25250300,MSFT
2026-01-06,476.3885192871094,476.617480129593,467.6673473241013,471.69937935780575,23037700,MSFT
2026-01-07,481.3265075683594,487.5288974221053,475.83099176167434,477.63296458601815,25564200,MSFT
2026-01-08,475.9902648925781,480.5201105081445,473.7502403609407,479.10639276886474,18162600,MSFT
2026-01-09,477.15509033203125,477.6927047258898,470.106493184136,471.9582322108041,18491000,MSFT
2026-01-12,475.06439208984375,478.85749783991434,473.57104241242143,474.5566738594685,23519900,MSFT
2026-01-13,468.5832824707031,473.6706125344443,463.88420753037366,472.57548334410274,28545800,MSFT
2026-01-14,457.3433532714844,466.12425727832346,455.14315976714454,464.3919508718589,28184300,MSFT
2026-01-15,454.6354064941406,462.191752665677,453.8787662235596,462.06232415810086,23225800,MSFT
2026-01-16,457.8211975097656,461.13645097900303,454.4562082505655,455.8001987238622,34246700,MSFT
2026-01-20,452.5048522949219,454.77474258752966,447.28809381488645,449.2194951600843,26130000,MSFT
2026-01-21,442.1409912109375,450.6829681667298,436.73507280530305,450.5933708341933,37980500,MSFT
2026-01-22,449.1398620605469,450.8323067932568,442.7284117030413,445.6354487179439,25349400,MSFT
2026-01-23,463.8841857910156,469.01134678020316,448.5325382185013,449.8665935761158,38000200,MSFT
2026-01-26,468.1949768066406,472.14737672642065,459.9516880286902,463.2470104625561,29291200,MSFT
2026-01-27,478.4493408203125,480.72919663912324,471.06225431764057,471.59986874099184,29213900,MSFT
2026-01-28,479.4946594238281,481.59528998521284,475.8807484603396,481.0676409982362,36875400,MSFT
2026-01-29,431.57806396484375,440.5381621786467,419.1533835040837,438.0392806211351,128855300,MSFT
2026-01-30,428.3822937011719,437.65101486434605,424.55932220203715,437.2229285851671,58566800,MSFT
2026-02-02,421.49298095703125,428.8303011436502,420.37795134689077,428.33251789753194,42219900,MSFT
2026-02-03,409.3868713378906,420.178808008447,406.7486263222299,420.1390072256922,61424100,MSFT
2026-02-04,412.35369873046875,417.93881231579195,407.4256323109538,409.17783910585314,45012400,MSFT
2026-02-05,391.9246520996094,406.4897635323938,390.5806313349955,405.6335909812077,66289200,MSFT
2026-02-06,399.3615417480469,400.0086538663787,391.17798428483076,397.4002746193236,53515300,MSFT
2026-02-09,411.76629638671875,413.05058563481117,399.0927243377603,403.0550898097971,45480500,MSFT
2026-02-10,411.437744140625,421.80159473973595,410.8702943432265,417.75959730190846,44857900,MSFT
2026-02-11,402.5771789550781,414.61357304478975,399.2320904458023,414.33481566901673,42491000,MSFT
2026-02-12,400.05841064453125,404.3990960787573,396.24540458526855,403.20440420967,40802400,MSFT
2026-02-13,399.5407409667969,403.7420326637702,396.2852191820681,402.65686886295305,34091600,MSFT
2026-02-17,395.1004943847656,398.7442713079252,392.78083787972264,397.45004705087115,32078800,MSFT
2026-02-18,397.8283386230469,400.77520665339193,394.56288205367116,396.3648548030424,23223400,MSFT
2026-02-19,397.5988464355469,403.55594539020564,395.8127368785549,399.82403795970674,28234000,MSFT
2026-02-20,396.37152099609375,399.2552593187824,394.3059873534157,395.2539159508346,34015200,MSFT
2026-02-23,383.6390686035156,394.50551684604494,382.27203437696886,394.14630950985264,43238300,MSFT
2026-02-24,388.1593017578125,388.5185091169527,380.88504821898124,383.30981969967445,33884700,MSFT
2026-02-25,399.7342224121094,400.60233728073825,389.31678308531696,389.68597856263057,43625500,MSFT
2026-02-26,400.851806640625,406.6093255926281,397.8782360341113,403.8353349281015,34405900,MSFT
2026-02-27,391.8912048339844,395.9624042352165,389.0374004516944,390.03523926255787,51367200,MSFT
2026-03-02,397.6886291503906,400.32293811697235,389.78576315389057,392.01092411942045,35474900,MSFT
2026-03-03,403.0570068359375,405.82103971635513,391.82136299902305,392.2903484387299,38199200,MSFT
2026-03-04,404.32427978515625,410.14166638677375,399.44483360720756,400.4027502952161,35808000,MSFT
2026-03-05,409.79241943359375,410.72040218284053,403.525993165685,403.54596943015656,39001300,MSFT
2026-03-06,408.0761413574219,412.1572983375802,407.6271321747383,408.31564337314285,31123900,MSFT
2026-03-09,408.5251770019531,409.3234358422322,402.62794618065146,404.044890641513,30131900,MSFT
2026-03-10,404.8830871582031,409.31349393117443,402.05918625996463,409.1438479339772,31706400,MSFT
2026-03-11,404.0049743652344,408.1260534422115,400.7220762180728,404.6934855668013,25512100,MSFT
2026-03-12,400.9914855957031,405.2422886286942,400.84181586601125,403.7555185610488,27263900,MSFT
2026-03-13,394.69512939453125,403.9251383935716,393.3979511212616,400.13336309353434,26848000,MSFT
2026-03-16,399.08563232421875,399.7641553863696,393.9367805641587,397.209690545171,27733700,MSFT
2026-03-17,398.5467834472656,403.5259891234105,396.8903674487218,399.4049101655112,26228300,MSFT
2026-03-18,390.9432678222656,397.13983817793417,390.1549666521916,396.271723303423,25908500,MSFT
2026-03-19,388.1792297363281,391.6417315076428,386.2234742615233,389.2569126674818,25138800,MSFT
2026-03-20,381.0447082519531,386.16362631018524,379.29849030352204,385.95408868282834,50853200,MSFT
2026-03-23,382.1722717285156,386.3731646745857,380.85511716508233,383.07032058481127,29680100,MSFT
2026-03-24,371.9344177246094,381.6434000325674,371.04635704379217,381.53362193174286,42733600,MSFT
2026-03-25,370.2381286621094,376.2451074667104,368.831172255135,376.10542586510894,31181200,MSFT
2026-03-26,365.1790771484375,373.9101668945663,364.4007640805619,370.01860155518807,36836600,MSFT
2026-03-27,355.9989318847656,361.6666793192034,355.73951450811694,361.11784971721505,37883400,MSFT
2026-03-30,358.1842041015625,364.5703662773937,355.51000344849933,361.1178525849577,44797000,MSFT
2026-03-31,369.3699951171875,372.09407550142714,362.28533367877645,363.7621155862403,45244400,MSFT
2026-04-01,368.57171630859375,373.1817267376728,367.4042619540212,372.682807332766,29417200,MSFT
2026-04-02,372.6528625488281,372.83249667260446,363.3629859357669,366.41637016886637,24099100,MSFT
2026-04-06,372.0741271972656,372.92229624611906,368.70142726638517,372.682794233078,16146600,MSFT
2026-04-07,371.48541259765625,371.64507045865594,365.7677853538718,369.5396147715723,21443300,MSFT
2026-04-08,373.52099609375,384.167949815935,370.6073237610428,384.148004001906,33064800,MSFT
2026-04-09,372.26373291015625,372.6927962909368,366.2567237727329,371.6949574789129,30435300,MSFT
2026-04-10,370.0684814453125,374.8281921461914,369.23030048358606,372.17393720824543,28111100,MSFT
2026-04-13,383.539306640625,383.70895264062807,370.2181521550117,372.8025510733858,35745800,MSFT
2026-04-14,392.2604064941406,393.83700889302276,385.684652281273,387.0816509997633,37504500,MSFT
2026-04-15,410.3312683105469,413.47445440771634,395.8725939925935,397.1398382929036,45063400,MSFT
2026-04-16,419.35174560546875,419.9105328997013,411.2492993874727,418.95258572248235,41642400,MSFT
2026-04-17,421.87628173828125,430.64726300981,419.78081413338697,423.9018933176335,48568200,MSFT
2026-04-20,417.1664733886719,422.4150847565369,415.40027922801784,420.2398034863272,27582200,MSFT
2026-04-21,423.2433166503906,426.25677891783357,416.2983670043314,419.33177508554746,32048500,MSFT
2026-04-22,431.984375,432.7626880248645,422.7543663498755,425.2689090952171,29378200,MSFT
2026-04-23,414.8514709472656,422.7443793162959,410.5208543154444,418.9825380949446,38308000,MSFT
2026-04-24,423.7023010253906,424.0316048781353,414.9013556123021,416.0688403922519,27457400,MSFT
2026-04-27,423.9018859863281,426.1869149113369,416.1686352924954,421.46715688013995,30867300,MSFT
2026-04-28,428.3222961425781,428.99086152362304,420.9881750222059,423.6524179624475,30438100,MSFT
2026-04-29,423.5426330566406,425.8975483734993,419.38166246548025,423.6623688360089,38288300,MSFT
2026-04-30,406.8987121582031,413.5243765293071,397.1498378648014,409.92216255995794,70909400,MSFT
2026-05-01,413.5443115234375,416.2085240460113,409.5529563541748,411.9078412872606,31372400,MSFT
2026-05-04,412.72607421875,419.87060358807366,409.91216153093814,410.6505829404435,28066500,MSFT
2026-05-05,410.4909362792969,415.8792597859335,407.916495085617,414.42242364358015,25700900,MSFT
2026-05-06,413.0653381347656,417.51572107575487,404.23445872829495,407.11822745622237,30285900,MSFT
2026-05-07,419.8606262207031,427.05506598481406,417.8549909144547,419.2020489501835,34942400,MSFT
2026-05-08,414.22283935546875,417.7252633012779,413.105264767488,416.48795292910256,33383800,MSFT
2026-05-11,411.7681579589844,411.79809190456297,404.6236285818644,406.9885016374445,35657900,MSFT
2026-05-12,406.8887023925781,414.6020070114768,405.76117016707224,413.58422243338293,38594200,MSFT
2026-05-13,404.3342590332031,405.4318878236479,400.1633000811369,402.3286237155428,29667100,MSFT
2026-05-14,408.5451354980469,410.94993067744383,400.013625877668,403.6058516736889,27077500,MSFT
2026-05-15,421.0081481933594,427.24464052002446,412.01761111071977,413.3746572242232,50771200,MSFT
2026-05-18,422.6246643066406,424.2012362508279,414.7117792841577,415.71960624154525,32564100,MSFT
2026-05-19,416.51788330078125,431.7648588737268,415.58987007798993,428.9708919761278,33018700,MSFT
2026-05-20,420.1499938964844,421.18775475321456,410.4110776678385,413.2749005432513,27864000,MSFT
2026-05-21,419.0899963378906,426.3399963378906,415.7099914550781,424.75,31393500,MSFT
2026-05-22,418.57000732421875,424.3999938964844,416.3299865722656,419.5400085449219,22341900,MSFT
2023-01-03,108.0999984741211,118.80000305175781,104.63999938964844,118.47000122070312,231402800,TSLA
2023-01-04,113.63999938964844,114.58999633789062,107.5199966430664,109.11000061035156,180389000,TSLA
2023-01-05,110.33999633789062,111.75,107.16000366210938,110.51000213623047,157986300,TSLA
2023-01-06,113.05999755859375,114.38999938964844,101.80999755859375,103.0,220911100,TSLA
2023-01-09,119.7699966430664,123.5199966430664,117.11000061035156,118.95999908447266,190284000,TSLA
2023-01-10,118.8499984741211,122.76000213623047,114.91999816894531,121.06999969482422,167642500,TSLA
2023-01-11,123.22000122070312,125.94999694824219,120.51000213623047,122.08999633789062,183810800,TSLA
2023-01-12,123.55999755859375,124.12999725341797,117.0,122.55999755859375,169400900,TSLA
2023-01-13,122.4000015258789,122.62999725341797,115.5999984741211,116.55000305175781,180714100,TSLA
2023-01-17,131.49000549316406,131.6999969482422,125.0199966430664,125.69999694824219,186477000,TSLA
2023-01-18,128.77999877929688,136.67999267578125,127.01000213623047,136.55999755859375,195680300,TSLA
2023-01-19,127.16999816894531,129.99000549316406,124.30999755859375,127.26000213623047,170291900,TSLA
2023-01-20,133.4199981689453,133.50999450683594,127.3499984741211,128.67999267578125,138858100,TSLA
2023-01-23,143.75,145.3800048828125,134.27000427246094,135.8699951171875,203119200,TSLA
2023-01-24,143.88999938964844,146.5,141.10000610351562,143.0,158699100,TSLA
2023-01-25,144.42999267578125,146.41000366210938,138.07000732421875,141.91000366210938,192734300,TSLA
2023-01-26,160.27000427246094,161.4199981689453,154.75999450683594,159.97000122070312,234815100,TSLA
2023-01-27,177.89999389648438,180.67999267578125,161.1699981689453,162.42999267578125,306590600,TSLA
2023-01-30,166.66000366210938,179.77000427246094,166.5,178.0500030517578,230878800,TSLA
2023-01-31,173.22000122070312,174.3000030517578,162.77999877929688,164.57000732421875,196813500,TSLA
2023-02-01,181.41000366210938,183.80999755859375,169.92999267578125,173.88999938964844,213806300,TSLA
2023-02-02,188.27000427246094,196.75,182.61000061035156,187.3300018310547,217448300,TSLA
2023-02-03,189.97999572753906,199.0,183.69000244140625,183.9499969482422,232662000,TSLA
2023-02-06,194.75999450683594,198.1699981689453,189.9199981689453,193.00999450683594,186188100,TSLA
2023-02-07,196.80999755859375,197.5,189.5500030517578,196.42999267578125,186010300,TSLA
2023-02-08,201.2899932861328,203.0,194.30999755859375,196.10000610351562,180673600,TSLA
2023-02-09,207.32000732421875,214.0,204.77000427246094,207.77999877929688,215431400,TSLA
2023-02-10,196.88999938964844,206.1999969482422,192.88999938964844,202.22999572753906,204754100,TSLA
2023-02-13,194.63999938964844,196.3000030517578,187.61000061035156,194.4199981689453,172475500,TSLA
2023-02-14,209.25,209.82000732421875,189.44000244140625,191.94000244140625,216455700,TSLA
2023-02-15,214.24000549316406,214.66000366210938,206.11000061035156,211.75999450683594,181006400,TSLA
2023-02-16,202.0399932861328,217.64999389648438,201.83999633789062,210.77999877929688,229586500,TSLA
2023-02-17,208.30999755859375,208.44000244140625,197.5,199.99000549316406,213738500,TSLA
2023-02-21,197.3699951171875,209.7100067138672,197.22000122070312,204.99000549316406,180018600,TSLA
2023-02-22,200.86000061035156,201.99000549316406,191.77999877929688,197.92999267578125,191828500,TSLA
2023-02-23,202.07000732421875,205.13999938964844,196.3300018310547,203.91000366210938,146360000,TSLA
2023-02-24,196.8800048828125,197.6699981689453,192.8000030517578,196.3300018310547,142228100,TSLA
2023-02-27,207.6300048828125,209.4199981689453,201.25999450683594,202.02999877929688,161028300,TSLA
2023-02-28,205.7100067138672,211.22999572753906,203.75,210.58999633789062,153144900,TSLA
2023-03-01,202.77000427246094,207.1999969482422,198.52000427246094,206.2100067138672,156852800,TSLA
2023-03-02,190.89999389648438,193.75,186.00999450683594,186.74000549316406,181500700,TSLA
2023-03-03,197.7899932861328,200.47999572753906,192.8800048828125,194.8000030517578,154193300,TSLA
2023-03-06,193.80999755859375,198.60000610351562,192.3000030517578,198.5399932861328,128100100,TSLA
2023-03-07,187.7100067138672,194.1999969482422,186.10000610351562,191.3800048828125,148125800,TSLA
2023-03-08,182.0,186.5,180.0,185.0399932861328,151897800,TSLA
2023-03-09,172.9199981689453,185.17999267578125,172.50999450683594,180.25,170023800,TSLA
2023-03-10,173.44000244140625,178.2899932861328,168.44000244140625,175.1300048828125,191488900,TSLA
2023-03-13,174.47999572753906,177.35000610351562,163.91000366210938,167.4600067138672,167790300,TSLA
2023-03-14,183.25999450683594,183.8000030517578,177.13999938964844,177.30999755859375,143717900,TSLA
2023-03-15,180.4499969482422,182.33999633789062,176.02999877929688,180.8000030517578,145995600,TSLA
2023-03-16,184.1300048828125,185.80999755859375,178.83999633789062,180.3699951171875,121136800,TSLA
2023-03-17,180.1300048828125,186.22000122070312,177.3300018310547,184.52000427246094,133197100,TSLA
2023-03-20,183.25,186.44000244140625,176.35000610351562,178.0800018310547,129684400,TSLA
2023-03-21,197.5800018310547,198.0,188.0399932861328,188.27999877929688,153391400,TSLA
2023-03-22,191.14999389648438,200.66000366210938,190.9499969482422,199.3000030517578,150376400,TSLA
2023-03-23,192.22000122070312,199.30999755859375,188.64999389648438,195.25999450683594,144193900,TSLA
2023-03-24,190.41000366210938,192.36000061035156,187.14999389648438,191.64999389648438,116312400,TSLA
2023-03-27,191.80999755859375,197.38999938964844,189.94000244140625,194.4199981689453,120851600,TSLA
2023-03-28,189.19000244140625,192.35000610351562,185.42999267578125,192.0,98654600,TSLA
2023-03-29,193.8800048828125,195.2899932861328,189.44000244140625,193.1300048828125,123660000,TSLA
2023-03-30,195.27999877929688,197.3300018310547,194.4199981689453,195.5800018310547,110252200,TSLA
2023-03-31,207.4600067138672,207.7899932861328,197.1999969482422,197.52999877929688,170222100,TSLA
2023-04-03,194.77000427246094,202.69000244140625,192.1999969482422,199.91000366210938,169545900,TSLA
2023-04-04,192.5800018310547,198.74000549316406,190.32000732421875,197.32000732421875,126463800,TSLA
2023-04-05,185.52000427246094,190.67999267578125,183.75999450683594,190.52000427246094,133882500,TSLA
2023-04-06,185.05999755859375,186.38999938964844,179.74000549316406,183.0800018310547,123857900,TSLA
2023-04-10,184.50999450683594,185.10000610351562,176.11000061035156,179.94000244140625,142154600,TSLA
2023-04-11,186.7899932861328,189.19000244140625,185.64999389648438,186.69000244140625,115770900,TSLA
2023-04-12,180.5399932861328,191.5800018310547,180.30999755859375,190.74000549316406,150256300,TSLA
2023-04-13,185.89999389648438,186.5,180.94000244140625,182.9600067138672,112933000,TSLA
2023-04-14,185.0,186.27999877929688,182.00999450683594,183.9499969482422,96438700,TSLA
2023-04-17,187.0399932861328,189.69000244140625,182.69000244140625,186.32000732421875,116662200,TSLA
2023-04-18,184.30999755859375,187.69000244140625,183.5800018310547,187.14999389648438,92067000,TSLA
2023-04-19,180.58999633789062,183.5,177.64999389648438,179.10000610351562,125732700,TSLA
2023-04-20,162.99000549316406,169.6999969482422,160.55999755859375,166.1699981689453,210970800,TSLA
2023-04-21,165.0800018310547,166.0,161.32000732421875,164.8000030517578,123539000,TSLA
2023-04-24,162.5500030517578,165.64999389648438,158.61000061035156,164.64999389648438,140006600,TSLA
2023-04-25,160.6699981689453,163.47000122070312,158.75,159.82000732421875,121999300,TSLA
2023-04-26,153.75,160.6699981689453,153.13999938964844,160.2899932861328,153364100,TSLA
2023-04-27,160.19000244140625,160.47999572753906,152.3699951171875,152.63999938964844,127015200,TSLA
2023-04-28,164.30999755859375,165.0,157.32000732421875,160.89999389648438,122515800,TSLA
2023-05-01,161.8300018310547,163.27999877929688,158.8300018310547,163.1699981689453,109015000,TSLA
2023-05-02,160.30999755859375,165.49000549316406,158.92999267578125,161.8800048828125,128259700,TSLA
2023-05-03,160.61000061035156,165.0,159.91000366210938,160.00999450683594,119728000,TSLA
2023-05-04,161.1999969482422,162.9499969482422,159.64999389648438,162.7100067138672,95108500,TSLA
2023-05-05,170.05999755859375,170.7899932861328,163.50999450683594,163.97000122070312,107607300,TSLA
2023-05-08,171.7899932861328,173.8000030517578,169.19000244140625,173.72000122070312,112249400,TSLA
2023-05-09,169.14999389648438,169.82000732421875,166.55999755859375,168.9499969482422,88965000,TSLA
2023-05-10,168.5399932861328,174.42999267578125,166.67999267578125,172.5500030517578,119840700,TSLA
2023-05-11,172.0800018310547,173.57000732421875,166.7899932861328,168.6999969482422,103889900,TSLA
2023-05-12,167.97999572753906,177.3800048828125,167.22999572753906,176.07000732421875,157849600,TSLA
2023-05-15,166.35000610351562,169.75999450683594,164.5500030517578,167.66000366210938,105592500,TSLA
2023-05-16,166.52000427246094,169.52000427246094,164.35000610351562,165.64999389648438,98288800,TSLA
2023-05-17,173.86000061035156,174.5,167.19000244140625,168.41000366210938,125473600,TSLA
2023-05-18,176.88999938964844,177.05999755859375,172.4499969482422,174.22000122070312,109520300,TSLA
2023-05-19,180.13999938964844,181.9499969482422,176.30999755859375,177.1699981689453,136196700,TSLA
2023-05-22,188.8699951171875,189.32000732421875,180.11000061035156,180.6999969482422,132001400,TSLA
2023-05-23,185.77000427246094,192.9600067138672,185.25999450683594,186.1999969482422,156952100,TSLA
2023-05-24,182.89999389648438,184.22000122070312,178.22000122070312,182.22999572753906,137605100,TSLA
2023-05-25,184.47000122070312,186.77999877929688,180.5800018310547,186.5399932861328,96870700,TSLA
2023-05-26,193.1699981689453,198.60000610351562,184.52999877929688,184.6199951171875,162061500,TSLA
2023-05-30,201.16000366210938,204.47999572753906,197.52999877929688,200.10000610351562,128818700,TSLA
2023-05-31,203.92999267578125,203.9499969482422,195.1199951171875,199.77999877929688,150711700,TSLA
2023-06-01,207.52000427246094,209.8000030517578,199.3699951171875,202.58999633789062,148029900,TSLA
2023-06-02,213.97000122070312,217.25,209.75,210.14999389648438,164398400,TSLA
2023-06-05,217.61000061035156,221.2899932861328,214.52000427246094,217.8000030517578,151143100,TSLA
2023-06-06,221.30999755859375,221.91000366210938,212.52999877929688,216.13999938964844,146911600,TSLA
2023-06-07,224.57000732421875,230.8300018310547,223.1999969482422,228.0,185710800,TSLA
2023-06-08,234.86000061035156,235.22999572753906,223.00999450683594,224.22000122070312,164489700,TSLA
2023-06-09,244.39999389648438,252.4199981689453,242.02000427246094,249.07000732421875,200242400,TSLA
2023-06-12,249.8300018310547,250.97000122070312,244.58999633789062,247.94000244140625,150337900,TSLA
2023-06-13,258.7099914550781,259.67999267578125,251.33999633789062,253.50999450683594,162384300,TSLA
2023-06-14,256.7900085449219,261.57000732421875,250.5,260.1700134277344,170575500,TSLA
2023-06-15,255.89999389648438,258.95001220703125,247.2899932861328,248.39999389648438,160171200,TSLA
2023-06-16,260.5400085449219,263.6000061035156,257.2099914550781,258.9200134277344,167915600,TSLA
2023-06-20,274.45001220703125,274.75,261.1199951171875,261.5,165611200,TSLA
2023-06-21,259.4599914550781,276.989990234375,257.7799987792969,275.1300048828125,211797100,TSLA
2023-06-22,264.6099853515625,265.0,248.25,250.77000427246094,166875900,TSLA
2023-06-23,256.6000061035156,262.45001220703125,252.8000030517578,259.2900085449219,177460800,TSLA
2023-06-26,241.0500030517578,258.3699951171875,240.6999969482422,250.07000732421875,179990600,TSLA
2023-06-27,250.2100067138672,250.38999938964844,240.85000610351562,243.24000549316406,164968200,TSLA
2023-06-28,256.239990234375,259.8800048828125,248.88999938964844,249.6999969482422,159770800,TSLA
2023-06-29,257.5,260.739990234375,253.61000061035156,258.0299987792969,131283400,TSLA
2023-06-30,261.7699890136719,264.45001220703125,259.8900146484375,260.6000061035156,112620800,TSLA
2023-07-03,279.82000732421875,284.25,275.1099853515625,276.489990234375,119685900,TSLA
2023-07-05,282.4800109863281,283.8500061035156,277.6000061035156,278.82000732421875,131530900,TSLA
2023-07-06,276.5400085449219,279.9700012207031,272.8800048828125,278.0899963378906,120332100,TSLA
2023-07-07,274.42999267578125,280.7799987792969,273.7699890136719,278.42999267578125,113879200,TSLA
2023-07-10,269.6099853515625,277.5199890136719,265.1000061035156,276.4700012207031,119425400,TSLA
2023-07-11,269.7900085449219,270.8999938964844,266.3699951171875,268.6499938964844,91972400,TSLA
2023-07-12,271.989990234375,276.5199890136719,271.4599914550781,276.3299865722656,95672100,TSLA
2023-07-13,277.8999938964844,279.45001220703125,270.6000061035156,274.5899963378906,112681500,TSLA
2023-07-14,281.3800048828125,285.29998779296875,276.30999755859375,277.010009765625,120062400,TSLA
2023-07-17,290.3800048828125,292.2300109863281,283.57000732421875,286.6300048828125,131569600,TSLA
2023-07-18,293.3399963378906,295.260009765625,286.010009765625,290.1499938964844,112120300,TSLA
2023-07-19,291.260009765625,299.2900085449219,289.5199890136719,296.0400085449219,142355400,TSLA
2023-07-20,262.8999938964844,280.92999267578125,261.20001220703125,279.55999755859375,175158300,TSLA
2023-07-21,260.0199890136719,268.0,255.8000030517578,268.0,161796100,TSLA
2023-07-24,269.05999755859375,269.8500061035156,254.1199951171875,255.85000610351562,136508500,TSLA
2023-07-25,265.2799987792969,272.8999938964844,265.0,272.3800048828125,112757300,TSLA
2023-07-26,264.3500061035156,268.0400085449219,261.75,263.25,95856200,TSLA
2023-07-27,255.7100067138672,269.1300048828125,255.3000030517578,268.30999755859375,103697300,TSLA
2023-07-28,266.44000244140625,267.25,258.2300109863281,259.8599853515625,111446000,TSLA
2023-07-31,267.42999267578125,269.0799865722656,263.7799987792969,267.4800109863281,84582200,TSLA
2023-08-01,261.07000732421875,266.4700012207031,260.25,266.260009765625,83166000,TSLA
2023-08-02,254.11000061035156,259.5199890136719,250.49000549316406,255.57000732421875,101752900,TSLA
2023-08-03,259.32000732421875,260.489990234375,252.0,252.0399932861328,97569100,TSLA
2023-08-04,253.86000061035156,264.7699890136719,253.11000061035156,260.9700012207031,99539900,TSLA
2023-08-07,251.4499969482422,253.64999389648438,242.75999450683594,251.4499969482422,111097900,TSLA
2023-08-08,249.6999969482422,250.9199981689453,245.00999450683594,247.4499969482422,96642200,TSLA
2023-08-09,242.19000244140625,251.10000610351562,241.89999389648438,250.8699951171875,101596300,TSLA
2023-08-10,245.33999633789062,251.8000030517578,243.0,245.39999389648438,109498600,TSLA
2023-08-11,242.64999389648438,243.7899932861328,238.02000427246094,241.77000427246094,99038600,TSLA
2023-08-14,239.75999450683594,240.66000366210938,233.75,235.6999969482422,98595300,TSLA
2023-08-15,232.9600067138672,240.5,232.61000061035156,238.72999572753906,88197600,TSLA
2023-08-16,225.60000610351562,233.97000122070312,225.3800048828125,228.02000427246094,112484500,TSLA
2023-08-17,219.22000122070312,226.74000549316406,218.8300018310547,226.05999755859375,120718400,TSLA
2023-08-18,215.49000549316406,217.5800018310547,212.36000061035156,214.1199951171875,136276600,TSLA
2023-08-21,231.27999877929688,232.1300048828125,220.5800018310547,221.5500030517578,135702700,TSLA
2023-08-22,233.19000244140625,240.82000732421875,229.5500030517578,240.25,130442800,TSLA
2023-08-23,236.86000061035156,238.97999572753906,229.2899932861328,229.33999633789062,101077600,TSLA
2023-08-24,230.0399932861328,238.9199981689453,228.17999267578125,238.66000366210938,99777400,TSLA
2023-08-25,238.58999633789062,239.0,230.35000610351562,231.30999755859375,106612200,TSLA
2023-08-28,238.82000732421875,244.3800048828125,235.35000610351562,242.5800018310547,107673700,TSLA
2023-08-29,257.17999267578125,257.4800109863281,237.77000427246094,238.5800018310547,134047600,TSLA
2023-08-30,256.8999938964844,260.510009765625,250.58999633789062,254.1999969482422,121988400,TSLA
2023-08-31,258.0799865722656,261.17999267578125,255.0500030517578,255.97999572753906,108861700,TSLA
2023-09-01,245.00999450683594,259.0799865722656,242.00999450683594,257.260009765625,132541600,TSLA
2023-09-05,256.489990234375,258.0,244.86000061035156,245.0,129469600,TSLA
2023-09-06,251.9199981689453,255.38999938964844,245.05999755859375,255.13999938964844,116959800,TSLA
2023-09-07,251.49000549316406,252.80999755859375,243.27000427246094,245.07000732421875,115312900,TSLA
2023-09-08,248.5,256.5199890136719,246.6699981689453,251.22000122070312,118367700,TSLA
2023-09-11,273.5799865722656,274.8500061035156,260.6099853515625,264.2699890136719,174667900,TSLA
2023-09-12,267.4800109863281,278.3900146484375,266.6000061035156,270.760009765625,135999900,TSLA
2023-09-13,271.29998779296875,274.9800109863281,268.1000061035156,270.07000732421875,111673700,TSLA
2023-09-14,276.0400085449219,276.7099914550781,270.4200134277344,271.32000732421875,107709800,TSLA
2023-09-15,274.3900146484375,278.9800109863281,271.0,277.54998779296875,133692300,TSLA
2023-09-18,265.2799987792969,271.44000244140625,263.760009765625,271.1600036621094,101543300,TSLA
2023-09-19,266.5,267.8500061035156,261.20001220703125,264.3500061035156,103704000,TSLA
2023-09-20,262.5899963378906,273.92999267578125,262.4599914550781,267.0400085449219,122514600,TSLA
2023-09-21,255.6999969482422,260.8599853515625,254.2100067138672,257.8500061035156,119951500,TSLA
2023-09-22,244.8800048828125,257.7900085449219,244.47999572753906,257.3999938964844,127524100,TSLA
2023-09-25,246.99000549316406,247.10000610351562,238.30999755859375,243.3800048828125,104636600,TSLA
2023-09-26,244.1199951171875,249.5500030517578,241.66000366210938,242.97999572753906,101993600,TSLA
2023-09-27,240.5,245.3300018310547,234.5800018310547,244.25999450683594,136597200,TSLA
2023-09-28,246.3800048828125,247.5500030517578,238.64999389648438,240.02000427246094,117058900,TSLA
2023-09-29,250.22000122070312,254.77000427246094,246.35000610351562,250.0,128522700,TSLA
2023-10-02,251.60000610351562,254.27999877929688,242.6199951171875,244.80999755859375,123810400,TSLA
2023-10-03,246.52999877929688,250.02000427246094,244.4499969482422,248.61000061035156,101985300,TSLA
2023-10-04,261.1600036621094,261.8599853515625,247.60000610351562,248.13999938964844,129721600,TSLA
2023-10-05,260.04998779296875,263.6000061035156,256.25,260.0,119159200,TSLA
2023-10-06,260.5299987792969,261.6499938964844,250.64999389648438,253.97999572753906,118121800,TSLA
2023-10-09,259.6700134277344,261.3599853515625,252.0500030517578,255.30999755859375,101377900,TSLA
2023-10-10,263.6199951171875,268.94000244140625,257.6499938964844,257.75,122656000,TSLA
2023-10-11,262.989990234375,268.6000061035156,260.8999938964844,266.20001220703125,103706300,TSLA
2023-10-12,258.8699951171875,265.4100036621094,256.6300048828125,262.9200134277344,111508100,TSLA
2023-10-13,251.1199951171875,259.6000061035156,250.22000122070312,258.8999938964844,102073800,TSLA
2023-10-16,253.9199981689453,255.39999389648438,248.47999572753906,250.0500030517578,88917200,TSLA
2023-10-17,254.85000610351562,257.17999267578125,247.0800018310547,250.10000610351562,93562900,TSLA
2023-10-18,242.67999267578125,254.6300048828125,242.0800018310547,252.6999969482422,125147800,TSLA
2023-10-19,220.11000061035156,230.61000061035156,216.77999877929688,225.9499969482422,170772700,TSLA
2023-10-20,211.99000549316406,218.86000061035156,210.4199981689453,217.00999450683594,138010100,TSLA
2023-10-23,212.0800018310547,216.97999572753906,202.50999450683594,210.0,150683400,TSLA
2023-10-24,216.52000427246094,222.0500030517578,214.11000061035156,216.5,118231100,TSLA
2023-10-25,212.4199981689453,220.10000610351562,212.1999969482422,215.8800048828125,107065100,TSLA
2023-10-26,205.75999450683594,214.8000030517578,204.8800048828125,211.32000732421875,115112600,TSLA
2023-10-27,207.3000030517578,212.41000366210938,205.77000427246094,210.60000610351562,94881200,TSLA
2023-10-30,197.36000061035156,210.8800048828125,194.6699981689453,209.27999877929688,136448200,TSLA
2023-10-31,200.83999633789062,202.8000030517578,194.07000732421875,196.1199951171875,118068300,TSLA
2023-11-01,205.66000366210938,205.99000549316406,197.85000610351562,204.0399932861328,121661700,TSLA
2023-11-02,218.50999450683594,219.1999969482422,211.4499969482422,212.97000122070312,125987600,TSLA
2023-11-03,219.9600067138672,226.3699951171875,218.39999389648438,221.14999389648438,119534800,TSLA
2023-11-06,219.27000427246094,226.32000732421875,215.0,223.97999572753906,117335800,TSLA
2023-11-07,222.17999267578125,223.1199951171875,215.72000122070312,219.97999572753906,116900100,TSLA
2023-11-08,222.11000061035156,224.14999389648438,217.63999938964844,223.14999389648438,106584800,TSLA
2023-11-09,209.97999572753906,220.8000030517578,206.67999267578125,219.75,142110500,TSLA
2023-11-10,214.64999389648438,215.3800048828125,205.69000244140625,210.02999877929688,130994000,TSLA
2023-11-13,223.7100067138672,225.39999389648438,211.61000061035156,215.60000610351562,140447600,TSLA
2023-11-14,237.41000366210938,238.13999938964844,230.72000122070312,235.02999877929688,149771600,TSLA
2023-11-15,242.83999633789062,246.6999969482422,236.4499969482422,239.2899932861328,150354000,TSLA
2023-11-16,233.58999633789062,240.8800048828125,230.9600067138672,239.49000549316406,136816800,TSLA
2023-11-17,234.3000030517578,237.38999938964844,226.5399932861328,232.0,142532800,TSLA
2023-11-20,235.60000610351562,237.10000610351562,231.02000427246094,234.0399932861328,116320100,TSLA
2023-11-21,241.1999969482422,243.6199951171875,233.33999633789062,235.0399932861328,122288000,TSLA
2023-11-22,234.2100067138672,244.00999450683594,231.39999389648438,242.0399932861328,117950600,TSLA
2023-11-24,235.4499969482422,238.75,232.3300018310547,233.75,65125200,TSLA
2023-11-27,236.0800018310547,238.3300018310547,232.10000610351562,236.88999938964844,112031800,TSLA
2023-11-28,246.72000122070312,247.0,234.00999450683594,236.67999267578125,148549900,TSLA
2023-11-29,244.13999938964844,252.75,242.75999450683594,249.2100067138672,135401300,TSLA
2023-11-30,240.0800018310547,245.22000122070312,236.91000366210938,245.13999938964844,132353200,TSLA
2023-12-01,238.8300018310547,240.19000244140625,231.89999389648438,233.13999938964844,121331700,TSLA
2023-12-04,235.5800018310547,239.3699951171875,233.2899932861328,235.75,104099800,TSLA
2023-12-05,238.72000122070312,246.66000366210938,233.6999969482422,233.8699951171875,137971100,TSLA
2023-12-06,239.3699951171875,246.57000732421875,239.1699981689453,242.9199981689453,126436200,TSLA
2023-12-07,242.63999938964844,244.0800018310547,236.97999572753906,241.5500030517578,107142300,TSLA
2023-12-08,243.83999633789062,245.27000427246094,239.27000427246094,240.27000427246094,103126800,TSLA
2023-12-11,239.74000549316406,243.44000244140625,237.4499969482422,242.74000549316406,97913900,TSLA
2023-12-12,237.00999450683594,238.99000549316406,233.8699951171875,238.5500030517578,95328300,TSLA
2023-12-13,239.2899932861328,240.3000030517578,228.1999969482422,234.19000244140625,146286300,TSLA
2023-12-14,251.0500030517578,253.8800048828125,240.7899932861328,241.22000122070312,160829200,TSLA
2023-12-15,253.5,254.1300048828125,248.3000030517578,251.2100067138672,135932800,TSLA
2023-12-18,252.0800018310547,258.739990234375,251.36000061035156,253.77999877929688,116416500,TSLA
2023-12-19,257.2200012207031,258.3399963378906,253.00999450683594,253.47999572753906,106737400,TSLA
2023-12-20,247.13999938964844,259.8399963378906,247.0,256.4100036621094,125097000,TSLA
2023-12-21,254.5,254.8000030517578,248.5500030517578,251.89999389648438,109594200,TSLA
2023-12-22,252.5399932861328,258.2200012207031,251.3699951171875,256.760009765625,93370100,TSLA
2023-12-26,256.6099853515625,257.9700012207031,252.91000366210938,254.49000549316406,86892400,TSLA
2023-12-27,261.44000244140625,263.3399963378906,257.5199890136719,258.3500061035156,106494400,TSLA
2023-12-28,253.17999267578125,265.1300048828125,252.7100067138672,263.6600036621094,113619900,TSLA
2023-12-29,248.47999572753906,255.19000244140625,247.42999267578125,255.10000610351562,100891600,TSLA
2024-01-02,248.4199981689453,251.25,244.41000366210938,250.0800018310547,104654200,TSLA
2024-01-03,238.4499969482422,245.67999267578125,236.32000732421875,244.97999572753906,121082600,TSLA
2024-01-04,237.92999267578125,242.6999969482422,237.72999572753906,239.25,102629300,TSLA
2024-01-05,237.49000549316406,240.1199951171875,234.89999389648438,236.86000061035156,92488900,TSLA
2024-01-08,240.4499969482422,241.25,235.3000030517578,236.13999938964844,85166600,TSLA
2024-01-09,234.9600067138672,238.9600067138672,232.0399932861328,238.11000061035156,96705700,TSLA
2024-01-10,233.94000244140625,235.5,231.2899932861328,235.10000610351562,91628500,TSLA
2024-01-11,227.22000122070312,230.92999267578125,225.3699951171875,230.57000732421875,105873600,TSLA
2024-01-12,218.88999938964844,225.33999633789062,217.14999389648438,220.0800018310547,123043800,TSLA
2024-01-16,219.91000366210938,223.49000549316406,212.17999267578125,215.10000610351562,115355000,TSLA
2024-01-17,215.5500030517578,215.6699981689453,212.00999450683594,214.86000061035156,103164400,TSLA
2024-01-18,211.8800048828125,217.4499969482422,208.74000549316406,216.8800048828125,108595400,TSLA
2024-01-19,212.19000244140625,213.19000244140625,207.55999755859375,209.99000549316406,102260300,TSLA
2024-01-22,208.8000030517578,217.8000030517578,206.27000427246094,212.25999450683594,117952500,TSLA
2024-01-23,209.13999938964844,215.64999389648438,207.75,211.3000030517578,106605900,TSLA
2024-01-24,207.8300018310547,212.72999572753906,206.77000427246094,211.8800048828125,123369900,TSLA
2024-01-25,182.6300048828125,193.0,180.05999755859375,189.6999969482422,198076800,TSLA
2024-01-26,183.25,186.77999877929688,182.10000610351562,185.5,107343200,TSLA
2024-01-29,190.92999267578125,191.47999572753906,183.6699981689453,185.6300048828125,125013100,TSLA
2024-01-30,191.58999633789062,196.36000061035156,190.61000061035156,195.3300018310547,109982300,TSLA
2024-01-31,187.2899932861328,193.97000122070312,185.85000610351562,187.0,103221400,TSLA
2024-02-01,188.86000061035156,189.8800048828125,184.27999877929688,188.5,91843300,TSLA
2024-02-02,187.91000366210938,188.69000244140625,182.0,185.0399932861328,110612700,TSLA
2024-02-05,181.05999755859375,184.67999267578125,175.00999450683594,184.25999450683594,134294400,TSLA
2024-02-06,185.10000610351562,186.49000549316406,177.11000061035156,177.2100067138672,122676000,TSLA
2024-02-07,187.5800018310547,189.7899932861328,182.67999267578125,188.17999267578125,111535200,TSLA
2024-02-08,189.55999755859375,191.6199951171875,185.5800018310547,189.0,83034000,TSLA
2024-02-09,193.57000732421875,194.1199951171875,189.47999572753906,190.17999267578125,84476300,TSLA
2024-02-12,188.1300048828125,194.72999572753906,187.27999877929688,192.11000061035156,95498600,TSLA
2024-02-13,184.02000427246094,187.25999450683594,182.11000061035156,183.99000549316406,86759500,TSLA
2024-02-14,188.7100067138672,188.88999938964844,183.35000610351562,185.3000030517578,81203000,TSLA
2024-02-15,200.4499969482422,200.8800048828125,188.86000061035156,189.16000366210938,120831800,TSLA
2024-02-16,199.9499969482422,203.1699981689453,197.39999389648438,202.05999755859375,111346700,TSLA
2024-02-20,193.75999450683594,198.60000610351562,189.1300048828125,196.1300048828125,104545800,TSLA
2024-02-21,194.77000427246094,199.44000244140625,191.9499969482422,193.36000061035156,103500300,TSLA
2024-02-22,197.41000366210938,198.32000732421875,191.36000061035156,194.0,92739500,TSLA
2024-02-23,191.97000122070312,197.57000732421875,191.5,195.30999755859375,78841900,TSLA
2024-02-26,199.39999389648438,201.77999877929688,192.0,192.2899932861328,111747100,TSLA
2024-02-27,199.72999572753906,205.60000610351562,198.25999450683594,204.0399932861328,108645400,TSLA
2024-02-28,202.0399932861328,205.3000030517578,198.44000244140625,200.4199981689453,99806200,TSLA
2024-02-29,201.8800048828125,205.27999877929688,198.4499969482422,204.17999267578125,85907000,TSLA
2024-03-01,202.63999938964844,204.52000427246094,198.5,200.52000427246094,82243100,TSLA
2024-03-04,188.13999938964844,199.75,186.72000122070312,198.72999572753906,134334900,TSLA
2024-03-05,180.74000549316406,184.58999633789062,177.57000732421875,183.0500030517578,119660800,TSLA
2024-03-06,176.5399932861328,181.5800018310547,173.6999969482422,179.99000549316406,107920900,TSLA
2024-03-07,178.64999389648438,180.0399932861328,173.6999969482422,174.35000610351562,102129000,TSLA
2024-03-08,175.33999633789062,182.72999572753906,174.6999969482422,181.5,85544600,TSLA
2024-03-11,177.77000427246094,182.8699951171875,174.8000030517578,175.4499969482422,85391500,TSLA
2024-03-12,177.5399932861328,179.42999267578125,172.41000366210938,177.77000427246094,87391700,TSLA
2024-03-13,169.47999572753906,176.0500030517578,169.14999389648438,173.0500030517578,106524500,TSLA
2024-03-14,162.5,171.1699981689453,160.50999450683594,167.77000427246094,126325700,TSLA
2024-03-15,163.57000732421875,165.17999267578125,160.75999450683594,163.16000366210938,97146800,TSLA
2024-03-18,173.8000030517578,174.72000122070312,165.89999389648438,170.02000427246094,108214400,TSLA
2024-03-19,171.32000732421875,172.82000732421875,167.4199981689453,172.36000061035156,77271400,TSLA
2024-03-20,175.66000366210938,176.25,170.82000732421875,173.0,83846700,TSLA
2024-03-21,172.82000732421875,178.17999267578125,171.8000030517578,176.38999938964844,73178000,TSLA
2024-03-22,170.8300018310547,171.1999969482422,166.3000030517578,166.69000244140625,75580600,TSLA
2024-03-25,172.6300048828125,175.24000549316406,168.72999572753906,168.75999450683594,74228600,TSLA
2024-03-26,177.6699981689453,184.25,177.3800048828125,178.5800018310547,113186200,TSLA
2024-03-27,179.8300018310547,181.91000366210938,176.0,181.41000366210938,81804000,TSLA
2024-03-28,175.7899932861328,179.57000732421875,175.3000030517578,177.4499969482422,77654800,TSLA
2024-04-01,175.22000122070312,176.75,170.2100067138672,176.1699981689453,81562100,TSLA
2024-04-02,166.6300048828125,167.69000244140625,163.42999267578125,164.75,116650600,TSLA
2024-04-03,168.3800048828125,168.82000732421875,163.27999877929688,164.02000427246094,82950100,TSLA
2024-04-04,171.11000061035156,177.19000244140625,168.00999450683594,170.07000732421875,123162000,TSLA
2024-04-05,164.89999389648438,170.86000061035156,160.50999450683594,169.0800018310547,143157600,TSLA
2024-04-08,172.97999572753906,174.5,167.7899932861328,169.33999633789062,104423300,TSLA
2024-04-09,176.8800048828125,179.22000122070312,171.9199981689453,172.91000366210938,102951700,TSLA
2024-04-10,171.75999450683594,174.92999267578125,170.00999450683594,173.0399932861328,84532400,TSLA
2024-04-11,174.60000610351562,175.8800048828125,168.50999450683594,172.5500030517578,94516000,TSLA
2024-04-12,171.0500030517578,173.80999755859375,170.36000061035156,172.33999633789062,64722700,TSLA
2024-04-15,161.47999572753906,170.69000244140625,161.3800048828125,170.24000549316406,100245300,TSLA
2024-04-16,157.11000061035156,158.19000244140625,153.75,156.74000549316406,97000000,TSLA
2024-04-17,155.4499969482422,158.3300018310547,153.77999877929688,157.63999938964844,82439700,TSLA
2024-04-18,149.92999267578125,152.1999969482422,148.6999969482422,151.25,96098800,TSLA
2024-04-19,147.0500030517578,150.94000244140625,146.22000122070312,148.97000122070312,87074500,TSLA
2024-04-22,142.0500030517578,144.44000244140625,138.8000030517578,140.55999755859375,107097600,TSLA
2024-04-23,144.67999267578125,147.25999450683594,141.11000061035156,143.3300018310547,124545100,TSLA
2024-04-24,162.1300048828125,167.97000122070312,157.50999450683594,162.83999633789062,181178000,TSLA
2024-04-25,170.17999267578125,170.8800048828125,158.36000061035156,158.9600067138672,126427500,TSLA
2024-04-26,168.2899932861328,172.1199951171875,166.3699951171875,168.85000610351562,109815700,TSLA
2024-04-29,194.0500030517578,198.8699951171875,184.5399932861328,188.4199981689453,243869700,TSLA
2024-04-30,183.27999877929688,190.9499969482422,182.83999633789062,186.97999572753906,127031800,TSLA
2024-05-01,179.99000549316406,185.86000061035156,179.00999450683594,182.0,92829700,TSLA
2024-05-02,180.00999450683594,184.60000610351562,176.02000427246094,182.86000061035156,89148000,TSLA
2024-05-03,181.19000244140625,184.77999877929688,178.4199981689453,182.10000610351562,75491500,TSLA
2024-05-06,184.75999450683594,187.55999755859375,182.1999969482422,183.8000030517578,84390300,TSLA
2024-05-07,177.80999755859375,183.25999450683594,177.39999389648438,182.39999389648438,75045900,TSLA
2024-05-08,174.72000122070312,176.05999755859375,170.14999389648438,171.58999633789062,79969500,TSLA
2024-05-09,171.97000122070312,175.6199951171875,171.3699951171875,175.00999450683594,65950300,TSLA
2024-05-10,168.47000122070312,173.05999755859375,167.75,173.0500030517578,72627200,TSLA
2024-05-13,171.88999938964844,175.39999389648438,169.0,170.0,67018900,TSLA
2024-05-14,177.5500030517578,179.49000549316406,174.07000732421875,174.5,86407400,TSLA
2024-05-15,173.99000549316406,180.0,173.11000061035156,179.89999389648438,79663000,TSLA
2024-05-16,174.83999633789062,175.7899932861328,171.42999267578125,174.10000610351562,59812200,TSLA
2024-05-17,177.4600067138672,179.6300048828125,172.75,173.5500030517578,77445800,TSLA
2024-05-20,174.9499969482422,177.75,173.52000427246094,177.55999755859375,61727400,TSLA
2024-05-21,186.60000610351562,186.8800048828125,174.7100067138672,175.50999450683594,115266500,TSLA
2024-05-22,180.11000061035156,183.8000030517578,178.1199951171875,182.85000610351562,88313500,TSLA
2024-05-23,173.74000549316406,181.89999389648438,173.25999450683594,181.8000030517578,71975500,TSLA
2024-05-24,179.24000549316406,180.0800018310547,173.72999572753906,174.83999633789062,65584500,TSLA
2024-05-28,176.75,178.25,173.16000366210938,176.39999389648438,59736600,TSLA
2024-05-29,176.19000244140625,178.14999389648438,173.92999267578125,174.19000244140625,54782600,TSLA
2024-05-30,178.7899932861328,182.6699981689453,175.3800048828125,178.5800018310547,77618400,TSLA
2024-05-31,178.0800018310547,180.32000732421875,173.82000732421875,178.5,67314600,TSLA
2024-06-03,176.2899932861328,182.63999938964844,174.49000549316406,178.1300048828125,68568900,TSLA
2024-06-04,174.77000427246094,177.75999450683594,174.0,174.77999877929688,60056300,TSLA
2024-06-05,175.0,176.14999389648438,172.1300048828125,175.35000610351562,57953800,TSLA
2024-06-06,177.94000244140625,179.72999572753906,172.72999572753906,174.60000610351562,69887000,TSLA
2024-06-07,177.47999572753906,179.35000610351562,175.5800018310547,176.1300048828125,56244900,TSLA
2024-06-10,173.7899932861328,178.57000732421875,173.1699981689453,176.05999755859375,50774600,TSLA
2024-06-11,170.66000366210938,174.75,167.41000366210938,173.9199981689453,64761900,TSLA
2024-06-12,177.2899932861328,180.5500030517578,169.8000030517578,171.1199951171875,90389400,TSLA
2024-06-13,182.47000122070312,191.0800018310547,181.22999572753906,188.38999938964844,118984100,TSLA
2024-06-14,178.00999450683594,186.0,176.9199981689453,185.8000030517578,82038200,TSLA
2024-06-17,187.44000244140625,188.80999755859375,177.0,177.9199981689453,109786100,TSLA
2024-06-18,184.86000061035156,187.1999969482422,182.3699951171875,186.55999755859375,68982300,TSLA
2024-06-20,181.57000732421875,185.2100067138672,179.66000366210938,184.67999267578125,55893100,TSLA
2024-06-21,183.00999450683594,183.9499969482422,180.69000244140625,182.3000030517578,61937300,TSLA
2024-06-24,182.5800018310547,188.8000030517578,182.5500030517578,184.97000122070312,61992100,TSLA
2024-06-25,187.35000610351562,187.97000122070312,182.00999450683594,184.39999389648438,62905700,TSLA
2024-06-26,196.3699951171875,197.75999450683594,186.36000061035156,186.5399932861328,95737100,TSLA
2024-06-27,197.4199981689453,198.72000122070312,194.0500030517578,195.1699981689453,72746500,TSLA
2024-06-28,197.8800048828125,203.1999969482422,195.25999450683594,199.5500030517578,95438100,TSLA
2024-07-01,209.86000061035156,213.22999572753906,200.85000610351562,201.02000427246094,135691400,TSLA
2024-07-02,231.25999450683594,231.3000030517578,218.05999755859375,218.88999938964844,205047900,TSLA
2024-07-03,246.38999938964844,248.35000610351562,234.25,234.55999755859375,166561500,TSLA
2024-07-05,251.52000427246094,252.3699951171875,242.4600067138672,249.80999755859375,154501200,TSLA
2024-07-08,252.94000244140625,259.44000244140625,244.57000732421875,247.7100067138672,157219600,TSLA
2024-07-09,262.3299865722656,265.6099853515625,250.3000030517578,251.0,160210900,TSLA
2024-07-10,263.260009765625,267.5899963378906,257.8599853515625,262.79998779296875,128519400,TSLA
2024-07-11,241.02999877929688,271.0,239.64999389648438,263.29998779296875,221707300,TSLA
2024-07-12,248.22999572753906,251.83999633789062,233.08999633789062,235.8000030517578,155955800,TSLA
2024-07-15,252.63999938964844,265.6000061035156,251.72999572753906,255.97000122070312,146912900,TSLA
2024-07-16,256.55999755859375,258.6199951171875,245.8000030517578,255.30999755859375,126332500,TSLA
2024-07-17,248.5,258.4700012207031,246.17999267578125,252.72999572753906,115584800,TSLA
2024-07-18,249.22999572753906,257.1400146484375,247.1999969482422,251.08999633789062,110869000,TSLA
2024-07-19,239.1999969482422,249.44000244140625,236.8300018310547,247.7899932861328,87403900,TSLA
2024-07-22,251.50999450683594,253.2100067138672,243.75,244.2100067138672,101225400,TSLA
2024-07-23,246.3800048828125,255.75999450683594,245.6300048828125,253.60000610351562,111928200,TSLA
2024-07-24,215.99000549316406,225.99000549316406,214.7100067138672,225.4199981689453,167942900,TSLA
2024-07-25,220.25,226.0,216.22999572753906,216.8000030517578,100636500,TSLA
2024-07-26,219.8000030517578,222.27999877929688,215.3300018310547,221.19000244140625,94604100,TSLA
2024-07-29,232.10000610351562,234.27000427246094,224.6999969482422,224.89999389648438,129201800,TSLA
2024-07-30,222.6199951171875,232.41000366210938,220.0,232.25,100560300,TSLA
2024-07-31,232.07000732421875,234.67999267578125,226.7899932861328,227.89999389648438,67497000,TSLA
2024-08-01,216.86000061035156,231.8699951171875,214.3300018310547,227.69000244140625,83861900,TSLA
2024-08-02,207.6699981689453,216.1300048828125,205.77999877929688,214.8800048828125,82880100,TSLA
2024-08-05,198.8800048828125,203.8800048828125,182.0,185.22000122070312,100308800,TSLA
2024-08-06,200.63999938964844,202.89999389648438,192.6699981689453,200.75,73783900,TSLA
2024-08-07,191.75999450683594,203.49000549316406,191.47999572753906,200.77000427246094,71159800,TSLA
2024-08-08,198.83999633789062,200.6999969482422,192.0399932861328,195.6999969482422,65033900,TSLA
2024-08-09,200.0,200.8800048828125,195.11000061035156,197.0500030517578,58648300,TSLA
2024-08-12,197.49000549316406,199.25999450683594,194.6699981689453,199.02000427246094,64044900,TSLA
2024-08-13,207.8300018310547,208.49000549316406,197.05999755859375,198.47000122070312,76247400,TSLA
2024-08-14,201.3800048828125,208.44000244140625,198.75,207.38999938964844,70250000,TSLA
2024-08-15,214.13999938964844,215.8800048828125,204.82000732421875,205.02000427246094,89848500,TSLA
2024-08-16,216.1199951171875,219.8000030517578,210.8000030517578,211.14999389648438,88765100,TSLA
2024-08-19,222.72000122070312,222.97999572753906,214.08999633789062,217.07000732421875,76435200,TSLA
2024-08-20,221.10000610351562,228.22000122070312,219.55999755859375,224.8800048828125,74001200,TSLA
2024-08-21,223.27000427246094,224.66000366210938,218.86000061035156,222.6699981689453,70146000,TSLA
2024-08-22,210.66000366210938,224.8000030517578,210.32000732421875,223.82000732421875,79514500,TSLA
2024-08-23,220.32000732421875,221.47999572753906,214.2100067138672,214.4600067138672,81525200,TSLA
2024-08-26,213.2100067138672,219.08999633789062,211.00999450683594,218.75,59301200,TSLA
2024-08-27,209.2100067138672,215.66000366210938,206.94000244140625,213.25,62821400,TSLA
2024-08-28,205.75,211.83999633789062,202.58999633789062,209.72000122070312,64116400,TSLA
2024-08-29,206.27999877929688,214.88999938964844,205.97000122070312,209.8000030517578,62308800,TSLA
2024-08-30,214.11000061035156,214.57000732421875,207.02999877929688,208.6300048828125,63370600,TSLA
2024-09-03,210.60000610351562,219.89999389648438,209.63999938964844,215.25999450683594,76714200,TSLA
2024-09-04,219.41000366210938,222.22000122070312,210.57000732421875,210.58999633789062,80651800,TSLA
2024-09-05,230.1699981689453,235.0,222.25,223.49000549316406,119355000,TSLA
2024-09-06,210.72999572753906,233.60000610351562,210.50999450683594,232.60000610351562,112177000,TSLA
2024-09-09,216.27000427246094,219.8699951171875,213.6699981689453,216.1999969482422,67443500,TSLA
2024-09-10,226.1699981689453,226.39999389648438,218.63999938964844,220.07000732421875,78891100,TSLA
2024-09-11,228.1300048828125,228.47000122070312,216.8000030517578,224.5500030517578,83548600,TSLA
2024-09-12,229.80999755859375,231.4499969482422,223.8300018310547,224.66000366210938,71894900,TSLA
2024-09-13,230.2899932861328,232.6699981689453,226.32000732421875,228.0,59515100,TSLA
2024-09-16,226.77999877929688,229.9600067138672,223.52999877929688,229.3000030517578,54323000,TSLA
2024-09-17,227.8699951171875,234.57000732421875,226.5500030517578,229.4499969482422,66761600,TSLA
2024-09-18,227.1999969482422,235.67999267578125,226.8800048828125,230.08999633789062,78010200,TSLA
2024-09-19,243.9199981689453,244.24000549316406,232.1300048828125,234.0,102694600,TSLA
2024-09-20,238.25,243.99000549316406,235.9199981689453,241.52000427246094,99879100,TSLA
2024-09-23,250.0,250.0,241.9199981689453,242.61000061035156,86927200,TSLA
2024-09-24,254.27000427246094,257.19000244140625,249.0500030517578,254.0800018310547,88491000,TSLA
2024-09-25,257.0199890136719,257.04998779296875,252.27999877929688,252.5399932861328,65034300,TSLA
2024-09-26,254.22000122070312,261.75,251.52999877929688,260.6000061035156,67142200,TSLA
2024-09-27,260.4599914550781,260.70001220703125,254.1199951171875,257.3800048828125,70988100,TSLA
2024-09-30,261.6300048828125,264.8599853515625,255.77000427246094,259.0400085449219,80705700,TSLA
2024-10-01,258.0199890136719,263.9800109863281,248.52999877929688,262.6700134277344,87397600,TSLA
2024-10-02,249.02000427246094,251.16000366210938,241.5,247.5500030517578,93983900,TSLA
2024-10-03,240.66000366210938,249.7899932861328,237.80999755859375,244.47999572753906,80729200,TSLA
2024-10-04,250.0800018310547,250.9600067138672,244.5800018310547,246.69000244140625,86573200,TSLA
2024-10-07,240.8300018310547,249.8300018310547,240.6999969482422,249.0,68113300,TSLA
2024-10-08,244.5,246.2100067138672,240.55999755859375,243.55999755859375,56303200,TSLA
2024-10-09,241.0500030517578,247.42999267578125,239.50999450683594,243.82000732421875,66289500,TSLA
2024-10-10,238.77000427246094,242.7899932861328,232.33999633789062,241.80999755859375,83087100,TSLA
2024-10-11,217.8000030517578,223.33999633789062,214.3800048828125,220.1300048828125,142628900,TSLA
2024-10-14,219.16000366210938,221.91000366210938,213.74000549316406,220.1300048828125,86291900,TSLA
2024-10-15,219.57000732421875,224.25999450683594,217.1199951171875,220.00999450683594,62988800,TSLA
2024-10-16,221.3300018310547,222.82000732421875,218.92999267578125,221.39999389648438,49632800,TSLA
2024-10-17,220.88999938964844,222.0800018310547,217.89999389648438,221.58999633789062,50791800,TSLA
2024-10-18,220.6999969482422,222.27999877929688,219.22999572753906,220.7100067138672,49611900,TSLA
2024-10-21,218.85000610351562,220.47999572753906,215.72999572753906,218.89999389648438,47329000,TSLA
2024-10-22,217.97000122070312,218.22000122070312,215.25999450683594,217.30999755859375,43268700,TSLA
2024-10-23,213.64999389648438,218.72000122070312,212.11000061035156,217.1300048828125,80938900,TSLA
2024-10-24,260.4800109863281,262.1199951171875,242.64999389648438,244.67999267578125,204491900,TSLA
2024-10-25,269.19000244140625,269.489990234375,255.32000732421875,256.010009765625,161611900,TSLA
2024-10-28,262.510009765625,273.5400085449219,262.239990234375,270.0,107653600,TSLA
2024-10-29,259.5199890136719,264.9800109863281,255.50999450683594,264.510009765625,80521800,TSLA
2024-10-30,257.54998779296875,263.3500061035156,255.82000732421875,258.0400085449219,53993600,TSLA
2024-10-31,249.85000610351562,259.75,249.25,257.989990234375,66575300,TSLA
2024-11-01,248.97999572753906,254.0,246.6300048828125,252.0399932861328,57544800,TSLA
2024-11-04,242.83999633789062,248.89999389648438,238.8800048828125,244.55999755859375,68802400,TSLA
2024-11-05,251.44000244140625,255.27999877929688,246.2100067138672,247.33999633789062,69282500,TSLA
2024-11-06,288.5299987792969,289.5899963378906,275.6199951171875,284.6700134277344,165228700,TSLA
2024-11-07,296.9100036621094,299.75,285.5199890136719,288.8900146484375,117309200,TSLA
2024-11-08,321.2200012207031,328.7099914550781,297.6600036621094,299.1400146484375,204782800,TSLA
2024-11-11,350.0,358.6400146484375,336.0,346.29998779296875,210521600,TSLA
2024-11-12,328.489990234375,345.8399963378906,323.30999755859375,342.739990234375,155726000,TSLA
2024-11-13,330.239990234375,344.6000061035156,322.5,335.8500061035156,125405600,TSLA
2024-11-14,311.17999267578125,329.9800109863281,310.3699951171875,327.69000244140625,120726100,TSLA
2024-11-15,320.7200012207031,324.67999267578125,309.2200012207031,310.57000732421875,114440300,TSLA
2024-11-18,338.739990234375,348.54998779296875,330.010009765625,340.7300109863281,126085600,TSLA
2024-11-19,346.0,347.3800048828125,332.75,335.760009765625,88852500,TSLA
2024-11-20,342.0299987792969,346.6000061035156,334.29998779296875,345.0,66340700,TSLA
2024-11-21,339.6400146484375,347.989990234375,335.2799987792969,343.80999755859375,58011700,TSLA
2024-11-22,352.55999755859375,361.5299987792969,337.70001220703125,341.0899963378906,89140700,TSLA
2024-11-25,338.5899963378906,361.92999267578125,338.20001220703125,360.1400146484375,95890900,TSLA
2024-11-26,338.2300109863281,346.9599914550781,335.6600036621094,341.0,62295900,TSLA
2024-11-27,332.8900146484375,342.54998779296875,326.5899963378906,341.79998779296875,57896400,TSLA
2024-11-29,345.1600036621094,345.45001220703125,334.6499938964844,336.0799865722656,37167600,TSLA
2024-12-02,357.0899963378906,360.0,351.1499938964844,352.3800048828125,77986500,TSLA
2024-12-03,351.4200134277344,355.69000244140625,348.20001220703125,351.79998779296875,58267200,TSLA
2024-12-04,357.92999267578125,358.1000061035156,348.6000061035156,353.0,50810900,TSLA
2024-12-05,369.489990234375,375.42999267578125,359.5,359.8699951171875,81403600,TSLA
2024-12-06,389.2200012207031,389.489990234375,370.79998779296875,377.4200134277344,81455800,TSLA
2024-12-09,389.7900085449219,404.79998779296875,378.010009765625,397.6099853515625,96359200,TSLA
2024-12-10,400.989990234375,409.7300109863281,390.8500061035156,392.67999267578125,97563600,TSLA
2024-12-11,424.7699890136719,424.8800048828125,402.3800048828125,409.70001220703125,104287600,TSLA
2024-12-12,418.1000061035156,429.29998779296875,415.0,424.8399963378906,87752200,TSLA
2024-12-13,436.2300109863281,436.29998779296875,415.7099914550781,420.0,89000200,TSLA
2024-12-16,463.0199890136719,463.19000244140625,436.1499938964844,441.0899963378906,114083800,TSLA
2024-12-17,479.8599853515625,483.989990234375,457.510009765625,475.8999938964844,131223000,TSLA
2024-12-18,440.1300048828125,488.5400085449219,427.010009765625,466.5,149340800,TSLA
2024-12-19,436.1700134277344,456.3599853515625,420.0199890136719,451.8800048828125,118566100,TSLA
2024-12-20,421.05999755859375,447.0799865722656,417.6400146484375,425.510009765625,132216200,TSLA
2024-12-23,430.6000061035156,434.510009765625,415.4100036621094,431.0,72698100,TSLA
2024-12-24,462.2799987792969,462.7799987792969,435.1400146484375,435.8999938964844,59551800,TSLA
2024-12-26,454.1300048828125,465.3299865722656,451.0199890136719,465.1600036621094,76366400,TSLA
2024-12-27,431.6600036621094,450.0,426.5,449.5199890136719,82666800,TSLA
2024-12-30,417.4100036621094,427.0,415.75,419.3999938964844,64941000,TSLA
2024-12-31,403.8399963378906,427.92999267578125,402.5400085449219,423.7900085449219,76825100,TSLA
2025-01-02,379.2799987792969,392.7300109863281,373.0400085449219,390.1000061035156,109710700,TSLA
2025-01-03,410.44000244140625,411.8800048828125,379.45001220703125,381.4800109863281,95423300,TSLA
2025-01-06,411.04998779296875,426.42999267578125,401.70001220703125,423.20001220703125,85516500,TSLA
2025-01-07,394.3599853515625,414.3299865722656,390.0,405.8299865722656,75699500,TSLA
2025-01-08,394.94000244140625,402.5,387.3999938964844,392.95001220703125,73038800,TSLA
2025-01-10,394.739990234375,399.2799987792969,377.2900085449219,391.3999938964844,62287300,TSLA
2025-01-13,403.30999755859375,403.7900085449219,380.07000732421875,383.2099914550781,67580500,TSLA
2025-01-14,396.3599853515625,422.6400146484375,394.5400085449219,414.3399963378906,84565000,TSLA
2025-01-15,428.2200012207031,429.79998779296875,405.6600036621094,409.8999938964844,81375500,TSLA
2025-01-16,413.82000732421875,424.0,409.1300048828125,423.489990234375,68335200,TSLA
2025-01-17,426.5,439.739990234375,419.75,421.5,94991400,TSLA
2025-01-21,424.07000732421875,433.20001220703125,406.30999755859375,432.6400146484375,87320900,TSLA
2025-01-22,415.1099853515625,428.0,414.5899963378906,416.80999755859375,60963300,TSLA
2025-01-23,412.3800048828125,420.7300109863281,408.95001220703125,416.05999755859375,50690600,TSLA
2025-01-24,406.5799865722656,418.8800048828125,405.7799987792969,414.45001220703125,56427100,TSLA
2025-01-27,397.1499938964844,406.69000244140625,389.0,394.79998779296875,58125500,TSLA
2025-01-28,398.0899963378906,400.5899963378906,386.5,396.9100036621094,48910700,TSLA
2025-01-29,389.1000061035156,398.5899963378906,384.4800109863281,395.2099914550781,68033600,TSLA
2025-01-30,400.2799987792969,412.5,384.4100036621094,410.7799987792969,98092900,TSLA
2025-01-31,404.6000061035156,419.989990234375,401.3399963378906,401.5299987792969,83283600,TSLA
2025-02-03,383.67999267578125,389.1700134277344,374.3599853515625,386.67999267578125,93732100,TSLA
2025-02-04,392.2099914550781,394.0,381.3999938964844,382.6300048828125,57072200,TSLA
2025-02-05,378.1700134277344,388.3900146484375,375.5299987792969,387.510009765625,57223300,TSLA
2025-02-06,374.32000732421875,375.3999938964844,363.17999267578125,373.0299987792969,77918200,TSLA
2025-02-07,361.6199951171875,380.54998779296875,360.3399963378906,370.19000244140625,70298300,TSLA
2025-02-10,350.7300109863281,362.70001220703125,350.510009765625,356.2099914550781,77514900,TSLA
2025-02-11,328.5,349.3699951171875,325.1000061035156,345.79998779296875,118543400,TSLA
2025-02-12,336.510009765625,346.3999938964844,329.1199951171875,329.94000244140625,105382700,TSLA
2025-02-13,355.94000244140625,358.69000244140625,342.8500061035156,345.0,89441500,TSLA
2025-02-14,355.8399963378906,362.0,347.5,360.6199951171875,68277300,TSLA
2025-02-18,354.1099853515625,359.1000061035156,350.0199890136719,355.010009765625,51631700,TSLA
2025-02-19,360.55999755859375,367.3399963378906,353.6700134277344,354.0,67094400,TSLA
2025-02-20,354.3999938964844,362.29998779296875,348.0,361.510009765625,45965400,TSLA
2025-02-21,337.79998779296875,354.9800109863281,334.4200134277344,353.44000244140625,74058600,TSLA
2025-02-24,330.5299987792969,342.3999938964844,324.70001220703125,338.1400146484375,76052300,TSLA
2025-02-25,302.79998779296875,328.8900146484375,297.25,327.0199890136719,134228800,TSLA
2025-02-26,290.79998779296875,309.0,288.0400085449219,303.7099914550781,100118300,TSLA
2025-02-27,281.95001220703125,297.2300109863281,280.8800048828125,291.1600036621094,101748200,TSLA
2025-02-28,292.9800109863281,293.8800048828125,273.6000061035156,279.5,115697000,TSLA
2025-03-03,284.6499938964844,303.94000244140625,277.29998779296875,300.3399963378906,115551400,TSLA
2025-03-04,272.0400085449219,284.3500061035156,261.8399963378906,270.92999267578125,126706600,TSLA
2025-03-05,279.1000061035156,279.54998779296875,267.7099914550781,272.9200134277344,94042900,TSLA
2025-03-06,263.45001220703125,272.6499938964844,260.0199890136719,272.05999755859375,98451600,TSLA
2025-03-07,262.6700134277344,266.25,250.72999572753906,259.32000732421875,102369600,TSLA
2025-03-10,222.14999389648438,253.3699951171875,220.0,252.5399932861328,189076900,TSLA
2025-03-11,230.5800018310547,237.05999755859375,217.02000427246094,225.30999755859375,174896400,TSLA
2025-03-12,248.08999633789062,251.83999633789062,241.10000610351562,247.22000122070312,142215700,TSLA
2025-03-13,240.67999267578125,248.2899932861328,232.60000610351562,248.1300048828125,114813500,TSLA
2025-03-14,249.97999572753906,251.5800018310547,240.72999572753906,247.30999755859375,100242300,TSLA
2025-03-17,238.00999450683594,245.39999389648438,232.8000030517578,245.05999755859375,111900600,TSLA
2025-03-18,225.30999755859375,230.10000610351562,222.27999877929688,228.16000366210938,111477600,TSLA
2025-03-19,235.86000061035156,241.41000366210938,229.1999969482422,231.61000061035156,111993800,TSLA
2025-03-20,236.25999450683594,238.0,230.0500030517578,233.35000610351562,99028300,TSLA
2025-03-21,248.7100067138672,249.52000427246094,234.5500030517578,234.99000549316406,132728700,TSLA
2025-03-24,278.3900146484375,278.6400146484375,256.3299865722656,258.0799865722656,169079900,TSLA
2025-03-25,288.1400146484375,288.20001220703125,271.2799987792969,283.6000061035156,150361500,TSLA
2025-03-26,272.05999755859375,284.8999938964844,266.510009765625,282.6600036621094,153629800,TSLA
2025-03-27,273.1300048828125,291.8500061035156,271.82000732421875,272.4800109863281,162572100,TSLA
2025-03-28,263.54998779296875,276.1000061035156,260.57000732421875,275.5799865722656,123809400,TSLA
2025-03-31,259.1600036621094,260.55999755859375,243.36000061035156,249.30999755859375,134008900,TSLA
2025-04-01,268.4599914550781,277.45001220703125,259.25,263.79998779296875,146486900,TSLA
2025-04-02,282.760009765625,284.989990234375,251.27000427246094,254.60000610351562,212787800,TSLA
2025-04-03,267.2799987792969,276.29998779296875,261.510009765625,265.2900085449219,136174300,TSLA
2025-04-04,239.42999267578125,261.0,236.0,255.3800048828125,181229400,TSLA
2025-04-07,233.2899932861328,252.0,214.25,223.77999877929688,183453800,TSLA
2025-04-08,221.86000061035156,250.44000244140625,217.8000030517578,245.0,171603500,TSLA
2025-04-09,272.20001220703125,274.69000244140625,223.8800048828125,224.69000244140625,219433400,TSLA
2025-04-10,252.39999389648438,262.489990234375,239.3300018310547,260.0,181722600,TSLA
2025-04-11,252.30999755859375,257.739990234375,241.36000061035156,251.83999633789062,128948100,TSLA
2025-04-14,252.35000610351562,261.79998779296875,245.92999267578125,258.3599853515625,100135200,TSLA
2025-04-15,254.11000061035156,258.75,247.5399932861328,249.91000366210938,79594300,TSLA
2025-04-16,241.5500030517578,251.97000122070312,233.88999938964844,247.61000061035156,112378700,TSLA
2025-04-17,241.3699951171875,244.33999633789062,237.67999267578125,243.47000122070312,83404800,TSLA
2025-04-21,227.5,232.2100067138672,222.7899932861328,230.25999450683594,97768000,TSLA
2025-04-22,237.97000122070312,242.7899932861328,229.85000610351562,230.9600067138672,120858500,TSLA
2025-04-23,250.74000549316406,259.45001220703125,244.42999267578125,254.86000061035156,150381900,TSLA
2025-04-24,259.510009765625,259.5400085449219,249.1999969482422,250.5,94464200,TSLA
2025-04-25,284.95001220703125,286.8500061035156,259.6300048828125,261.69000244140625,167560700,TSLA
2025-04-28,285.8800048828125,294.8599853515625,272.4200134277344,288.9800109863281,151731800,TSLA
2025-04-29,292.0299987792969,293.32000732421875,279.4700012207031,285.5,108906600,TSLA
2025-04-30,282.1600036621094,284.45001220703125,270.7799987792969,279.8999938964844,128961100,TSLA
2025-05-01,280.5199890136719,290.8699951171875,279.80999755859375,280.010009765625,99659000,TSLA
2025-05-02,287.2099914550781,294.7799987792969,279.80999755859375,284.8999938964844,114454700,TSLA
2025-05-05,280.260009765625,284.8500061035156,274.3999938964844,284.57000732421875,94618900,TSLA
2025-05-06,275.3500061035156,277.7300109863281,271.3500061035156,273.1099853515625,76715800,TSLA
2025-05-07,276.2200012207031,277.9200134277344,271.0,276.8800048828125,71592600,TSLA
2025-05-08,284.82000732421875,289.79998779296875,279.4100036621094,279.6300048828125,97539400,TSLA
2025-05-09,298.260009765625,307.0400085449219,290.0,290.2099914550781,132387800,TSLA
2025-05-12,318.3800048828125,322.2099914550781,311.5,321.989990234375,112826700,TSLA
2025-05-13,334.07000732421875,337.5899963378906,316.79998779296875,320.0,136992600,TSLA
2025-05-14,347.67999267578125,350.0,337.0,342.5,136997300,TSLA
2025-05-15,342.82000732421875,346.1400146484375,334.7200012207031,340.3399963378906,97882600,TSLA
2025-05-16,349.9800109863281,351.6199951171875,342.3299865722656,346.239990234375,95895700,TSLA
2025-05-19,342.0899963378906,343.0,333.3699951171875,336.29998779296875,88869900,TSLA
2025-05-20,343.82000732421875,354.989990234375,341.6300048828125,347.8699951171875,131715500,TSLA
2025-05-21,334.6199951171875,347.3500061035156,332.20001220703125,344.42999267578125,102354800,TSLA
2025-05-22,341.0400085449219,347.2699890136719,331.3900146484375,331.8999938964844,97113400,TSLA
2025-05-23,339.3399963378906,343.17999267578125,333.2099914550781,337.9200134277344,84654800,TSLA
2025-05-27,362.8900146484375,363.7900085449219,347.32000732421875,347.3500061035156,120146400,TSLA
2025-05-28,356.8999938964844,365.0,355.9100036621094,364.8399963378906,91404300,TSLA
2025-05-29,358.42999267578125,367.7099914550781,356.0,365.2900085449219,88087800,TSLA
2025-05-30,346.4599914550781,363.67999267578125,345.2900085449219,355.5199890136719,123474900,TSLA
2025-06-02,342.69000244140625,348.0199890136719,333.3299865722656,343.5,81873800,TSLA
2025-06-03,344.2699890136719,355.3999938964844,343.0400085449219,346.6000061035156,99324500,TSLA
2025-06-04,332.04998779296875,345.6000061035156,327.3299865722656,345.1000061035156,98912100,TSLA
2025-06-05,284.70001220703125,324.54998779296875,273.2099914550781,322.489990234375,287499800,TSLA
2025-06-06,295.1400146484375,305.5,291.1400146484375,298.8299865722656,164747700,TSLA
2025-06-09,308.5799865722656,309.8299865722656,281.8500061035156,285.9599914550781,140908900,TSLA
2025-06-10,326.0899963378906,327.8299865722656,310.6700134277344,314.94000244140625,151256500,TSLA
2025-06-11,326.42999267578125,335.5,322.5,334.3999938964844,122611400,TSLA
2025-06-12,319.1099853515625,332.55999755859375,316.8599853515625,323.0799865722656,105127500,TSLA
2025-06-13,325.30999755859375,332.989990234375,313.29998779296875,313.9700012207031,128964300,TSLA
2025-06-16,329.1300048828125,332.04998779296875,326.4100036621094,331.2900085449219,83925900,TSLA
2025-06-17,316.3500061035156,327.260009765625,314.739990234375,326.0899963378906,88282700,TSLA
2025-06-18,322.04998779296875,329.32000732421875,315.45001220703125,317.30999755859375,95137700,TSLA
2025-06-20,322.1600036621094,332.3599853515625,317.7799987792969,327.95001220703125,108688000,TSLA
2025-06-23,348.67999267578125,357.5400085449219,327.4800109863281,327.5400085449219,190716800,TSLA
2025-06-24,340.4700012207031,356.260009765625,340.44000244140625,356.1700134277344,114736200,TSLA
2025-06-25,327.54998779296875,343.0,320.3999938964844,342.70001220703125,119845100,TSLA
2025-06-26,325.7799987792969,331.04998779296875,323.6099853515625,324.6099853515625,80440900,TSLA
2025-06-27,323.6300048828125,329.3399963378906,317.5,324.510009765625,89067000,TSLA
2025-06-30,317.6600036621094,325.5799865722656,316.6000061035156,319.8999938964844,76695100,TSLA
2025-07-01,300.7099914550781,305.8900146484375,293.2099914550781,298.4599914550781,145085700,TSLA
2025-07-02,315.6499938964844,316.8299865722656,303.82000732421875,312.6300048828125,119483700,TSLA
2025-07-03,315.3500061035156,318.45001220703125,312.760009765625,317.989990234375,58042300,TSLA
2025-07-07,293.94000244140625,296.1499938964844,288.7699890136719,291.3699951171875,131177900,TSLA
2025-07-08,297.80999755859375,304.04998779296875,294.3500061035156,297.0,103246700,TSLA
2025-07-09,295.8800048828125,300.1499938964844,293.54998779296875,297.54998779296875,75586800,TSLA
2025-07-10,309.8699951171875,310.4800109863281,300.0,300.04998779296875,104365300,TSLA
2025-07-11,313.510009765625,314.0899963378906,305.6499938964844,307.8900146484375,79236400,TSLA
2025-07-14,316.8999938964844,322.6000061035156,312.6700134277344,317.7300109863281,78043400,TSLA
2025-07-15,310.7799987792969,321.20001220703125,310.5,319.67999267578125,77556300,TSLA
2025-07-16,321.6700134277344,323.5,312.6199951171875,312.79998779296875,97284800,TSLA
2025-07-17,319.4100036621094,324.3399963378906,317.05999755859375,323.1499938964844,73922900,TSLA
2025-07-18,329.6499938964844,330.8999938964844,321.4200134277344,321.6600036621094,94255000,TSLA
2025-07-21,328.489990234375,338.0,326.8800048828125,334.3999938964844,75768800,TSLA
2025-07-22,332.1099853515625,335.4100036621094,321.54998779296875,329.739990234375,77370400,TSLA
2025-07-23,332.55999755859375,336.20001220703125,328.6700134277344,330.8999938964844,92553800,TSLA
2025-07-24,305.29998779296875,310.1499938964844,300.4100036621094,310.0,156966000,TSLA
2025-07-25,316.05999755859375,323.6300048828125,308.010009765625,308.739990234375,148227000,TSLA
2025-07-28,325.5899963378906,330.489990234375,315.69000244140625,318.45001220703125,112673800,TSLA
2025-07-29,321.20001220703125,326.25,318.25,325.54998779296875,87358900,TSLA
2025-07-30,319.0400085449219,324.45001220703125,311.6199951171875,322.17999267578125,83931900,TSLA
2025-07-31,308.2699890136719,321.3699951171875,306.1000061035156,319.6099853515625,85270900,TSLA
2025-08-01,302.6300048828125,309.30999755859375,297.82000732421875,306.2099914550781,89121400,TSLA
2025-08-04,309.260009765625,312.1199951171875,303.0,309.0799865722656,78683900,TSLA
2025-08-05,308.7200012207031,312.45001220703125,305.5,308.95001220703125,57961300,TSLA
2025-08-06,319.9100036621094,320.4700012207031,306.92999267578125,307.8900146484375,78523600,TSLA
2025-08-07,322.2699890136719,322.3999938964844,316.1600036621094,319.7900085449219,66658700,TSLA
2025-08-08,329.6499938964844,335.1499938964844,320.9800109863281,321.42999267578125,91200300,TSLA
2025-08-11,339.0299987792969,346.6400146484375,334.1499938964844,335.0,105320200,TSLA
2025-08-12,340.8399963378906,345.260009765625,332.94000244140625,345.0,80522100,TSLA
2025-08-13,339.3800048828125,348.9800109863281,338.20001220703125,341.5,67838900,TSLA
2025-08-14,335.5799865722656,340.4700012207031,330.3999938964844,335.760009765625,75000700,TSLA
2025-08-15,330.55999755859375,339.29998779296875,327.0199890136719,337.6600036621094,74319800,TSLA
2025-08-18,335.1600036621094,336.2699890136719,329.5899963378906,329.6199951171875,56956600,TSLA
2025-08-19,329.30999755859375,340.54998779296875,327.8500061035156,335.7900085449219,75956000,TSLA
2025-08-20,323.8999938964844,331.3699951171875,314.6000061035156,329.2200012207031,77481800,TSLA
2025-08-21,320.1099853515625,324.8999938964844,318.67999267578125,322.0799865722656,55744400,TSLA
2025-08-22,340.010009765625,340.25,319.69000244140625,321.6600036621094,94016300,TSLA
2025-08-25,346.6000061035156,349.5299987792969,335.0299987792969,338.8999938964844,86670000,TSLA
2025-08-26,351.6700134277344,351.8999938964844,343.7200012207031,344.92999267578125,76651600,TSLA
2025-08-27,349.6000061035156,355.3900146484375,349.1600036621094,351.94000244140625,65519000,TSLA
2025-08-28,345.9800109863281,353.54998779296875,340.260009765625,350.9100036621094,67903200,TSLA
2025-08-29,333.8699951171875,348.75,331.70001220703125,347.2300109863281,81145700,TSLA
2025-09-02,329.3599853515625,333.3299865722656,325.6000061035156,328.2300109863281,58392000,TSLA
2025-09-03,334.0899963378906,343.3299865722656,328.510009765625,335.20001220703125,88733300,TSLA
2025-09-04,338.5299987792969,338.8900146484375,331.4800109863281,336.1499938964844,60711000,TSLA
2025-09-05,350.8399963378906,355.8699951171875,344.67999267578125,348.0,108989800,TSLA
2025-09-08,346.3999938964844,358.44000244140625,344.8399963378906,354.6400146484375,75208300,TSLA
2025-09-09,346.9700012207031,350.7699890136719,343.82000732421875,348.44000244140625,53816000,TSLA
2025-09-10,347.7900085449219,356.3299865722656,346.07000732421875,350.54998779296875,72121700,TSLA
2025-09-11,368.80999755859375,368.989990234375,347.6000061035156,350.1700134277344,103756000,TSLA
2025-09-12,395.94000244140625,396.69000244140625,370.239990234375,370.94000244140625,168156400,TSLA
2025-09-15,410.0400085449219,425.70001220703125,402.42999267578125,423.1300048828125,163823700,TSLA
2025-09-16,421.6199951171875,423.25,411.42999267578125,414.5,104285700,TSLA
2025-09-17,425.8599853515625,428.30999755859375,409.6700134277344,415.75,106133500,TSLA
2025-09-18,416.8500061035156,432.2200012207031,416.55999755859375,428.8699951171875,90454500,TSLA
2025-09-19,426.07000732421875,429.4700012207031,421.7200012207031,421.82000732421875,93131000,TSLA
2025-09-22,434.2099914550781,444.9800109863281,429.1300048828125,431.1099853515625,97108800,TSLA
2025-09-23,425.8500061035156,440.9700012207031,423.7200012207031,439.8800048828125,83422700,TSLA
2025-09-24,442.7900085449219,444.2099914550781,429.0299987792969,429.8299865722656,93133600,TSLA
2025-09-25,423.3900146484375,435.3500061035156,419.0799865722656,435.239990234375,96746400,TSLA
2025-09-26,440.3999938964844,440.4700012207031,421.0199890136719,428.29998779296875,101628200,TSLA
2025-09-29,443.2099914550781,450.9800109863281,439.5,444.3500061035156,79491500,TSLA
2025-09-30,444.7200012207031,445.0,433.1199951171875,441.5199890136719,74358000,TSLA
2025-10-01,459.4599914550781,462.2900085449219,440.75,443.79998779296875,98122300,TSLA
2025-10-02,436.0,470.75,435.57000732421875,470.5400085449219,137009000,TSLA
2025-10-03,429.8299865722656,446.7699890136719,416.5799865722656,443.2900085449219,133188200,TSLA
2025-10-06,453.25,453.54998779296875,436.69000244140625,440.75,85324900,TSLA
2025-10-07,433.0899963378906,452.67999267578125,432.45001220703125,447.82000732421875,102296100,TSLA
2025-10-08,438.69000244140625,441.3299865722656,425.2300109863281,437.57000732421875,71192100,TSLA
2025-10-09,435.5400085449219,436.3500061035156,426.17999267578125,431.80999755859375,69339900,TSLA
2025-10-10,413.489990234375,443.1300048828125,411.45001220703125,436.5400085449219,112107900,TSLA
2025-10-13,435.8999938964844,436.8900146484375,419.70001220703125,423.5299987792969,79552800,TSLA
2025-10-14,429.239990234375,434.20001220703125,417.8599853515625,426.7900085449219,72669400,TSLA
2025-10-15,435.1499938964844,440.510009765625,426.3299865722656,434.8999938964844,71558200,TSLA
2025-10-16,428.75,439.3500061035156,421.30999755859375,434.7300109863281,77189900,TSLA
2025-10-17,439.30999755859375,441.4599914550781,423.6000061035156,425.5,89331600,TSLA
2025-10-20,447.42999267578125,449.79998779296875,440.6099853515625,443.8699951171875,63719000,TSLA
2025-10-21,442.6000061035156,449.29998779296875,442.04998779296875,445.760009765625,54412200,TSLA
2025-10-22,438.9700012207031,445.5400085449219,429.0,443.45001220703125,84023500,TSLA
2025-10-23,448.9800109863281,449.3999938964844,413.8999938964844,420.0,126709800,TSLA
2025-10-24,433.7200012207031,451.67999267578125,430.1700134277344,446.8299865722656,94727800,TSLA
2025-10-27,452.4200134277344,460.1600036621094,438.69000244140625,439.9800109863281,105867500,TSLA
2025-10-28,460.54998779296875,467.0,451.6000061035156,454.7799987792969,80185700,TSLA
2025-10-29,461.510009765625,465.70001220703125,452.6499938964844,462.5,67983500,TSLA
2025-10-30,440.1000061035156,455.05999755859375,439.6099853515625,451.04998779296875,72447900,TSLA
2025-10-31,456.55999755859375,458.0,443.69000244140625,446.75,83135800,TSLA
2025-11-03,468.3699951171875,474.07000732421875,453.79998779296875,455.989990234375,84595200,TSLA
2025-11-04,444.260009765625,460.2200012207031,443.6000061035156,454.4599914550781,87756600,TSLA
2025-11-05,462.07000732421875,466.3299865722656,440.7099914550781,452.04998779296875,85573000,TSLA
2025-11-06,445.9100036621094,467.45001220703125,435.0899963378906,461.9599914550781,109622900,TSLA
2025-11-07,429.5199890136719,439.3599853515625,421.8800048828125,437.9200134277344,103471500,TSLA
2025-11-10,445.2300109863281,449.6700134277344,433.3599853515625,439.6000061035156,76515900,TSLA
2025-11-11,439.6199951171875,442.489990234375,432.3599853515625,439.3999938964844,60533200,TSLA
2025-11-12,430.6000061035156,442.3299865722656,426.55999755859375,442.1499938964844,58513500,TSLA
2025-11-13,401.989990234375,424.5,396.3399963378906,423.1300048828125,118948000,TSLA
2025-11-14,404.3500061035156,412.19000244140625,382.7799987792969,386.29998779296875,105506700,TSLA
2025-11-17,408.9200134277344,423.9599914550781,398.739990234375,398.739990234375,102214300,TSLA
2025-11-18,401.25,408.8999938964844,393.7099914550781,405.3800048828125,80688600,TSLA
2025-11-19,403.989990234375,411.7799987792969,398.5,406.17999267578125,72047700,TSLA
2025-11-20,395.2300109863281,428.94000244140625,394.739990234375,414.6300048828125,113548800,TSLA
2025-11-21,391.0899963378906,402.79998779296875,383.760009765625,402.32000732421875,100460600,TSLA
2025-11-24,417.7799987792969,421.7200012207031,401.0899963378906,402.1700134277344,96806400,TSLA
2025-11-25,419.3999938964844,420.4800109863281,405.95001220703125,414.4200134277344,71915600,TSLA
2025-11-26,426.5799865722656,426.94000244140625,416.8900146484375,423.95001220703125,63463000,TSLA
2025-11-28,430.1700134277344,432.92999267578125,426.20001220703125,426.5899963378906,36252900,TSLA
2025-12-01,430.1400146484375,433.6600036621094,425.2900085449219,425.32000732421875,57463600,TSLA
2025-12-02,429.239990234375,436.79998779296875,422.1199951171875,430.80999755859375,69336600,TSLA
2025-12-03,446.739990234375,447.9200134277344,431.1099853515625,432.1000061035156,87483000,TSLA
2025-12-04,454.5299987792969,454.6300048828125,445.3900146484375,449.94000244140625,71906500,TSLA
2025-12-05,455.0,458.8699951171875,451.6600036621094,453.0299987792969,56427500,TSLA
2025-12-08,439.5799865722656,449.75,435.25,447.45001220703125,69165800,TSLA
2025-12-09,445.1700134277344,452.3900146484375,435.70001220703125,437.5400085449219,62367400,TSLA
2025-12-10,451.45001220703125,456.8800048828125,443.6099853515625,446.07000732421875,63257500,TSLA
2025-12-11,446.8900146484375,449.2699890136719,440.3299865722656,448.95001220703125,55979500,TSLA
2025-12-12,458.9599914550781,463.010009765625,441.6700134277344,448.0899963378906,95656700,TSLA
2025-12-15,475.30999755859375,481.7699890136719,467.6600036621094,469.44000244140625,114542200,TSLA
2025-12-16,489.8800048828125,491.5,465.8299865722656,472.2099914550781,107608100,TSLA
2025-12-17,467.260009765625,495.2799987792969,466.20001220703125,488.2200012207031,106490400,TSLA
2025-12-18,483.3699951171875,490.8599853515625,473.1199951171875,478.1600036621094,95168400,TSLA
2025-12-19,481.20001220703125,490.489990234375,474.7200012207031,488.1199951171875,103305400,TSLA
2025-12-22,488.7300109863281,498.8299865722656,485.3299865722656,489.8800048828125,86916100,TSLA
2025-12-23,485.55999755859375,491.9700012207031,482.8399963378906,489.3999938964844,58223600,TSLA
2025-12-24,485.3999938964844,490.8999938964844,476.79998779296875,488.4800109863281,41285400,TSLA
2025-12-26,475.19000244140625,489.0899963378906,473.82000732421875,485.2300109863281,58780700,TSLA
2025-12-29,459.6400146484375,469.3999938964844,459.0,469.0,66263000,TSLA
2025-12-30,454.42999267578125,463.1199951171875,453.8299865722656,461.0899963378906,59238500,TSLA
2025-12-31,449.7200012207031,456.54998779296875,449.29998779296875,456.1000061035156,49078000,TSLA
2026-01-02,438.07000732421875,458.3399963378906,435.29998779296875,457.79998779296875,85535400,TSLA
2026-01-05,451.6700134277344,457.54998779296875,444.57000732421875,447.989990234375,67940800,TSLA
2026-01-06,432.9599914550781,448.25,428.7799987792969,446.3800048828125,89093800,TSLA
2026-01-07,431.4100036621094,438.3699951171875,431.2900085449219,435.8999938964844,59828800,TSLA
2026-01-08,435.79998779296875,436.8900146484375,424.3699951171875,427.8900146484375,57041100,TSLA
2026-01-09,445.010009765625,449.04998779296875,430.3900146484375,435.95001220703125,67331500,TSLA
2026-01-12,448.9599914550781,454.29998779296875,438.0,441.2300109863281,61649600,TSLA
2026-01-13,447.20001220703125,451.80999755859375,443.95001220703125,450.20001220703125,53719200,TSLA
2026-01-14,439.20001220703125,443.9100036621094,434.2200012207031,442.80999755859375,57259500,TSLA
2026-01-15,438.57000732421875,445.3599853515625,437.6499938964844,441.1300048828125,49465800,TSLA
2026-01-16,437.5,447.25,435.260009765625,439.5,60220600,TSLA
2026-01-20,419.25,430.7300109863281,417.44000244140625,429.3599853515625,63187300,TSLA
2026-01-21,431.44000244140625,438.20001220703125,419.6199951171875,421.6600036621094,68124000,TSLA
2026-01-22,449.3599853515625,449.5,432.6300048828125,435.1600036621094,71546700,TSLA
2026-01-23,449.05999755859375,452.42999267578125,444.0400085449219,447.42999267578125,56771400,TSLA
2026-01-26,435.20001220703125,445.0400085449219,434.2799987792969,445.0,49397400,TSLA
2026-01-27,430.8999938964844,437.5199890136719,430.69000244140625,437.4100036621094,37733100,TSLA
2026-01-28,431.4599914550781,438.260009765625,430.1000061035156,431.9100036621094,54857400,TSLA
2026-01-29,416.55999755859375,440.2300109863281,414.6199951171875,437.79998779296875,81686100,TSLA
2026-01-30,430.4100036621094,439.8800048828125,422.70001220703125,425.3500061035156,82626100,TSLA
2026-02-02,421.80999755859375,427.1499938964844,414.5,421.2900085449219,58739500,TSLA
2026-02-03,421.9599914550781,428.55999755859375,413.69000244140625,424.2699890136719,56886500,TSLA
2026-02-04,406.010009765625,423.8999938964844,399.17999267578125,420.4599914550781,74606900,TSLA
2026-02-05,397.2099914550781,402.1000061035156,387.5299987792969,397.0199890136719,72819800,TSLA
2026-02-06,411.1099853515625,414.54998779296875,397.75,400.8699951171875,62677100,TSLA
2026-02-09,417.32000732421875,421.25,407.2900085449219,409.9100036621094,54484300,TSLA
2026-02-10,425.2099914550781,427.25,417.0,418.0799865722656,64450200,TSLA
2026-02-11,428.2699890136719,436.3500061035156,420.0299987792969,427.9599914550781,57362000,TSLA
2026-02-12,417.07000732421875,436.2300109863281,414.0,430.29998779296875,61933400,TSLA
2026-02-13,417.44000244140625,424.05999755859375,410.8800048828125,414.30999755859375,51434100,TSLA
2026-02-17,410.6300048828125,413.7200012207031,400.510009765625,412.3599853515625,59678800,TSLA
2026-02-18,411.32000732421875,416.8999938964844,409.5799865722656,411.1099853515625,45921400,TSLA
2026-02-19,411.7099914550781,415.25,404.1099853515625,407.25,51019600,TSLA
2026-02-20,411.82000732421875,414.70001220703125,405.5,408.29998779296875,57912200,TSLA
2026-02-23,399.8299865722656,407.70001220703125,394.0400085449219,407.2900085449219,69680000,TSLA
2026-02-24,409.3800048828125,410.82000732421875,397.6400146484375,399.5,58579500,TSLA
2026-02-25,417.3999938964844,420.3399963378906,412.1499938964844,412.1499938964844,54809700,TSLA
2026-02-26,408.5799865722656,416.80999755859375,403.6600036621094,414.4200134277344,53602500,TSLA
2026-02-27,402.510009765625,407.1199951171875,398.1099853515625,402.94000244140625,56890100,TSLA
2026-03-02,403.32000732421875,404.5400085449219,388.25,390.6000061035156,55088300,TSLA
2026-03-03,392.42999267578125,396.3399963378906,385.3900146484375,395.0899963378906,62617300,TSLA
2026-03-04,405.94000244140625,408.3299865722656,394.5799865722656,397.8500061035156,68305500,TSLA
2026-03-05,405.54998779296875,408.6199951171875,399.4200134277344,401.57000732421875,51925900,TSLA
2026-03-06,396.7300109863281,402.3500061035156,394.2099914550781,398.0899963378906,64054600,TSLA
2026-03-09,398.67999267578125,401.5899963378906,381.3999938964844,390.04998779296875,67018900,TSLA
2026-03-10,399.239990234375,406.5899963378906,398.19000244140625,402.2200012207031,59258700,TSLA
2026-03-11,407.82000732421875,416.3800048828125,402.1499938964844,402.2799987792969,62559900,TSLA
2026-03-12,395.010009765625,406.5,394.6499938964844,405.17999267578125,60973800,TSLA
2026-03-13,391.20001220703125,400.20001220703125,389.95001220703125,399.1700134277344,58504100,TSLA
2026-03-16,395.55999755859375,403.7300109863281,394.4200134277344,396.2200012207031,58068300,TSLA
2026-03-17,399.2699890136719,400.1199951171875,393.0,395.69000244140625,46890500,TSLA
2026-03-18,392.7799987792969,403.07000732421875,392.30999755859375,399.0,50853100,TSLA
2026-03-19,380.29998779296875,387.2699890136719,378.7300109863281,387.2699890136719,67078300,TSLA
2026-03-20,367.9599914550781,379.8900146484375,364.4599914550781,379.8500061035156,78628600,TSLA
2026-03-23,380.8500061035156,385.3299865722656,372.7300109863281,373.0899963378906,74606000,TSLA
2026-03-24,383.0299987792969,387.4800109863281,376.30999755859375,376.55999755859375,60004900,TSLA
2026-03-25,385.95001220703125,396.2300109863281,385.010009765625,389.989990234375,55157300,TSLA
2026-03-26,372.1099853515625,384.44000244140625,371.8699951171875,381.6000061035156,55522900,TSLA
2026-03-27,361.8299865722656,369.8599853515625,359.4700012207031,369.69000244140625,62065700,TSLA
2026-03-30,355.2799987792969,367.2900085449219,352.1400146484375,365.8599853515625,67954400,TSLA
2026-03-31,371.75,373.3299865722656,361.0,361.510009765625,75534900,TSLA
2026-04-01,381.260009765625,383.1400146484375,374.0799865722656,378.6300048828125,58683800,TSLA
2026-04-02,360.5899963378906,370.2799987792969,359.0299987792969,364.20001220703125,83031200,TSLA
2026-04-06,352.82000732421875,367.7200012207031,346.6400146484375,362.5899963378906,77697600,TSLA
2026-04-07,346.6499938964844,348.0199890136719,337.239990234375,346.44000244140625,74515400,TSLA
2026-04-08,343.25,364.5,339.6700134277344,363.7900085449219,78838600,TSLA
2026-04-09,345.6199951171875,348.8800048828125,337.25,343.1499938964844,62164000,TSLA
2026-04-10,348.95001220703125,350.3599853515625,342.739990234375,346.2900085449219,51336000,TSLA
2026-04-13,352.4200134277344,356.3500061035156,348.57000732421875,350.07000732421875,53617500,TSLA
2026-04-14,364.20001220703125,367.6300048828125,354.7699890136719,357.6700134277344,59979600,TSLA
2026-04-15,391.95001220703125,394.6499938964844,362.5,366.8299865722656,113810400,TSLA
2026-04-16,388.8999938964844,394.05999755859375,381.79998779296875,393.80999755859375,63515100,TSLA
2026-04-17,400.6199951171875,409.2799987792969,391.6499938964844,395.9200134277344,90640000,TSLA
2026-04-20,392.5,406.79998779296875,388.3299865722656,402.5799865722656,64603900,TSLA
2026-04-21,386.4200134277344,393.95001220703125,385.2200012207031,393.0,50530600,TSLA
2026-04-22,387.510009765625,393.010009765625,385.29998779296875,387.57000732421875,62362800,TSLA
2026-04-23,373.7200012207031,386.0,368.3900146484375,375.2799987792969,93969500,TSLA
2026-04-24,376.29998779296875,382.760009765625,370.7300109863281,373.5,62893300,TSLA
2026-04-27,378.6700134277344,380.7799987792969,364.0199890136719,372.0899963378906,66735800,TSLA
2026-04-28,376.0199890136719,382.2900085449219,372.5400085449219,374.67999267578125,50864400,TSLA
2026-04-29,372.79998779296875,376.3999938964844,370.0400085449219,375.3999938964844,45384800,TSLA
2026-04-30,381.6300048828125,384.75,368.1700134277344,372.75,51076000,TSLA
2026-05-01,390.82000732421875,397.82000732421875,378.79998779296875,382.489990234375,65338300,TSLA
2026-05-04,392.510009765625,394.6400146484375,384.79998779296875,390.2300109863281,48765100,TSLA
2026-05-05,389.3699951171875,402.1199951171875,389.0,395.19000244140625,47780600,TSLA
2026-05-06,398.7300109863281,401.67999267578125,384.0199890136719,386.25,53465400,TSLA
2026-05-07,411.7900085449219,415.8299865722656,402.1199951171875,407.4800109863281,64294200,TSLA
2026-05-08,428.3500061035156,431.20001220703125,416.3900146484375,416.4800109863281,65050000,TSLA
2026-05-11,445.0,449.1600036621094,416.79998779296875,422.1600036621094,78376100,TSLA
2026-05-12,433.45001220703125,447.79998779296875,422.260009765625,441.4100036621094,60569300,TSLA
2026-05-13,445.2699890136719,453.3999938964844,430.2099914550781,436.6700134277344,68283200,TSLA
2026-05-14,443.29998779296875,451.9800109863281,441.1600036621094,446.489990234375,46070400,TSLA
2026-05-15,422.239990234375,434.6600036621094,422.0,433.9800109863281,52688700,TSLA
2026-05-18,409.989990234375,421.1300048828125,405.3299865722656,419.2699890136719,52474200,TSLA
2026-05-19,404.1099853515625,405.6300048828125,393.6300048828125,403.1600036621094,46500600,TSLA
2026-05-20,417.260009765625,417.4599914550781,406.3900146484375,407.6000061035156,45294700,TSLA
2026-05-21,417.8500061035156,426.95001220703125,412.8999938964844,422.17999267578125,42636900,TSLA
2026-05-22,426.010009765625,431.510009765625,420.510009765625,422.6700134277344,45944100,TSLA
2023-01-03,14.299909591674805,14.980192432307444,14.081140585137454,14.835344825073602,401277000,NVDA
2023-01-04,14.733451843261719,14.837342302451898,14.225987933937839,14.5516444923479,431324000,NVDA
2023-01-05,14.249963760375977,14.548648374304229,14.133086509590795,14.475725368544696,389168000,NVDA
2023-01-06,14.843337059020996,14.994177909991919,14.019206897315305,14.458742666001996,405044000,NVDA
2023-01-09,15.611523628234863,16.039071883990655,15.125036608382624,15.26788644529034,504231000,NVDA
2023-01-10,15.892230987548828,15.945174618132851,15.455691347514714,15.490654302177573,384101000,NVDA
2023-01-11,15.984130859375,16.01110282220087,15.546592882587277,15.823301290137104,353285000,NVDA
2023-01-12,16.49359703063965,16.619463677480493,15.475671006700845,16.083030927179784,551409000,NVDA
2023-01-13,16.881189346313477,16.90416582170696,16.147963697731562,16.260843564073028,447287000,NVDA
2023-01-17,17.683340072631836,17.709313641691512,16.881187014032182,16.881187014032182,511102000,NVDA
2023-01-18,17.35868263244629,17.854158152300805,17.263781558432793,17.648375934651437,439624000,NVDA
2023-01-19,16.74732780456543,17.17887355641003,16.713365152180454,17.018042058487556,452932000,NVDA
2023-01-20,17.82019805908203,17.837180338916934,16.80726689515637,16.99306976542005,564967000,NVDA
2023-01-23,19.172767639160156,19.224712866778543,17.799217156484602,18.044956208931275,655163000,NVDA
2023-01-24,19.244693756103516,19.474452780290186,18.80016309844602,18.807155689842816,496204000,NVDA
2023-01-25,19.302629470825195,19.349580807071824,18.560412717739826,18.893061849004603,449537000,NVDA
2023-01-26,19.781124114990234,20.14474069411191,19.257676365647274,19.680230760238217,489535000,NVDA
2023-01-27,20.343534469604492,20.60625774772897,19.384547252061992,19.441486379785015,542142000,NVDA
2023-01-30,19.141799926757812,20.11876764644554,19.129811540746857,19.928969317759073,488611000,NVDA
2023-01-31,19.516407012939453,19.66624851924581,18.930025867048208,19.14979328260832,498017000,NVDA
2023-02-01,20.920923233032227,21.169659387182808,19.590326660737446,19.670242250628736,660477000,NVDA
2023-02-02,21.686113357543945,21.925860113730366,20.6781782034606,20.977861172359162,564276000,NVDA
2023-02-03,21.0777587890625,21.72207934933685,20.767085792265146,20.977863818383533,429366000,NVDA
2023-02-06,21.0667724609375,21.547264471015012,20.764090426847382,20.784069803716758,452197000,NVDA
2023-02-07,22.149625778198242,22.235535559887833,21.12770349826597,21.359459276744385,664150000,NVDA
2023-02-08,22.181591033935547,22.853881881192613,21.98479821168747,22.363398373809797,559651000,NVDA
2023-02-09,22.313451766967773,22.99573229825379,22.09668147789324,22.58216918763524,523876000,NVDA
2023-02-10,21.242586135864258,22.054728961620185,20.7890660834922,21.6671393301779,550737000,NVDA
2023-02-13,21.765031814575195,22.024757958584203,20.93990234696834,21.515295357490146,474919000,NVDA
2023-02-14,22.94678497314453,23.024701862590533,21.343475492983863,21.55525189893666,675474000,NVDA
2023-02-15,22.740005493164062,22.830909178097187,22.082700019847906,22.52523196197497,420575000,NVDA
2023-02-16,21.97880744934082,22.526228206382104,21.903885748285937,22.109667968901128,412026000,NVDA
2023-02-17,21.365453720092773,21.717081932888007,20.9528889890741,21.60819758522636,465888000,NVDA
2023-02-21,20.63322639465332,21.47134072519899,20.596264744241374,20.977862013234812,410015000,NVDA
2023-02-22,20.73212432861328,21.081755798453145,20.39947513838324,20.685174889382303,513184000,NVDA
2023-02-23,23.63905143737793,23.862816211883125,23.000725173511558,23.415288568210517,1117995000,NVDA
2023-02-24,23.261451721191406,23.44925516678763,22.922810291543012,23.200517108251855,589716000,NVDA
2023-02-27,23.476226806640625,23.854827009250346,23.429277371082858,23.645049286961875,452994000,NVDA
2023-02-28,23.1915283203125,23.799887550278743,23.18153863236945,23.347364022615437,455963000,NVDA
2023-03-01,22.674072265625,23.23148459935281,22.484272025585433,23.167550984389926,460026000,NVDA
2023-03-02,23.28942108154297,23.35535148775119,22.408350934456944,22.464293559566894,389415000,NVDA
2023-03-03,23.86481475830078,23.874804445027564,23.105615715106577,23.29541595223961,412393000,NVDA
2023-03-06,23.5291690826416,24.22243577267556,23.462238375938345,23.865813694172704,437429000,NVDA
2023-03-07,23.267404556274414,24.103664219579663,23.22044523812733,23.579128902669357,515154000,NVDA
2023-03-08,24.15961456298828,24.178598765957478,23.40328406914848,23.46622807879238,513573000,NVDA
2023-03-09,23.415271759033203,24.432370990770355,23.36231723479036,24.153616530475606,501257000,NVDA
2023-03-10,22.94468879699707,23.60610394776299,22.705899859992172,23.388296345871805,474866000,NVDA
2023-03-13,22.94568634033203,23.2773934204727,22.27727934666776,22.731876826184696,421890000,NVDA
2023-03-14,24.04172134399414,24.197583533833306,23.439253923327623,23.475223293697898,474910000,NVDA
2023-03-15,24.206571578979492,24.264518937841256,23.33933927282555,23.739983668370748,524486000,NVDA
2023-03-16,25.518407821655273,25.565365225905747,23.872863426440126,24.005747106314715,583253000,NVDA
2023-03-17,25.702245712280273,26.375649322099584,25.64529501788219,25.959018356234978,848547000,NVDA
2023-03-20,25.877092361450195,26.000983238469185,25.107772930663263,25.59234458217973,432747000,NVDA
2023-03-21,26.175827026367188,26.368657115310835,25.35855164040249,26.15684473087792,547408000,NVDA
2023-03-22,26.444589614868164,27.564598386349715,26.21379303359335,26.401626474238157,797295000,NVDA
2023-03-23,27.16695213317871,27.474680300568725,26.666395768826245,27.091019134511235,564889000,NVDA
2023-03-24,26.75531578063965,27.14297311837725,26.331690982855743,27.007093717949058,454920000,NVDA
2023-03-27,26.507537841796875,26.97612295141189,26.34168427554185,26.813266991321488,361026000,NVDA
2023-03-28,26.386638641357422,26.48954817207098,25.82713452804624,26.423606568217767,356104000,NVDA
2023-03-29,26.96013641357422,27.054053149072452,26.57347951939455,26.801278531792093,393694000,NVDA
2023-03-30,27.358779907226562,27.474678436555607,27.078028306822056,27.204916786801245,364516000,NVDA
2023-03-31,27.75243377685547,27.809382571922825,27.081027225666862,27.115996118368173,433933000,NVDA
2023-04-03,27.940269470214844,27.975238365719044,27.31182601230269,27.484673356173086,398716000,NVDA
2023-04-04,27.428714752197266,27.975231771386614,27.28284399228964,27.94126145071521,368592000,NVDA
2023-04-05,26.857227325439453,26.97412252588098,26.371657076286322,26.8052732678004,515015000,NVDA
2023-04-06,27.013086318969727,27.056047553520614,26.403625256641565,26.560485977879456,397654000,NVDA
2023-04-10,27.554607391357422,27.59657006024275,26.645412420852104,26.7992755400983,395279000,NVDA
2023-04-11,27.144969940185547,27.765420962103274,27.102006799330113,27.699479353630412,314378000,NVDA
2023-04-12,26.471567153930664,27.443706150535657,26.42460783917617,27.345793254176353,446259000,NVDA
2023-04-13,26.439598083496094,26.86322292638038,26.30571770800017,26.71035834641652,353615000,NVDA
2023-04-14,26.734331130981445,26.85922056456347,26.196806902127364,26.480556091603322,395660000,NVDA
2023-04-17,26.978116989135742,26.98211316139373,26.409620037298097,26.541503250119483,321471000,NVDA
2023-04-18,27.642532348632812,28.085141371824708,27.332807032476975,27.508651980444906,604812000,NVDA
2023-04-19,27.906293869018555,27.97523308017652,27.207912752047683,27.336798357649375,358660000,NVDA
2023-04-20,27.08002471923828,28.005206202430383,26.97611662299647,27.646522604245416,427713000,NVDA
2023-04-21,27.095012664794922,27.15895713906588,26.698364452495547,26.928160559616323,345103000,NVDA
2023-04-24,27.018083572387695,27.341796428628392,26.64741139924113,26.989109891102213,339282000,NVDA
2023-04-25,26.217790603637695,27.2229013742331,26.201805913337573,27.054050219721624,378527000,NVDA
2023-04-26,26.93215560913086,27.305825338536614,26.6813781784844,26.978116353168147,406337000,NVDA
2023-04-27,27.201921463012695,27.470684568616697,26.601453148375764,27.338801338428016,377161000,NVDA
2023-04-28,27.724458694458008,27.73344960649909,27.047056930698307,27.20092196442208,292216000,NVDA
2023-05-01,28.88442611694336,29.032295912955636,27.75542655126911,27.815372941798888,570329000,NVDA
2023-05-02,28.185049057006836,28.810496754933304,28.058162478439368,28.654634590232256,402730000,NVDA
2023-05-03,27.77741050720215,28.341911325325526,27.44770245263645,27.815377004737694,383387000,NVDA
2023-05-04,27.537620544433594,27.834356814204146,27.21590486366876,27.626540615871196,321850000,NVDA
2023-05-05,28.654632568359375,28.72956508673925,27.7064725625765,27.801387848122303,361494000,NVDA
2023-05-08,29.125211715698242,29.194150921324063,28.324921601827587,28.496768426952514,344979000,NVDA
2023-05-09,28.545730590820312,28.947375483780448,28.424839220758987,28.87344152488721,314869000,NVDA
2023-05-10,28.859451293945312,29.087250267045963,28.435826537614037,28.97934408614239,369350000,NVDA
2023-05-11,28.552724838256836,28.924397489324303,28.22101963171673,28.87044439298813,322149000,NVDA
2023-05-12,28.314929962158203,28.754541262019682,28.02118941599848,28.50376194533573,274222000,NVDA
2023-05-15,28.92738914489746,28.943375739340738,28.12709896933045,28.48278306832434,293926000,NVDA
2023-05-16,29.18716049194336,29.84358087051638,28.806498873165175,28.815489784527685,449405000,NVDA
2023-05-17,30.151308059692383,30.17228939441913,29.403970448812785,29.557833570142268,432535000,NVDA
2023-05-18,31.64998435974121,31.799851322804358,30.293185535146684,30.383106094116936,748725000,NVDA
2023-05-19,31.236351013183594,31.552071537198664,30.888659200613215,31.50810982439647,473908000,NVDA
2023-05-22,31.148427963256836,31.492123586083498,30.652866345174697,30.8736696538163,372000000,NVDA
2023-05-23,30.660860061645508,31.26032981848292,30.603911263708845,30.972584411427434,356253000,NVDA
2023-05-24,30.510988235473633,30.579927446615685,29.779635363047586,30.1832773408898,721419000,NVDA
2023-05-25,37.946407318115234,39.44508061098546,36.60259571255149,38.488926318360186,1543911000,NVDA
2023-05-26,38.91156005859375,39.135361004641894,37.51679460203459,37.85649409999652,714397000,NVDA
2023-05-30,40.075523376464844,41.90090712766281,39.91366790954096,40.559096455146374,923401000,NVDA
2023-05-31,37.800537109375,40.259358998541856,37.78854668617227,39.45307354763965,1002580000,NVDA
2023-06-01,39.734825134277344,40.01457626339759,38.306089619716126,38.45495609590561,635873000,NVDA
2023-06-02,39.292213439941406,40.46417621230153,39.02345037446548,40.061532803064914,482731000,NVDA
2023-06-05,39.1363639831543,39.53001277855941,38.67277357971231,38.874594623272664,396094000,NVDA
2023-06-06,38.61981201171875,39.125365001144544,38.11425902229296,38.79565884971586,388729000,NVDA
2023-06-07,37.44572448730469,39.46814549212033,37.32681796379226,38.88460205575025,511998000,NVDA
2023-06-08,38.479923248291016,38.83364687712899,37.47571086548645,37.694537790431326,417772000,NVDA
2023-06-09,38.73971176147461,39.67997469301632,38.536871237623615,39.006501462599836,427717000,NVDA
2023-06-12,39.45116424560547,39.49912709454757,38.58784058808382,39.16938679625348,388701000,NVDA
2023-06-13,40.989959716796875,41.06890039349555,39.70896332197463,40.154614126267326,613208000,NVDA
2023-06-14,42.963417053222656,42.966413063285984,40.52032331528582,40.79211402973289,740465000,NVDA
2023-06-15,42.61968994140625,43.255194841743766,42.11408458461737,42.5687310811785,568622000,NVDA
2023-06-16,42.65865707397461,43.68685271034747,42.62767924321233,43.41606446435471,655709000,NVDA
2023-06-20,43.77378845214844,43.955649344990384,42.640675134967545,42.9644234306128,451153000,NVDA
2023-06-21,43.011375427246094,43.58093370313804,42.04713285457767,43.467020523272616,551603000,NVDA
2023-06-22,42.991397857666016,43.39208183010409,42.20101528373677,42.21999763880809,417737000,NVDA
2023-06-23,42.176029205322266,42.77555900672088,41.98218049927132,42.43083108618956,358140000,NVDA
2023-06-26,40.60026168823242,42.73059631968799,40.06867574743641,42.42783159494467,594322000,NVDA
2023-06-27,41.843284606933594,41.90723378479605,40.41640261431228,40.76712632853293,462175000,NVDA
2023-06-28,41.08488464355469,41.812316652912195,40.486353490200045,40.628240868259915,582639000,NVDA
2023-06-29,40.79011154174805,41.56750370507978,40.56828482936424,41.52553669526217,380514000,NVDA
2023-06-30,42.268959045410156,42.516766447959405,41.46858596097829,41.64744701058792,501148000,NVDA
2023-07-03,42.3798713684082,42.86449316721701,42.169037634447896,42.48379023030001,198209000,NVDA
2023-07-05,42.28395080566406,43.143275924330226,42.05212974638505,42.102089932908285,323618000,NVDA
2023-07-06,42.07012176513672,42.14606262903311,41.31371294848301,41.811325150457925,303582000,NVDA
2023-07-07,42.46979904174805,43.18024602401447,42.14705329030634,42.288940665727566,355881000,NVDA
2023-07-10,42.147056579589844,42.77756426984942,41.616469261927726,42.623685218893456,353908000,NVDA
2023-07-11,42.37187194824219,42.72459682462769,42.03413855568288,42.447812790415895,298244000,NVDA
2023-07-12,43.86771011352539,43.90068528368808,42.743588811592915,42.999389377359606,481277000,NVDA
2023-07-13,45.94108963012695,46.118948189485444,44.457248919012514,44.48322958682048,478204000,NVDA
2023-07-14,45.43348693847656,48.05044077711324,45.024806002911156,46.54661523204283,772075000,NVDA
2023-07-17,46.424705505371094,46.45967801263674,45.22664460524396,46.252842790646994,510488000,NVDA
2023-07-18,47.45689392089844,47.85858027791971,45.698270630412644,46.66451419857792,569164000,NVDA
2023-07-19,47.040225982666016,47.780648286916495,46.705488579051746,47.4269247186503,427502000,NVDA
2023-07-20,45.48444366455078,47.05022098399054,45.02680123666584,46.470672206647684,537865000,NVDA
2023-07-21,44.27438735961914,45.83017417101583,44.06555098011311,45.7522321711593,963769000,NVDA
2023-07-24,44.577152252197266,45.07376568294936,44.005600454709025,44.6960587806985,382516000,NVDA
2023-07-25,45.6433219909668,46.14692613209552,44.88791196755602,44.90589946333249,348081000,NVDA
2023-07-26,45.4164924621582,46.01702469777884,44.59513601307883,45.9850482020561,364237000,NVDA
2023-07-27,45.86415100097656,47.357982253239214,45.71426663486367,46.4826670082,455976000,NVDA
2023-07-28,46.71348190307617,46.99026595538216,46.34477066056632,46.63154522435899,331194000,NVDA
2023-07-31,46.69249725341797,47.093184983951005,46.4696718790696,46.71747924909827,251055000,NVDA
2023-08-01,46.47066879272461,46.86336333707945,45.99104422518508,46.42370462471362,237858000,NVDA
2023-08-02,44.23442459106445,45.80419670368741,43.353113509905164,45.79520486142881,530142000,NVDA
2023-08-03,44.48023223876953,45.08276192345427,43.76579051634056,43.76579051634056,324176000,NVDA
2023-08-04,44.64509963989258,45.60634618505477,44.35832507301121,44.94986170170467,362666000,NVDA
2023-08-07,45.381526947021484,45.504431975857,44.528193870776704,45.07576619174701,322154000,NVDA
2023-08-08,44.629112243652344,45.206659855456344,44.02158547433781,44.81796378324031,353843000,NVDA
2023-08-09,42.5207633972168,44.27738970488,42.10108946258739,44.23941737277786,586449000,NVDA
2023-08-10,42.35489273071289,43.53996721168232,41.80232325660613,42.12707017302428,492705000,NVDA
2023-08-11,40.82308578491211,41.9851793236234,40.607254909066846,41.718385785784754,533085000,NVDA
2023-08-14,43.71882629394531,43.76579047022575,40.279517041963544,40.454379600754656,690286000,NVDA
2023-08-15,43.905677795410156,45.23264344321466,43.67585790214367,44.52519626774696,676512000,NVDA
2023-08-16,43.45203399658203,44.640104468597144,43.37209465339346,44.4852267558164,527451000,NVDA
2023-08-17,43.310150146484375,44.02758789498413,42.96741571162868,43.93566069220137,452395000,NVDA
2023-08-18,43.26518249511719,43.543963920277655,41.62746264434339,42.601699627262846,583768000,NVDA
2023-08-21,46.93031692504883,47.02823995825299,44.1874618900852,44.4592488124891,692573000,NVDA
2023-08-22,45.63233184814453,48.14936547616456,45.29759440317979,48.09740413737571,755293000,NVDA
2023-08-23,47.07920455932617,47.16313859123231,45.17269372042857,45.83018078207806,779046000,NVDA
2023-08-24,47.12615966796875,50.22673658703904,47.12216498787686,50.17677640386691,1156044000,NVDA
2023-08-25,45.982051849365234,47.767654577471944,44.98882507843675,46.975274808576536,925341000,NVDA
2023-08-28,46.79841613769531,46.94330333520207,44.852938347469795,46.44569122659898,685192000,NVDA
2023-08-29,48.74589157104492,49.04266044648469,46.35475936686293,46.62954606851407,701397000,NVDA
2023-08-30,49.22551345825195,49.8879937040885,48.38716820828765,49.005684108950824,735206000,NVDA
2023-08-31,49.31645202636719,49.70514814643913,48.9197627338808,49.34143402541549,528570000,NVDA
2023-09-01,48.47111129760742,49.761103338104185,48.10439736069892,49.72313481683707,463830000,NVDA
2023-09-05,48.51008224487305,48.81284699146263,47.82261987711322,48.18533532160486,382653000,NVDA
2023-09-06,47.02811813354492,48.515077394105326,46.54745522657099,48.40715496062999,468670000,NVDA
2023-09-07,46.20868682861328,46.31161549020898,45.120447146044796,45.49318758272593,433330000,NVDA
2023-09-08,45.54015350341797,46.57343135473317,45.239365149462806,45.909897697113266,473069000,NVDA
2023-09-11,45.146427154541016,46.130735550235435,44.28103126100682,46.115746643442655,473966000,NVDA
2023-09-12,44.83864212036133,45.64108235714804,44.49987832466093,44.706734397330045,349256000,NVDA
2023-09-13,45.453216552734375,45.89790529019353,44.47190049902718,44.56883283924793,398355000,NVDA
2023-09-14,45.54915237426758,45.95486692026357,45.099466041293624,45.917894023696675,370097000,NVDA
2023-09-15,43.86932373046875,45.567133950218214,43.77738515441512,45.309314822834715,506831000,NVDA
2023-09-18,43.93527603149414,44.211084137750255,41.97065027461465,42.71812866784668,500271000,NVDA
2023-09-19,43.48958969116211,43.93527718281478,42.971950102234956,43.80237069955783,373064000,NVDA
2023-09-20,42.2094841003418,43.872322851544475,42.19349643912847,43.5695331686225,367108000,NVDA
2023-09-21,40.988338470458984,42.07058192849427,40.95136557382746,41.55394487986268,450736000,NVDA
2023-09-22,41.580928802490234,42.085577039704084,41.202191983473384,41.54295333933315,479236000,NVDA
2023-09-25,42.1924934387207,42.506273177622504,41.14822175071883,41.56193389222181,419091000,NVDA
2023-09-26,41.881717681884766,42.79008299471649,41.62589602088143,41.97165495479975,402282000,NVDA
2023-09-27,42.438323974609375,42.84204482057062,41.59991333679484,42.30042372625329,444935000,NVDA
2023-09-28,43.05888748168945,43.41563643301945,42.085569148140415,42.430325448929366,424663000,NVDA
2023-09-29,43.468597412109375,44.11314705405732,43.27673026651506,43.79636727580715,397830000,NVDA
2023-10-02,44.750709533691406,45.143432663496135,43.830351660184725,43.99923228856128,433298000,NVDA
2023-10-03,43.48658752441406,45.098463094837925,43.2157769974795,44.77668570728605,470850000,NVDA
2023-10-04,44.010231018066406,44.112160944881325,43.26175375973955,43.71144012859111,361821000,NVDA
2023-10-05,44.656776428222656,44.86863010408986,43.85733614690028,44.019221707908876,393483000,NVDA
2023-10-06,45.73002624511719,45.757007806644154,43.99523916079719,44.16212229169967,434436000,NVDA
2023-10-09,45.241363525390625,45.573132266606365,44.33699712951298,44.810664938003,409675000,NVDA
2023-10-10,45.76599884033203,46.22667525132618,45.05649586993077,45.27834086872442,368582000,NVDA
2023-10-11,46.773292541503906,46.8262569088581,46.017820302651025,46.16371818891468,378137000,NVDA
2023-10-12,46.912193298339844,47.575730741552675,46.297625211200135,46.74431143305413,481325000,NVDA
2023-10-13,45.429229736328125,47.08307579073531,45.24835646569822,46.92718276252737,474115000,NVDA
2023-10-16,46.06279373168945,46.19270015345539,44.88061784699003,45.03151331618372,375099000,NVDA
2023-10-17,43.90729522705078,44.72272688542817,42.45031391518229,43.96925217503642,812333000,NVDA
2023-10-18,42.16651153564453,43.18879926057118,41.79577241593963,42.5612359572998,627294000,NVDA
2023-10-19,42.071590423583984,43.266754056698915,41.85274164589192,42.781093510182195,501233000,NVDA
2023-10-20,41.35808181762695,42.4403252529677,41.049295810508625,41.860728698935155,477266000,NVDA
2023-10-23,42.944976806640625,43.21778871575257,40.91639615300988,41.20019815146549,478530000,NVDA
2023-10-24,43.632484436035156,43.66646107168209,42.6611674055464,43.04689542430625,401463000,NVDA
2023-10-25,41.74980545043945,43.61950024898592,41.525962950621626,43.36767362465919,398379000,NVDA
2023-10-26,40.297821044921875,42.22647269652664,39.852133556535904,41.8237544285133,541001000,NVDA
2023-10-27,40.471702575683594,41.177210573030834,39.987040836148445,41.1012634608965,416784000,NVDA
2023-10-30,41.132240295410156,41.73681712722262,40.45271510334961,41.05829449956598,388028000,NVDA
2023-10-31,40.75150680541992,40.850440472726774,39.20259051438913,40.421739350493176,517969000,NVDA
2023-11-01,42.295433044433594,42.35139367956083,40.84044890706074,40.855437818322336,437593000,NVDA
2023-11-02,43.4755973815918,43.853331578454224,42.864025551225126,43.29772036984495,409172000,NVDA
2023-11-03,44.97355270385742,45.27733731815709,43.69244703893823,43.989240387189966,424610000,NVDA
2023-11-06,45.719032287597656,45.90290564428218,44.86762640814462,45.25335828782106,400733000,NVDA
2023-11-07,45.922889709472656,46.18570260804149,45.12644574728523,45.687054558944546,343165000,NVDA
2023-11-08,46.54146194458008,46.83425650544142,45.93588252657113,46.06779027302312,346719000,NVDA
2023-11-09,46.91719436645508,48.19629874432979,46.71733335440422,47.43383140399592,540496000,NVDA
2023-11-10,48.30122375488281,48.43812905946533,47.24996072733801,47.466808147596865,421245000,NVDA
2023-11-13,48.58602523803711,49.08168084897678,48.065389383307924,48.28623562834099,384136000,NVDA
2023-11-14,49.62130355834961,49.79918059248535,49.005736641538505,49.64528886328257,416954000,NVDA
2023-11-15,48.85383987426758,49.92508940872805,48.1663208904743,49.90010916476034,475497000,NVDA
2023-11-16,49.4454231262207,49.49039366266599,48.29622902861317,48.644984172997816,339756000,NVDA
2023-11-17,49.26355743408203,49.68226341163358,48.9727603803161,49.489397461523026,325205000,NVDA
2023-11-20,50.373775482177734,50.51267829045294,49.14663294635536,49.27754192431734,414120000,NVDA
2023-11-21,49.90910339355469,50.48170107547834,49.18760774710226,50.09097543368955,565747000,NVDA
2023-11-22,48.68195343017578,50.29982144046333,47.65666949538865,49.817161099137216,899420000,NVDA
2023-11-24,47.742610931396484,48.88681116276577,47.71163055365719,48.436126147509995,294645000,NVDA
2023-11-27,48.20829391479492,48.49609089003982,47.61870599505968,47.76660139816942,395662000,NVDA
2023-11-28,47.78757858276367,48.28923046522846,47.439822215751256,48.20228946745971,401491000,NVDA
2023-11-29,48.10636520385742,48.72793227517069,47.826562052543174,48.34520044689955,382005000,NVDA
2023-11-30,46.73732376098633,48.076387698516726,46.389567324354005,47.990445435742124,526247000,NVDA
2023-12-01,46.732322692871094,47.16702011217605,46.15472745047927,46.4924925258304,369317000,NVDA
2023-12-04,45.47820281982422,46.04480802783984,44.9785521441802,46.04480802783984,437543000,NVDA
2023-12-05,46.53755569458008,46.571531508809755,45.243344800588865,45.43822537417424,371718000,NVDA
2023-12-06,45.47520446777344,47.35805637744802,45.3842604483653,47.18616055304672,380590000,NVDA
2023-12-07,46.567527770996094,46.600508551519596,45.57613336193407,45.67207537125721,350823000,NVDA
2023-12-08,47.47697448730469,47.71183151295026,46.5215573196364,46.566531807194686,359224000,NVDA
2023-12-11,46.598514556884766,47.50196163403656,45.802004370558734,47.461988967358906,509728000,NVDA
2023-12-12,47.62788772583008,47.63688109924922,46.017871828359986,46.017871828359986,372387000,NVDA
2023-12-13,48.058624267578125,48.56431567041087,47.5789179572985,47.59990503689136,447792000,NVDA
2023-12-14,48.320465087890625,48.640269318911756,47.3930343428762,48.36044156986005,391232000,NVDA
2023-12-15,48.86013412475586,49.37382007835511,48.09060403450958,48.16456014183968,479948000,NVDA
2023-12-18,50.04640579223633,50.4021872923408,49.1199739909024,49.369821256751614,412587000,NVDA
2023-12-19,49.57369613647461,49.66963815936467,48.865129643017234,49.39380579664743,464444000,NVDA
2023-12-20,48.081607818603516,49.9684548790202,48.0686152726536,49.624663268494515,397894000,NVDA
2023-12-21,48.96006774902344,49.065003134313834,48.389413683730325,48.78117626784754,300425000,NVDA
2023-12-22,48.8001708984375,49.352830653569725,48.43738988482299,49.16494577989552,252507000,NVDA
2023-12-26,49.24889373779297,49.56969677808233,48.930088377699356,48.93808291084912,244200000,NVDA
2023-12-27,49.386810302734375,49.64965012045702,49.05501239405432,49.48075464580007,233648000,NVDA
2023-12-28,49.49175262451172,49.85353103645047,49.38181919963959,49.612680916818,246587000,NVDA
2023-12-29,49.49175262451172,49.966464794426166,48.721223622528726,49.78257525535323,389293000,NVDA
2024-01-02,48.13856887817383,49.26487918925224,47.565920930034586,49.213911661432995,411254000,NVDA
2024-01-03,47.539939880371094,48.15456203597886,47.2910914479061,47.45599156277329,320896000,NVDA
2024-01-04,47.96867752075195,48.47036973426666,47.478975200634494,47.73781584044559,306535000,NVDA
2024-01-05,49.06700897216797,49.51673484987403,48.27649179251623,48.43239854255895,415039000,NVDA
2024-01-08,52.2210807800293,52.24307051371221,49.44877695414858,49.48175774230581,642510000,NVDA
2024-01-09,53.10753631591797,54.291813775257275,51.658421354299875,52.368989354850214,773100000,NVDA
2024-01-10,54.316795349121094,54.566642620850935,53.45632128428564,53.58324641272958,533796000,NVDA
2024-01-11,54.788509368896484,55.31219134586392,53.527283064841185,54.9654031964735,596759000,NVDA
2024-01-12,54.67658233642578,54.93642566391885,54.29681718450093,54.586637155734685,352994000,NVDA
2024-01-16,56.34755325317383,56.80027560728274,54.86646024002656,54.98438817814625,449580000,NVDA
2024-01-17,56.01875686645508,56.43650076516492,54.70655929384397,56.3125759716749,474394000,NVDA
2024-01-18,57.072113037109375,57.5648119047759,56.07272391506558,57.225019450786334,491650000,NVDA
2024-01-19,59.454654693603516,59.463648066531206,57.19003646845247,57.953569636409725,543501000,NVDA
2024-01-22,59.6175651550293,60.29415362361085,59.033922203847766,60.012324362995706,452955000,NVDA
2024-01-23,59.83642578125,59.8734019281728,58.549210583878605,59.53360947543731,294654000,NVDA
2024-01-24,61.32451248168945,62.810603561548206,59.901382639629475,60.26716017281773,560271000,NVDA
2024-01-25,61.5793571472168,62.680685096135214,60.81282362309359,62.3119072339738,482777000,NVDA
2024-01-26,60.99371337890625,61.74525668401416,60.535996808090815,60.92275760795634,390309000,NVDA
2024-01-29,62.426841735839844,62.450825336358335,60.869794823781135,61.1945932389414,348733000,NVDA
2024-01-30,62.73564147949219,63.45420391803373,62.221955609785994,62.86156775312822,410735000,NVDA
2024-01-31,61.489410400390625,62.23095765369269,60.66291599295292,61.40246175375336,453795000,NVDA
2024-02-01,62.98849868774414,63.1523999678792,61.61234096321601,62.06206301871128,369146000,NVDA
2024-02-02,66.11958312988281,66.55930912654547,63.65108714697043,63.93491403332179,476578000,NVDA
2024-02-05,69.2896499633789,69.45455008972388,67.16395031831868,68.1833239064927,680078000,NVDA
2024-02-06,68.18132019042969,69.71138308978904,66.25949848302591,69.58745829595591,683111000,NVDA
2024-02-07,70.05616760253906,70.17709586585252,67.55869397580136,68.27725642617484,495575000,NVDA
2024-02-08,69.59844207763672,70.75073737144197,69.41255872885704,70.03117613467934,414422000,NVDA
2024-02-09,72.08893585205078,72.14089841148939,70.16910418058404,70.48990722179018,436637000,NVDA
2024-02-12,72.20386505126953,74.56542046599529,71.2064736279646,72.55564739281085,613710000,NVDA
2024-02-13,72.08395385742188,73.40514518374027,69.5774897432117,70.35701222131028,602580000,NVDA
2024-02-14,73.8548583984375,74.19065168292555,71.89405893388704,73.15728673605686,504917000,NVDA
2024-02-15,72.61361694335938,73.9298138493264,72.35577892403286,73.82388341395547,420122000,NVDA
2024-02-16,72.56863403320312,74.35654245789623,72.45670295069786,74.05472502125532,495327000,NVDA
2024-02-20,69.40957641601562,71.91204456852859,67.69262359545532,71.90304738257117,704833000,NVDA
2024-02-21,67.4307861328125,68.84592156210476,66.2075347659216,67.96445653317794,673755000,NVDA
2024-02-22,78.49002838134766,78.52700071768926,74.17466516688725,74.97917375100998,865100000,NVDA
2024-02-23,78.76885986328125,82.34367088132632,77.52261988480991,80.74065432651751,829388000,NVDA
2024-02-26,79.04368591308594,80.596737435313,78.4570388969918,79.65130857177527,503973000,NVDA
2024-02-27,78.65292358398438,79.43145470230726,77.11486980989693,79.33250852556469,391705000,NVDA
2024-02-28,77.61556243896484,78.88478331880187,77.07788905731108,77.57258943700786,393110000,NVDA
2024-02-29,79.06366729736328,79.94112925032395,78.3021317921465,79.0456805510973,507289000,NVDA
2024-03-01,82.2287368774414,82.24972776986829,79.38647244624788,79.95112973995113,479135000,NVDA
2024-03-04,85.18492126464844,87.6414196546175,83.6678509917937,84.07859536447201,615616000,NVDA
2024-03-05,85.91551208496094,86.04844030428545,83.36995155382468,85.22190326590307,520639000,NVDA
2024-03-06,88.64997100830078,89.67339555623481,86.98091470216241,87.97235961581464,582520000,NVDA
2024-03-07,92.6167221069336,92.71466639598263,89.55145092677502,90.10713703099752,608119000,NVDA
2024-03-08,87.47863006591797,97.34506345152579,86.45720334881955,95.08433828640496,1142269000,NVDA
2024-03-11,85.72562408447266,88.74691405918401,84.11852931570184,86.3802534333582,678364000,NVDA
2024-03-12,91.86116790771484,91.90813847414768,86.10141744907258,87.99934858682109,668075000,NVDA
2024-03-13,90.83673858642578,91.45238847114443,88.38511917925783,91.0036442134583,635713000,NVDA
2024-03-14,87.89439392089844,90.5948732884495,86.55115025815236,89.52647603225017,602318000,NVDA
2024-03-15,87.7874526977539,89.49548835416286,86.20834970674177,86.88096661769565,642086000,NVDA
2024-03-18,88.40511322021484,92.3528823706334,87.03588315502401,90.33702166642148,668976000,NVDA
2024-03-19,89.34757995605469,90.49292967987033,84.9620544077868,86.65109602123033,672171000,NVDA
2024-03-20,90.3210220336914,90.35900261059237,88.17323222883243,89.74634182102426,479063000,NVDA
2024-03-21,91.3834228515625,92.59574371140432,90.3540050520513,92.2479404308415,480372000,NVDA
2024-03-22,94.2358169555664,94.72453954495887,90.78276394753543,91.0895899885777,586719000,NVDA
2024-03-25,94.94840240478516,96.71140716240863,93.45724736719572,93.88800396946667,552136000,NVDA
2024-03-26,92.50880432128906,96.32065669701714,92.4498394808451,95.79695009267564,513648000,NVDA
2024-03-27,90.1990966796875,93.18740810778951,89.07273343467564,93.0594819501001,586067000,NVDA
2024-03-28,90.3050308227539,91.24849853375163,89.14268488587938,89.9492288448454,435212000,NVDA
2024-04-01,90.31202697753906,92.17297617207028,89.15368416261286,90.24806771473163,452441000,NVDA
2024-04-02,89.40155029296875,90.04318648075638,87.57058285516493,88.39811114522563,433064000,NVDA
2024-04-03,88.913818359375,90.32302673450899,88.35014110939444,88.43409336471458,370067000,NVDA
2024-04-04,85.85653686523438,90.58287298050408,85.83154944356146,90.35499714995936,434965000,NVDA
2024-04-05,87.9583740234375,88.43110686367916,85.87754736667624,86.81701209960936,399678000,NVDA
2024-04-08,87.08384704589844,88.77988827828314,86.68307229452097,88.64995673788222,283220000,NVDA
2024-04-09,85.30584716796875,87.58556628736338,82.97516956737525,87.39267436773328,501700000,NVDA
2024-04-10,86.98990631103516,87.35070274664696,83.66178279831279,83.87866326448999,431929000,NVDA
2024-04-11,90.56488037109375,90.6878120841834,86.8769671038577,87.37068410490238,431637000,NVDA
2024-04-12,88.13626098632812,90.1241452492344,87.48063273280795,89.64840815742117,426805000,NVDA
2024-04-15,85.9524917602539,90.56188993656951,85.8805337738884,89.0477450616577,443077000,NVDA
2024-04-16,87.36569213867188,88.06829089560239,86.01545628049773,86.38424380509475,370453000,NVDA
2024-04-17,83.98759460449219,88.7249183584023,83.90263584788114,88.2901585822677,495400000,NVDA
2024-04-18,84.62323760986328,86.14138561304675,82.35552028108327,84.92207255324703,447260000,NVDA
2024-04-19,76.15702056884766,84.27643922651326,75.56336143765269,83.10310538210794,875198000,NVDA
2024-04-22,79.47314453125,80.02783178093904,76.35690706369323,78.0599406532052,596341000,NVDA
2024-04-23,82.37651824951172,82.72232381135599,80.21873912417956,80.72345160999099,438559000,NVDA
2024-04-24,79.63206481933594,84.03457921776213,79.13834013698539,83.90264988256477,512208000,NVDA
2024-04-25,82.58538818359375,83.2759926322814,78.178871245499,78.82350402342217,424641000,NVDA
2024-04-26,87.6855239868164,88.28118855401848,83.3399763925944,83.7707330936579,551011000,NVDA
2024-04-29,87.70751190185547,87.94237235498613,85.21791179771557,87.54560070216142,388971000,NVDA
2024-04-30,86.35327911376953,88.76891600613489,86.25133925368692,87.19080401105087,363709000,NVDA
2024-05-01,82.99414825439453,85.9514784070707,81.20915281271795,85.02900264492887,559863000,NVDA
2024-05-02,85.76859283447266,86.18835408667036,83.15306466582874,84.4013606664833,377898000,NVDA
2024-05-03,88.7389144897461,89.23063371341577,86.9909005732954,87.73947860212795,398341000,NVDA
2024-05-06,92.08802795410156,92.16798466023728,89.00476895897276,89.3395790876885,376203000,NVDA
2024-05-07,90.50292205810547,91.72922732116892,88.96079315014337,91.04661392300342,437342000,NVDA
2024-05-08,90.36102294921875,91.14257969351397,89.36957790521554,89.43254592014647,325721000,NVDA
2024-05-09,88.69695281982422,91.02063858717587,88.18124497678554,90.47794554376881,378013000,NVDA
2024-05-10,89.82730102539062,91.3494445724532,89.17666725781999,90.25406212026445,335325000,NVDA
2024-05-13,90.3480224609375,90.94668368485891,88.47907428372562,90.4269726636133,289680000,NVDA
2024-05-14,91.30448150634766,91.5993133075769,88.88384272491611,89.5484686052902,296507000,NVDA
2024-05-15,94.57662963867188,94.80850105677926,91.54734077306348,92.41984953324487,417735000,NVDA
2024-05-16,94.30577850341797,95.76495408373688,94.04991856770557,94.85647021604154,323952000,NVDA
2024-05-17,92.42682647705078,94.68655257434129,91.75420961084316,94.31576729412592,359691000,NVDA
2024-05-20,94.72654724121094,95.14630855060346,93.38730659931326,93.69712933361367,318764000,NVDA
2024-05-21,95.33220672607422,95.34619876949091,93.1274495632841,93.5462119787617,328946000,NVDA
2024-05-22,94.89644622802734,95.96584245517248,93.19640917175742,95.4051618418388,548648000,NVDA
2024-05-23,103.74046325683594,106.26003756449907,101.46274160839002,101.9704583406549,835065000,NVDA
2024-05-24,106.40895080566406,106.41494412748668,102.94190563238328,104.39008586204577,429494000,NVDA
2024-05-28,113.83674621582031,114.87416266382655,109.821015139746,110.18181155048528,652728000,NVDA
2024-05-29,114.7602310180664,115.42685462015827,110.83844833840384,112.98623828974068,557442000,NVDA
2024-05-30,110.43766784667969,115.75366768594493,109.60114200461162,114.58532839037406,484553000,NVDA
2024-05-31,109.5711669921875,112.65342715935483,106.87968513049076,112.45653205108225,613263000,NVDA
2024-06-03,114.93513488769531,114.93513488769531,111.93982368190672,113.55691490102478,438392000,NVDA
2024-06-04,116.37133026123047,116.53424034822847,113.98068096958718,115.65074383289046,403324000,NVDA
2024-06-05,122.3709487915039,122.37993877462908,117.40175277551737,118.30424338003813,528402000,NVDA
2024-06-06,120.92974853515625,125.51615686058132,118.25325773862335,123.97802351582399,664696000,NVDA
2024-06-07,120.81981658935547,121.62336396697008,117.95543577009146,119.70244332667052,412386000,NVDA
2024-06-10,121.7213134765625,123.03057221935303,116.94401053331076,120.30211616184846,313434100,NVDA
2024-06-11,120.85174560546875,122.81080030375152,118.68278538083564,121.71132421608192,222551200,NVDA
2024-06-12,125.13965606689453,126.81884668595569,122.51092635625676,123.00068806264866,299595000,NVDA
2024-06-13,129.5475311279297,129.7374419918796,127.09871503024357,129.32763594350715,260704500,NVDA
2024-06-14,131.8164520263672,132.7759808624214,128.2581700274141,129.89737910282292,309320400,NVDA
2024-06-17,130.91688537597656,133.66556033801308,129.5175660413327,132.92592665460285,288504400,NVDA
2024-06-18,135.5146484375,136.26428691629846,130.62700616579136,131.07678620278367,294335100,NVDA
2024-06-20,130.7169647216797,140.69215023640655,129.45757751387328,139.73262148324963,517768400,NVDA
2024-06-21,126.50900268554688,130.5670512631637,124.24010000634735,127.05874067811743,649445800,NVDA
2024-06-24,118.05307006835938,124.40000776140424,117.98310411428992,123.18059459700767,476060900,NVDA
2024-06-25,126.02922821044922,126.43903427437067,119.26249431645674,121.14158551930763,414192600,NVDA
2024-06-26,126.33909606933594,128.05826088696048,122.54092403749853,126.06922189761302,362975900,NVDA
2024-06-27,123.93024444580078,126.34908399185862,122.8607604065947,124.04019204451785,252571700,NVDA
2024-06-28,123.48046112060547,127.6484495693471,122.69084094404647,124.5199608102888,315516700,NVDA
2024-07-01,124.24010467529297,124.7798377464592,118.77273936918628,123.41050281013469,284885500,NVDA
2024-07-02,122.61088562011719,123.35053451744282,120.97167651778796,121.07162680437523,218374000,NVDA
2024-07-03,128.21817016601562,128.21817016601562,121.30150730962696,121.60136576540062,215749000,NVDA
2024-07-05,125.76937103271484,128.7879201254304,125.6194417846086,127.31861959456383,214176700,NVDA
2024-07-08,128.13819885253906,130.70696731901708,126.9787619894619,127.42854201917729,237677300,NVDA
2024-07-09,131.3166961669922,133.7555228326683,128.58800070420872,130.28719371816868,285366600,NVDA
2024-07-10,134.84500122070312,135.03491211498738,132.35619546389498,133.965420342518,248978600,NVDA
2024-07-11,127.33860778808594,136.0843835595481,126.98877797734232,135.6845824191085,374782700,NVDA
2024-07-12,129.177734375,131.85643576222122,127.15870339191848,128.1981955828636,252680500,NVDA
2024-07-15,128.3780975341797,131.3266726567918,127.11870268784229,130.49707086610906,208326200,NVDA
2024-07-16,126.29910278320312,128.97780386568002,124.51996185494663,128.3781021800115,214769500,NVDA
2024-07-17,117.93312072753906,121.79126062270679,116.66373628697615,121.29150164795156,390086200,NVDA
2024-07-18,121.0316390991211,122.34101295266511,116.50382347473696,121.79127496540796,320979500,NVDA
2024-07-19,117.87317657470703,121.5414063811811,117.31344884694725,120.29200868477562,217223800,NVDA
2024-07-22,123.48046112060547,124.01020446831424,119.80223438238662,120.29199609290939,258068900,NVDA
2024-07-23,122.53092193603516,124.62991607602876,122.04116019537173,122.72083281792666,173911000,NVDA
2024-07-24,114.19493865966797,119.89218856658098,113.38533146913761,119.1125656978158,327776900,NVDA
2024-07-25,112.22588348388672,116.57378540069556,106.24876991914482,112.98551932388845,460067000,NVDA
2024-07-26,113.0055160522461,116.14400233469152,111.52623350707361,116.13401264402222,293399100,NVDA
2024-07-29,111.53620910644531,116.22395093081532,111.24635559929368,113.63520299096253,248152100,NVDA
2024-07-30,103.68000793457031,111.93602131829121,102.49057904635741,111.46624662712419,486833300,NVDA
2024-07-31,116.96359252929688,118.28295597890576,110.82655264429766,112.84558326649312,473174200,NVDA
2024-08-01,109.1573715209961,120.1020993651303,106.75852653969832,117.4733618639685,523462300,NVDA
2024-08-02,107.21829223632812,108.66759790813096,101.32114215166182,103.7099895556254,482027500,NVDA
2024-08-05,100.40159606933594,103.3601765320247,90.64630432334224,92.01563932136813,552842400,NVDA
2024-08-06,104.19976806640625,107.65809998114993,100.50155392872522,103.78996196090817,409012100,NVDA
2024-08-07,98.86233520507812,108.74756823143176,98.64244001125142,107.75803985921162,411440400,NVDA
2024-08-08,104.9194107055664,105.44915405082541,97.47299667346623,101.95084088326249,391910000,NVDA
2024-08-09,104.69952392578125,106.54863093775165,103.3801603016259,105.58909444979487,290844200,NVDA
2024-08-12,108.96745300292969,111.01646802839923,106.20878871222484,106.26875735419573,325559900,NVDA
2024-08-13,116.08403015136719,116.17399074467681,111.52623010948827,112.38581627538197,312646700,NVDA
2024-08-14,118.02310180664062,118.54284787534027,114.0150319977807,118.4728819117515,339246400,NVDA
2024-08-15,122.80079650878906,123.180610648127,117.41339446628129,118.70277375276062,318086700,NVDA
2024-08-16,124.51996612548828,124.93976189528415,121.12160307679298,121.88123896431732,302589900,NVDA
2024-08-19,129.93734741210938,129.93734741210938,123.36051676677039,124.22010290586175,318333600,NVDA
2024-08-20,127.18869018554688,129.81742791620712,125.82934483165957,128.33813000806336,300087400,NVDA
2024-08-21,128.4380645751953,129.28766098618868,126.59895509298427,127.25863301570179,257883600,NVDA
2024-08-22,123.68037414550781,130.68699853485288,123.04068313749794,129.95735455339707,376189100,NVDA
2024-08-23,129.30764770507812,129.53754784197983,125.15965381933411,125.79934477343178,323230300,NVDA
2024-08-26,126.3990478515625,131.196729770517,124.31005885081005,129.50755712849073,331964700,NVDA
2024-08-27,128.23817443847656,129.1377346219971,123.82029866993177,124.98974063480068,303134600,NVDA
2024-08-28,125.54946899414062,128.26815944285755,122.580899020736,128.05825393148814,448101100,NVDA
2024-08-29,117.5333251953125,124.37003270157089,116.65375204642187,121.30151255769351,453023300,NVDA
2024-08-30,119.31248474121094,121.6913352015347,117.1635191858143,119.47240368041436,333751600,NVDA
2024-09-03,107.94795227050781,116.15399476413343,107.238295351223,115.95409419910477,477155100,NVDA
2024-09-04,106.15880584716797,113.21540048575886,104.06981688786142,105.35919602273194,372470300,NVDA
2024-09-05,107.15833282470703,109.5971593888533,104.70951657024186,104.93940145906154,306850700,NVDA
2024-09-06,102.78044128417969,108.09787692095124,100.90134249947533,107.98792932713482,413638100,NVDA
2024-09-09,106.41869354248047,106.4986568208146,103.64003443897201,104.82945579489092,273912000,NVDA
2024-09-10,108.04788970947266,109.34726610485653,104.89940661736314,107.7580285866342,268283700,NVDA
2024-09-11,116.8536605834961,117.13352442144715,107.36822866067497,109.33728046789619,441422400,NVDA
2024-09-12,119.0927734375,120.7421209186122,115.33426173002456,116.79368208487448,366052700,NVDA
2024-09-13,119.05278015136719,119.91243980632909,117.55337484057826,119.03279143615939,238358300,NVDA
2024-09-16,116.73370361328125,118.13315013570288,114.31466480568342,116.74370178435876,248772300,NVDA
2024-09-17,115.54417419433594,118.75290839853001,114.78448096424103,118.12315326201993,231925900,NVDA
2024-09-18,113.32505798339844,117.65333558843457,113.17511592459984,115.84405559100924,310318900,NVDA
2024-09-19,117.82328033447266,119.61257171272585,117.20352335036759,117.30348218615993,293506400,NVDA
2024-09-20,115.95401000976562,118.57297401582413,115.34425124357021,117.01358731596827,382462400,NVDA
2024-09-23,116.21391296386719,116.94361929782039,114.81446644323901,116.50379891378353,206228500,NVDA
2024-09-24,120.82208251953125,121.75171411597229,115.33425359874879,116.4738010232417,354966800,NVDA
2024-09-25,123.46104431152344,124.89047778241,121.56179592255684,121.97162943795686,284692900,NVDA
2024-09-26,123.9908218383789,127.61937987933592,121.75171208350119,126.7497296956914,302582900,NVDA
2024-09-27,121.35187530517578,123.98082995705606,119.21272426875333,123.92085618310571,271009200,NVDA
2024-09-30,121.3918685913086,121.451842369324,118.10317169758383,118.26310431441512,226553700,NVDA
2024-10-01,116.95360565185547,122.39145095337135,115.74408637181682,121.72171083436712,302094500,NVDA
2024-10-02,118.80288696289062,119.33267565347262,115.09435850244638,116.39384623986545,221845900,NVDA
2024-10-03,122.80130767822266,124.31071133495183,120.29230036497337,120.872072316084,277118000,NVDA
2024-10-04,124.8704833984375,124.99043857930913,121.78171184810518,124.890479741768,243678100,NVDA
2024-10-07,127.66937255859375,130.58821322989388,124.9004663256647,124.94045138468705,346250200,NVDA
2024-10-08,132.83731079101562,133.42707320550807,129.36868536610157,130.20834865989482,285722500,NVDA
2024-10-09,132.597412109375,134.46668122269037,131.32792651292905,134.0568400839603,246191600,NVDA
2024-10-10,134.75656127929688,134.94648840712318,130.94807393580103,131.8577168886846,242311300,NVDA
2024-10-11,134.74656677246094,135.72617401836632,133.60701929174726,133.9568713960576,170209500,NVDA
2024-10-14,138.01527404785156,139.54466630986312,136.24597143489578,136.4159022137037,232347700,NVDA
2024-10-15,131.54783630371094,138.5150744275185,128.68896947491228,137.8153397242487,377831000,NVDA
2024-10-16,135.66619873046875,136.56583584893667,131.527840530584,133.92688301499192,264879700,NVDA
2024-10-17,136.87571716308594,140.83415423256426,136.81574338597488,139.28476556198524,306435900,NVDA
2024-10-18,137.94529724121094,138.8449343829922,137.22558142668973,138.61502982502418,176090200,NVDA
2024-10-21,143.6530303955078,143.6530303955078,137.94528751258602,138.07524085271365,264554500,NVDA
2024-10-22,143.5330810546875,144.3627538949317,141.72380093133486,142.85335791004843,226311600,NVDA
2024-10-23,139.50466918945312,142.37352650102258,137.40551088320953,141.97369118156848,285930000,NVDA
2024-10-24,140.35433959960938,141.293969386979,138.40511570705533,140.76418072009866,172354900,NVDA
2024-10-25,141.48388671875,144.0728716327459,140.74418981710016,140.8741279131319,205122100,NVDA
2024-10-28,140.4643096923828,143.08326638426843,139.99449475491215,142.9433224828564,173586700,NVDA
2024-10-29,141.19400024414062,142.20359433012132,138.8449258203989,140.23437413304583,157593600,NVDA
2024-10-30,139.28475952148438,140.27437255912164,136.75576367804047,139.48467718743143,179418100,NVDA
2024-10-31,132.70736694335938,137.55545044959692,132.05763071180766,137.54545990469654,270039600,NVDA
2024-11-01,135.34632873535156,137.25557537634637,134.5166711244238,134.64660922766117,207127800,NVDA
2024-11-04,135.99607849121094,138.90492874894582,135.51627301400697,137.15562237613318,187528200,NVDA
2024-11-05,139.8545379638672,140.31434706066804,137.27555894461494,137.39550649112996,160537400,NVDA
2024-11-06,145.5522918701172,146.4319479858603,141.90374455387283,142.90334822985668,242043900,NVDA
2024-11-07,148.82098388671875,148.87095186286027,146.11205150983724,146.33196551472386,207323300,NVDA
2024-11-08,147.57147216796875,149.7106230852884,146.20200497714438,148.7110195677981,175665800,NVDA
2024-11-11,145.20240783691406,148.7909962143961,143.51309063046196,148.62105018654825,182325600,NVDA
2024-11-12,148.23118591308594,149.59064718789998,145.952091313065,146.72179022487757,198634700,NVDA
2024-11-13,146.21202087402344,149.27080540839845,145.84215717514013,149.01091396688446,191903300,NVDA
2024-11-14,146.7018280029297,148.94094569769402,145.49231611296014,147.5814841067195,194463300,NVDA
2024-11-15,141.9237060546875,145.18242335032573,140.02446543358045,144.81255966940228,250132900,NVDA
2024-11-18,140.0944366455078,141.4938908192372,137.0956258838966,139.4447004149215,221205300,NVDA
2024-11-19,146.95172119140625,147.07168399645053,140.9341184421503,141.26398946372595,227834900,NVDA
2024-11-20,145.83216857910156,147.5015047606034,142.67341754276418,147.3515703217148,309871700,NVDA
2024-11-21,146.6118621826172,152.8293979645091,140.64422730754492,149.290807835149,400946600,NVDA
2024-11-22,141.89373779296875,147.1016796207282,141.0440838257902,145.8721561256333,236406200,NVDA
2024-11-25,135.96607971191406,141.99368792347047,135.7661620516237,141.93371415065735,344941900,NVDA
2024-11-26,136.86572265625,139.2447840977321,135.61621816013385,137.64541224160723,190287700,NVDA
2024-11-27,135.28634643554688,137.16560606875765,131.74775643225163,134.95647541996794,226370900,NVDA
2024-11-29,138.19520568847656,139.29477581313424,135.99608069190262,136.7257870913165,141863200,NVDA
2024-12-02,138.57504272460938,140.39431322408433,137.76536630294407,138.77496038075373,171682800,NVDA
2024-12-03,140.20440673828125,140.48429454860658,137.8953246767264,138.2051993772479,164414000,NVDA
2024-12-04,145.08245849609375,145.73219470186731,140.23437518220274,141.94370396224937,231224300,NVDA
2024-12-05,145.0124969482422,146.49200804389403,143.9028598130552,145.06248362625453,172621200,NVDA
2024-12-06,142.3933563232422,145.65228325014007,141.26372149336697,144.5526526293818,188505600,NVDA
2024-12-09,138.76454162597656,139.90416770148084,137.08509909525122,138.92449289189105,189308600,NVDA
2024-12-10,135.0257568359375,141.77354545828368,133.74616214517607,138.96445323342698,210020900,NVDA
2024-12-11,139.26437377929688,140.1240927409604,135.16572567436427,137.31501545162718,184905200,NVDA
2024-12-12,137.29501342773438,138.39465924672223,135.75552453494274,137.03510407678786,159211400,NVDA
2024-12-13,134.20602416992188,139.55427778956917,132.4965775973186,138.89449032268433,231514900,NVDA
2024-12-16,131.95675659179688,134.35596424649526,130.37727237183418,134.13603509853905,237951100,NVDA
2024-12-17,130.3472900390625,131.54689392732612,126.81844751374322,129.04771280436398,259410300,NVDA
2024-12-18,128.86778259277344,136.6552244722092,128.23798405143236,133.8161583001621,277444500,NVDA
2024-12-19,130.63719177246094,133.98610066679845,129.5075722477592,131.71683987642237,209719200,NVDA
2024-12-20,134.65586853027344,135.2356803497186,128.1779956829599,129.76747112979962,306528600,NVDA
2024-12-23,139.62423706054688,139.7441928628519,135.07572475974197,136.23534836132282,176053500,NVDA
2024-12-24,140.174072265625,141.85351466107915,138.60457919611483,139.9541431061549,105157000,NVDA
2024-12-26,139.88417053222656,140.8038826879709,137.68489400548984,139.65425012018665,116205600,NVDA
2024-12-27,136.96510314941406,138.9744543348593,134.66586894799497,138.5046071101684,170582600,NVDA
2024-12-30,137.4449462890625,140.22403398735426,133.97608228188028,134.78581438230358,167734700,NVDA
2024-12-31,134.2460174560547,138.02479365615312,133.7861766339878,137.98479821279548,155659200,NVDA
2025-01-02,138.26470947265625,138.83453015425235,134.58592176996075,135.95546829733047,198247200,NVDA
2025-01-03,144.4226837158203,144.85253555834646,139.68423069189672,139.96413776465596,229322500,NVDA
2025-01-06,149.3810577392578,152.11017470884985,147.77159962141576,148.54133648113356,265377400,NVDA
2025-01-07,140.09410095214844,153.07985197865167,139.96413864833562,152.97987862898157,351782200,NVDA
2025-01-08,140.06410217285156,143.90284057175748,137.51493447299714,142.5332942493383,227349900,NVDA
2025-01-10,135.86549377441406,139.87417502688794,134.17604480086774,137.40498271998055,207602500,NVDA
2025-01-13,133.18637084960938,133.44629547754278,129.46758770744978,129.94744151880715,204808900,NVDA
2025-01-14,131.71682739257812,136.33532416409136,130.00739616366573,136.00543044799826,195590500,NVDA
2025-01-15,136.1953887939453,136.4053114797544,131.24699764678536,133.60622538989423,185217300,NVDA
2025-01-16,133.5262451171875,138.70454064615834,133.44626949753135,138.59457607585483,209235600,NVDA
2025-01-17,137.66490173339844,138.45463626831489,135.41563868932835,136.6452315490251,201188800,NVDA
2025-01-21,140.78387451171875,141.78354697270905,137.0450940162502,139.1144233323199,197749000,NVDA
2025-01-22,147.02183532714844,147.74158546149795,143.62293982675303,144.61262104889417,237651400,NVDA
2025-01-23,147.17178344726562,147.18177468068177,143.67292977388993,145.0024960002277,155915500,NVDA
2025-01-24,142.5732879638672,148.92121448023644,141.8335400716498,148.32140487495408,234657600,NVDA
2025-01-27,118.38121032714844,128.3579371600633,116.66177248371496,124.75912547322825,818830900,NVDA
2025-01-28,128.94775390625,128.95774513931468,116.21192149182427,121.77009783396647,579666400,NVDA
2025-01-29,123.65947723388672,126.8484347440811,120.01067894543576,126.45856310434583,467120600,NVDA
2025-01-30,124.60917663574219,124.9590604797062,118.06131881584726,123.05968123503551,392925500,NVDA
2025-01-31,120.03067016601562,127.80812056780856,119.15096116009843,123.73945402173636,388161100,NVDA
2025-02-03,116.62179565429688,118.53116613291392,112.9729895620065,114.71241754878405,371235700,NVDA
2025-02-04,118.61112976074219,121.16028976109213,116.66176403787988,116.92168099297385,256550000,NVDA
2025-02-05,124.78911590576172,124.95905839472358,120.72044926950534,121.72012173666313,262230800,NVDA
2025-02-06,128.6378631591797,128.72784528628156,125.16900563533248,127.37828117148048,251483600,NVDA
2025-02-07,129.79747009277344,130.32729528258605,124.95905898960582,129.17767804139822,228186300,NVDA
2025-02-10,133.5262451171875,134.95576927734325,129.91742726932324,130.04737430419848,216989100,NVDA
2025-02-11,132.7565155029297,134.43595803743202,130.9770996135579,132.5365863252507,178902400,NVDA
2025-02-12,131.0970458984375,132.19669170682792,129.03772306980744,129.97741762356085,160278600,NVDA
2025-02-13,135.24566650390625,136.455276767875,131.12702127315083,131.51689288233604,197430000,NVDA
2025-02-14,138.8045196533203,139.20438251414282,135.45561099221797,136.43528567888637,195479600,NVDA
2025-02-18,139.35433959960938,143.3930250185803,137.8848198127303,141.22373753647113,219176600,NVDA
2025-02-19,139.18438720703125,141.3136943495984,137.17505112782226,139.46429426521587,167536000,NVDA
2025-02-20,140.06410217285156,140.61392504988532,136.74518244514988,139.98412654948388,143903600,NVDA
2025-02-21,134.38595581054688,141.41366694156105,133.98609294492073,139.99411868487,228217600,NVDA
2025-02-24,130.23733520507812,138.544611438826,130.03740375103862,136.51527743543022,251381100,NVDA
2025-02-25,126.58851623535156,130.15734648197986,124.39923881429249,129.93741732851836,271428700,NVDA
2025-02-26,131.23699951171875,133.68619399137987,128.44792005609298,129.9474287481865,322553800,NVDA
2025-02-27,120.11064147949219,134.96576646206714,119.97068795236893,134.95577522934062,443175800,NVDA
2025-02-28,124.87908172607422,125.04902421361967,116.36187573271177,117.98134023479652,389091100,NVDA
2025-03-03,114.02263641357422,123.65947815441595,112.2432206852501,123.46954557652553,411381400,NVDA
2025-03-04,115.9520034790039,119.27091565466138,110.07393231302608,110.61375634258967,398163300,NVDA
2025-03-05,117.2615737915039,118.24124845757764,114.47248692259635,117.54148083895355,284337900,NVDA
2025-03-06,110.53378295898438,115.31221606989396,110.18389912538346,113.49281250827367,321181900,NVDA
2025-03-07,112.65309143066406,113.44283358559466,107.52476685365718,111.21356065439609,341755500,NVDA
2025-03-10,106.94495391845703,111.81335349826479,105.42544763902806,109.86399541986671,366487400,NVDA
2025-03-11,108.72437286376953,112.20322856084239,104.73567447790636,106.95494843650206,354865700,NVDA
2025-03-12,115.71273803710938,116.7325020716217,112.85341103244578,114.09312447156262,323857500,NVDA
2025-03-13,115.55277252197266,117.73225924433854,113.76319330991835,117.0024278677365,299033100,NVDA
2025-03-14,121.6413345336914,121.85128414551467,118.12216714928688,118.5820578648422,277593500,NVDA
2025-03-17,119.50183868408203,122.86104771124882,118.00219206936818,122.711081524258,255501500,NVDA
2025-03-18,115.40280151367188,118.99195194008684,114.51301183473794,117.97219563901088,299686900,NVDA
2025-03-19,117.4923095703125,120.4216195833343,115.65274672556286,117.24236846895431,273426200,NVDA
2025-03-20,118.50206756591797,120.17167220516042,116.44255543913019,116.52253841801043,248829700,NVDA
2025-03-21,117.6722640991211,117.9621966837067,115.39280254041711,116.91244866461768,266498500,NVDA
2025-03-24,121.38140106201172,122.19120779583362,119.31188140429414,119.8517551027078,228452500,NVDA
2025-03-25,120.66156768798828,121.26142480153007,118.89198043130345,120.5216012824151,167447200,NVDA
2025-03-26,113.73320007324219,118.81199741904777,112.68344440410922,118.70203035263671,293463300,NVDA
2025-03-27,111.40375518798828,114.42304053099558,110.6339399022949,111.32377219977147,236902100,NVDA
2025-03-28,109.6441650390625,112.84341584506377,109.04430789656145,111.46373602695421,229872500,NVDA
2025-03-31,108.35446166992188,110.9338556226425,103.6255803841977,105.10522740758995,299212700,NVDA
2025-04-01,110.1240463256836,110.17402996737344,106.44491315753294,108.49442552913952,222614000,NVDA
2025-04-02,110.39398193359375,111.95361956622256,106.76483994973236,107.26472214391917,220601200,NVDA
2025-04-03,101.77601623535156,105.60510798745378,101.5760587841681,103.48561239808684,338769400,NVDA
2025-04-04,94.28778076171875,100.10640942744341,92.08830207120735,98.88670323249266,532273800,NVDA
2025-04-07,97.61698913574219,101.72602116602216,86.59958951154498,87.43938789235719,611041300,NVDA
2025-04-08,96.27731323242188,105.82505852328022,94.43774279946976,103.78553826456235,476243400,NVDA
2025-04-09,114.30306243896484,115.07287764897656,97.5070179445592,98.86669810018236,612918300,NVDA
2025-04-10,107.5446548461914,110.83388059600858,99.12664053501021,109.34423379452805,437812400,NVDA
2025-04-11,110.90386199951172,111.52371865557488,107.45467796999777,108.47443427245335,313417300,NVDA
2025-04-14,110.68391418457031,114.2630725146749,109.04430120283689,114.08311462021162,264705000,NVDA
2025-04-15,112.1735610961914,113.5932323217664,110.47396469045397,110.94385517244878,228966900,NVDA
2025-04-16,104.46538543701172,106.76484672728219,100.4263361362673,104.52537649088836,397016900,NVDA
2025-04-17,101.4660873413086,104.44538862475022,100.02643178468185,104.42538906519317,292517500,NVDA
2025-04-21,96.88717651367188,99.41657935183265,95.01761424618036,98.74673137333838,288501100,NVDA
2025-04-22,98.86670684814453,99.78648832080442,97.25708545719098,98.75673214732677,241004800,NVDA
2025-04-23,102.68580627441406,104.77531795205407,101.99596635952085,104.49537749742674,247526000,NVDA
2025-04-24,106.40491485595703,106.51488953927,103.08569768188364,103.4556132191724,220815000,NVDA
2025-04-25,110.98385620117188,111.8936379045766,105.70510100806126,106.82483233532861,251064700,NVDA
2025-04-28,108.70438385009766,110.343996814893,105.9950156815573,109.66415673478784,207708500,NVDA
2025-04-29,108.99431610107422,110.17403844763395,107.41469407982767,107.64463563001284,170444300,NVDA
2025-04-30,108.89433288574219,108.89433288574219,104.05547701680861,104.44538450923935,235044600,NVDA
2025-05-01,111.58370208740234,114.91291927434723,111.27377757314032,113.05335693358144,236121500,NVDA
2025-05-02,114.47303009033203,115.37281962529518,113.34329900218786,114.15310576985596,190194800,NVDA
2025-05-05,113.7931900024414,114.64298826396649,112.63346720059009,112.88340831442672,133163200,NVDA
2025-05-06,113.51325988769531,114.7129742117387,110.7938992837595,111.4537475013017,158525600,NVDA
2025-05-07,117.03242492675781,117.65228163619798,112.25355204144066,113.02337494499027,206758800,NVDA
2025-05-08,117.34236145019531,118.65205049698933,115.82271514729747,118.22215145930612,198428100,NVDA
2025-05-09,116.62252044677734,118.20215005190205,115.18285724943865,117.32235248570746,132972200,NVDA
2025-05-12,122.97103118896484,122.97103118896484,120.25167057965504,121.94127499373305,225023300,NVDA
2025-05-13,129.89938354492188,131.18908818741485,124.44067836400953,124.95056035306071,330430100,NVDA
2025-05-14,135.30810546875,135.40808800730593,131.6489642323906,133.16861033831793,281180800,NVDA
2025-05-15,134.79823303222656,136.2678878895653,132.6287461607251,134.258351724734,226632600,NVDA
2025-05-16,135.36810302734375,136.31789147723805,133.42857277146337,136.18791721457987,226542500,NVDA
2025-05-19,135.53805541992188,135.83797251007488,132.35879696756518,132.35879696756518,193154600,NVDA
2025-05-20,134.34832763671875,134.54827743990722,132.58873275619902,134.25833725837063,161514200,NVDA
2025-05-21,131.76895141601562,137.36762292180558,130.55922977564506,133.02864907239967,270608700,NVDA
2025-05-22,132.7987060546875,134.21836966107523,131.51900885300861,132.19884131725317,187344000,NVDA
2025-05-23,131.25906372070312,132.64873565144939,129.12957588399638,129.96937433382988,198821300,NVDA
2025-05-27,135.4680633544922,135.6280293045703,133.27857708527512,134.1183754403962,192953600,NVDA
2025-05-28,134.7782440185547,137.2176717346689,134.75824445795843,135.9979578766118,304021100,NVDA
2025-05-29,139.15721130371094,143.45620133736625,137.87751407348716,142.21648797143945,369241900,NVDA
2025-05-30,135.09817504882812,139.58710766728817,132.88868890141003,138.6873257641086,333170900,NVDA
2025-06-02,137.34764099121094,138.08745689917103,135.36809645457458,135.45808684638126,197663100,NVDA
2025-06-03,141.1867218017578,141.9665367692297,137.91748812723765,138.74729436292043,225578800,NVDA
2025-06-04,141.88656616210938,142.3564566649135,139.5071219355859,142.15650682982962,167120800,NVDA
2025-06-05,139.95703125,143.96608121416313,138.79730082341692,142.13651043477643,231397900,NVDA
2025-06-06,141.6865997314453,143.23623746842864,141.47664251332282,142.47640682683559,153986200,NVDA
2025-06-09,142.59640502929688,144.96584183837217,141.9065651342004,143.15627066728982,185114500,NVDA
2025-06-10,143.92608642578125,144.25599524562207,141.4966510569608,142.65638139553192,155881900,NVDA
2025-06-11,142.80625915527344,144.96590375929992,141.84641202362192,144.5859620448177,167694000,NVDA
2025-06-12,144.9759063720703,144.9759063720703,141.82643588786814,141.94641106631286,162365000,NVDA
2025-06-13,141.9464111328125,143.55614422146527,140.82660211679442,142.45632089769495,180820600,NVDA
2025-06-16,144.66595458984375,146.1556971839991,143.1761967394354,143.32618096280035,183133700,NVDA
2025-06-17,144.09603881835938,145.1958620737219,143.75609899624828,144.46598768948277,139108000,NVDA
2025-06-18,145.455810546875,145.62578045463974,143.0962022725339,143.9860537050978,161494100,NVDA
2025-06-20,143.8260955810547,146.17569581398777,142.6262828381709,145.42582047781178,242956200,NVDA
2025-06-23,144.1460418701172,144.7559411184857,142.00639807778802,142.47632119978937,154308900,NVDA
2025-06-24,147.87539672851562,147.93539956519925,145.47580197371775,145.53578955415,187566100,NVDA
2025-06-25,154.28436279296875,154.4243389252029,149.23519867353343,149.24520677628502,269146500,NVDA
2025-06-26,154.99423217773438,156.69394650127538,153.97439748110884,155.95406403411533,198145700,NVDA
2025-06-27,157.72378540039062,158.68363258213975,155.23419369167684,156.01406285223712,263234500,NVDA
2025-06-30,157.96376037597656,158.6336472456001,155.93409881773164,158.37368067249696,194580300,NVDA
2025-07-01,153.2745361328125,157.17388214393176,151.46483925954294,156.26402965591922,213143600,NVDA
2025-07-02,157.22386169433594,157.57380961936815,152.94457434216997,152.9545671877056,171224100,NVDA
2025-07-03,159.3135223388672,160.95324924613055,157.74379112425564,158.34368228178877,143716100,NVDA
2025-07-07,158.21371459960938,159.28352889047815,157.31385497697042,158.17371270193448,140139000,NVDA
2025-07-08,159.97341918945312,160.19338386133896,158.36368604860908,159.3035323273478,138133000,NVDA
2025-07-09,162.85293579101562,164.39267314506114,161.13322041798892,161.1932080055649,183656400,NVDA
2025-07-10,164.07273864746094,164.4726660794993,161.5831469026993,164.29270331195812,167704100,NVDA
2025-07-11,164.89259338378906,167.862101078866,163.44283738179527,163.6927958392512,193633300,NVDA
2025-07-14,164.04273986816406,165.4625020418882,161.99307751467913,165.3425116109199,136975800,NVDA
2025-07-15,170.671630859375,172.37134531045626,169.17188012202328,171.1615549258278,230627400,NVDA
2025-07-16,171.34152221679688,171.72146396229547,168.87193138356372,171.03157616389174,158831500,NVDA
2025-07-17,172.97125244140625,174.13106334471073,170.80161486292053,171.99141956059896,160841100,NVDA
2025-07-18,172.38136291503906,174.22105359276725,171.23154479926822,173.61115431570738,146456400,NVDA
2025-07-21,171.35153198242188,173.35119970444802,170.97159023323564,172.72129949000853,123126100,NVDA
2025-07-22,167.00225830078125,171.36153479867312,164.55266825003173,171.31154005146294,193114300,NVDA
2025-07-23,170.75161743164062,171.23153339032083,167.94208685699226,169.5018251648929,154082200,NVDA
2025-07-24,173.7111358642578,173.80111724784433,171.27153886755505,172.41134882841166,128984600,NVDA
2025-07-25,173.47117614746094,174.69097468726906,172.9312725713388,173.58115848322245,122316800,NVDA
2025-07-28,176.7206268310547,176.97058528484683,173.94109004538618,173.99108478739527,140023500,NVDA
2025-07-29,175.4808349609375,179.35020236643535,174.99092613442062,177.93044011853775,154077500,NVDA
2025-07-30,179.24021911621094,179.86011122312902,176.01074478620916,176.48066791766442,174312200,NVDA
2025-07-31,177.84043884277344,183.26954448460754,175.9007587673991,182.86960179799485,221685400,NVDA
2025-08-01,173.69113159179688,176.51065501732398,170.86160006411595,174.06106522140865,204529000,NVDA
2025-08-04,179.9700927734375,180.17005649193501,174.49100755408614,175.1309006070304,148174600,NVDA
2025-08-05,178.23037719726562,180.23004490386853,175.87076869322405,179.59015184800575,156407600,NVDA
2025-08-06,179.3901824951172,179.87009845787975,176.22071111043454,176.30069964693718,137192300,NVDA
2025-08-07,180.73997497558594,183.84945895635624,178.7703010091291,181.53984513179375,151878400,NVDA
2025-08-08,182.6696319580078,183.26953833968557,180.3700111699138,181.51982919208731,123396700,NVDA
2025-08-11,182.0297393798828,183.80944232526838,180.2200426409657,182.01974653412333,138323200,NVDA
2025-08-12,183.1295623779297,184.44933506001817,179.4301803710301,182.9295986692803,145485700,NVDA
2025-08-13,181.55982971191406,183.93943921657484,179.3202115957667,182.58965738273272,179871700,NVDA
2025-08-14,181.98974609375,182.98957985829236,179.43017409752198,179.72011917648817,129554000,NVDA
2025-08-15,180.42001342773438,181.86976944489334,178.01041021115256,181.84978375259033,156602200,NVDA
2025-08-18,181.97975158691406,182.90960499065454,180.5599893659508,180.56999746834546,132008000,NVDA
2025-08-19,175.61080932617188,182.46966985536903,175.46084035755914,182.39967416584764,185229200,NVDA
2025-08-20,175.370849609375,175.9707560164781,168.77195541250927,175.1408920976954,215142700,NVDA
2025-08-21,174.95091247558594,176.87059152353538,173.78110877087863,174.8209444570093,140040900,NVDA
2025-08-22,177.96043395996094,178.56032512128596,171.17155351749952,172.58132291943235,172789400,NVDA
2025-08-25,179.78012084960938,181.87977802218637,176.54066896263805,178.3203719824875,163012800,NVDA
2025-08-26,181.7397918701172,182.35968393651802,178.7802771456414,180.03006938032237,168688200,NVDA
2025-08-27,181.56982421875,182.45967569067753,179.07023971825097,181.94975068857377,235518900,NVDA
2025-08-28,180.1400604248047,184.43934897141472,176.3806906932069,180.7899615720414,281787800,NVDA
2025-08-29,174.1510467529297,178.12038822306508,173.12121914292007,178.08040158317536,243257900,NVDA
2025-09-02,170.75161743164062,172.351357635579,167.19221149694363,169.9717482776903,231164900,NVDA
2025-09-03,170.59165954589844,172.38137081666613,168.851958278929,171.03158891427162,164424900,NVDA
2025-09-04,171.63148498535156,171.83144870716828,169.381858788342,170.54166973363456,141670100,NVDA
2025-09-05,166.9922637939453,169.0019244592772,164.04275681292185,168.00209055003162,224441400,NVDA
2025-09-08,168.2820281982422,170.93159698121408,167.32219627229085,167.5221599855096,163769100,NVDA
2025-09-09,170.7316131591797,170.95157781434446,166.71229229208453,169.0618925540675,157548400,NVDA
2025-09-10,177.300537109375,179.26020289704138,175.44084555219968,176.61064931709572,226852000,NVDA
2025-09-11,177.1505584716797,180.26021784214308,176.4606317396978,179.66027757334626,151159300,NVDA
2025-09-12,177.80047607421875,178.5803891806412,176.43061617633268,177.75047851465564,124911000,NVDA
2025-09-15,177.73048400878906,178.830369337568,174.49083425075145,175.65071055071581,147061600,NVDA
2025-09-16,174.86080932617188,177.4805168617991,174.36086420825131,176.98057174387853,140737800,NVDA
2025-09-17,170.27130126953125,173.18098551277336,168.39151800406466,172.62104942275718,211843800,NVDA
2025-09-18,176.2206573486328,177.08056354559588,172.94101865721873,173.96089569350613,191763300,NVDA
2025-09-19,176.6505889892578,178.06043774665943,175.16074718989944,175.7506939671915,237182100,NVDA
2025-09-22,183.58984375,184.52974299714734,174.69082690233378,175.28075846993005,269637000,NVDA
2025-09-23,178.410400390625,182.3999677661597,176.19065819152993,181.95002022927713,192559600,NVDA
2025-09-24,176.9505615234375,179.76025041106172,175.38072666046574,179.75025700209653,143564100,NVDA
2025-09-25,177.67050170898438,180.2402117285651,173.11100459099512,174.4608472798892,191586700,NVDA
2025-09-26,178.17044067382812,179.750269051669,174.91078879333958,178.15043859744398,148573700,NVDA
2025-09-29,181.83004760742188,183.97980553666213,180.30021674934378,180.41019002973698,193063500,NVDA
2025-09-30,186.55950927734375,187.32942897828707,181.4600633204032,182.06000352373024,236981000,NVDA
2025-10-01,187.21945190429688,188.11934700723293,183.87980694521147,185.21967144700423,173844900,NVDA
2025-10-02,188.8692626953125,191.0290292282152,188.03935198339767,189.57919146332628,136805800,NVDA
2025-10-03,187.59939575195312,190.33910041164867,185.35965145286306,189.1692307003317,137596900,NVDA
2025-10-06,185.51962280273438,187.20943969833962,183.3098739831843,185.4796339074747,157678100,NVDA
2025-10-07,185.01968383789062,189.03924688644503,183.97980469837793,186.20955566811082,140088000,NVDA
2025-10-08,189.0892333984375,189.57918508139647,186.51950830089396,186.5495190429729,130168900,NVDA
2025-10-09,192.54885864257812,195.27855455286462,191.039014711271,192.20888438710807,182997200,NVDA
2025-10-10,183.139892578125,195.59851591827854,182.03001384654092,193.4887469873255,268774400,NVDA
2025-10-13,188.29933166503906,190.08912842775598,185.93959015922437,187.9493639887039,153482800,NVDA
2025-10-14,180.01022338867188,184.77970370013514,179.6802578066599,184.74970821605342,205641400,NVDA
2025-10-15,179.8102569580078,184.84969686580231,177.2705272995106,184.77971248532194,214450500,NVDA
2025-10-16,181.7900390625,183.2598789113643,179.75026972003684,182.20999112544493,179723300,NVDA
2025-10-17,183.19989013671875,184.07979842608083,179.7302697995737,180.1602152773484,173135200,NVDA
2025-10-20,182.6199493408203,185.1796658652692,181.7100455780644,183.10990104163824,128544700,NVDA
2025-10-21,181.14010620117188,182.76991679751694,179.7802549646251,182.76991679751694,124240200,NVDA
2025-10-22,180.2602081298828,183.4198648953589,176.74059027394597,181.12011433169937,162249600,NVDA
2025-10-23,182.13999938964844,183.0098989665471,179.7702492811968,180.4001849787377,111363700,NVDA
2025-10-24,186.23953247070312,187.44940625639555,183.47984116964938,183.81980015643103,131296700,NVDA
2025-10-27,191.46897888183594,191.97891738858848,188.4093020699799,189.9691435897376,153452700,NVDA
2025-10-28,201.0079345703125,203.12769700573313,191.8889404255143,193.0288146936141,297986200,NVDA
2025-10-29,207.01727294921875,212.1667169482571,204.7575264516481,207.95717223581016,308829600,NVDA
2025-10-30,202.8677215576172,206.13736677538768,201.38788833732997,205.12746791137428,178864400,NVDA
2025-10-31,202.4677734375,207.94716749796044,202.04782138155986,206.42733011185774,179802200,NVDA
2025-11-03,206.85728454589844,211.31678618801203,205.53742218982754,208.05714970598171,180267300,NVDA
2025-11-04,198.66818237304688,203.9476013046771,197.90825607143535,202.9777066091775,188919300,NVDA
2025-11-05,195.18858337402344,202.89772869539195,194.6286320152979,198.7481902403631,171350300,NVDA
2025-11-06,188.05935668945312,197.59830279082226,186.35954634625867,196.39843756369172,223029800,NVDA
2025-11-07,188.1293487548828,188.29934352754728,178.8903723972709,184.87970536775757,264942300,NVDA
2025-11-10,199.0281524658203,199.91805415635875,193.76872011438098,195.08858253564551,198897100,NVDA
2025-11-11,193.1387939453125,195.3985402959953,191.2789975702345,195.13857433756354,176483300,NVDA
2025-11-12,193.7787322998047,195.86849924763862,191.1090271797132,195.69851973704638,154935300,NVDA
2025-11-13,186.8394775390625,191.4189763426968,183.82981362374773,191.02901978717685,207423100,NVDA
2025-11-14,190.1491241455078,190.98902828114038,180.56018045425046,182.8399289693184,186591900,NVDA
2025-11-17,186.5795135498047,188.9792438771453,184.29976516169708,185.9495778546046,173628900,NVDA
2025-11-18,181.340087890625,184.7797126313021,179.6302689297591,183.3598703733926,213598900,NVDA
2025-11-19,186.49951171875,187.8393608341106,182.80991469001526,184.76969080502667,247246400,NVDA
2025-11-20,180.6201629638672,195.97847686300787,179.83025642841662,195.92847930218133,343504800,NVDA
2025-11-21,178.86036682128906,184.5397359279593,172.91100782704066,181.22010834266524,346926200,NVDA
2025-11-24,182.52996826171875,183.4798609481747,176.4606271183833,179.47030653663683,256618300,NVDA
2025-11-25,177.80047607421875,178.14043506786686,169.53138015579162,174.89079203873564,320600300,NVDA
2025-11-26,180.24020385742188,182.8899220695924,178.22043661727494,181.6100638206842,183852000,NVDA
2025-11-28,176.98056030273438,179.2703020816569,176.48061521713345,178.99033405428943,121332800,NVDA
2025-12-01,179.90025329589844,180.2802164760195,173.66093259662904,174.7408159055669,188131000,NVDA
2025-12-02,181.44007873535156,185.63961443898967,179.98023235974816,181.7400335835938,182632200,NVDA
2025-12-03,179.57028198242188,182.4299686383783,179.09033894604931,181.06012391136443,165138000,NVDA
2025-12-04,183.37008666992188,184.51002440204854,179.95027347354184,181.61017209543593,167364900,NVDA
2025-12-05,182.40013122558594,184.6500094505641,180.9002124089338,183.88004685245298,143971100,NVDA
2025-12-08,185.5399627685547,187.98982714518382,182.39012406320575,182.6301165694494,204378100,NVDA
2025-12-09,184.95999145507812,185.70995086836587,183.31008684903045,185.54995586495326,144719700,NVDA
2025-12-10,183.77005004882812,185.46995496958337,182.03013874897007,184.9599880707457,162785400,NVDA
2025-12-11,180.92019653320312,181.31019006496976,176.61043233199788,180.27023782951787,182136600,NVDA
2025-12-12,175.01052856445312,182.81010931847595,174.61054106596097,181.10019518559332,204274900,NVDA
2025-12-15,176.28045654296875,178.4103461991077,175.02053019793698,177.93037643785232,164775600,NVDA
2025-12-16,177.71038818359375,178.48035080582065,174.8905333961456,176.25046044282257,148588100,NVDA
2025-12-17,170.93075561523438,176.12047730871902,170.30078481189744,176.0904801521757,222775500,NVDA
2025-12-18,174.1305694580078,176.14045512074784,171.8107030234881,174.52054772862792,176096000,NVDA
2025-12-19,180.98020935058594,181.4401759084778,176.3304518785618,176.6604358481607,324925900,NVDA
2025-12-22,183.6800537109375,184.15002947616998,182.34012994783166,183.91003698180788,129064400,NVDA
2025-12-23,189.19976806640625,189.31975669034466,182.89009670029142,182.96010023623109,174873600,NVDA
2025-12-24,188.59979248046875,188.899779295176,186.57989753660073,187.92983057380172,65528500,NVDA
2025-12-26,190.51968383789062,192.67957056140054,187.98982202804387,189.9097162518428,139740300,NVDA
2025-12-29,188.20980834960938,188.749772392931,185.8999358866866,187.6998414610299,120006100,NVDA
2025-12-30,187.52984619140625,188.9797799436452,186.91987858592935,188.22982052336855,97687300,NVDA
2025-12-31,186.4899139404297,190.54969193131708,186.47991997410415,189.55975523635485,120100500,NVDA
2026-01-02,188.83978271484375,192.91954841717475,188.24980305842183,189.82971935613102,148240500,NVDA
2026-01-05,188.1098175048828,193.61952916959007,186.13992286460274,191.74961996436147,183529700,NVDA
2026-01-06,187.22987365722656,192.15959956375178,186.80989821500853,190.50969495089785,176862600,NVDA
2026-01-07,189.09976196289062,191.35963411085106,186.54989697142676,188.55979791265688,153543200,NVDA
2026-01-08,185.0299835205078,189.53974931649188,183.70006889406122,189.09977067708235,172457000,NVDA
2026-01-09,184.84999084472656,186.32990643372668,183.66005283935564,185.06998015284367,131327500,NVDA
2026-01-12,184.92999267578125,187.10986736077922,183.010098425574,183.2100845491025,137968500,NVDA
2026-01-13,185.79994201660156,188.0998205983224,183.3900687774691,184.9899882929175,160128900,NVDA
2026-01-14,183.1300811767578,184.45001701406107,180.79021156477043,184.3100252062831,159586100,NVDA
2026-01-15,187.03988647460938,189.6897370464893,186.31992419508657,186.48991316970114,206188600,NVDA
2026-01-16,186.21990966796875,190.4296883714215,186.06992389502736,189.06976141755646,187967200,NVDA
2026-01-20,178.06036376953125,182.37012791600927,177.60038196777572,181.89014292514364,223345300,NVDA
2026-01-21,183.31008911132812,185.3699752173061,178.3903418724365,179.04031586008543,200381000,NVDA
2026-01-22,184.82998657226562,186.15991637882954,183.92003219020145,184.7399951080077,139636600,NVDA
2026-01-23,187.6598358154297,189.58973923983262,186.80989099781206,187.48984685190618,142748100,NVDA
2026-01-26,186.4599151611328,189.1097657209082,185.97994539629804,187.1498802806874,124799600,NVDA
2026-01-27,188.50979614257812,189.9897117301412,185.6899415183402,187.22986667366473,143711600,NVDA
2026-01-28,191.5096435546875,192.33960048487265,189.82972650403363,191.25965707901594,148552700,NVDA
2026-01-29,192.49957275390625,193.46952146246272,186.04992498376654,191.32963792417547,171764400,NVDA
2026-01-30,191.11965942382812,194.47947816452233,189.45974561417185,191.19965692455457,179489500,NVDA
2026-02-02,185.59996032714844,190.2897090701948,184.87000408758857,187.1898706566695,165794100,NVDA
2026-02-03,180.33023071289062,186.25991753048794,176.22045266395375,186.22992037566058,204019600,NVDA
2026-02-04,174.18057250976562,179.57028010697434,171.90069716024271,179.45029148582987,207014100,NVDA
2026-02-05,171.87069702148438,176.81043194569037,171.020736948564,174.92051964769362,206312900,NVDA
2026-02-06,185.39996337890625,186.98987361565233,174.59055120100808,176.6804343618602,231346200,NVDA
2026-02-09,190.0297088623047,193.64952333361757,183.9400420976916,184.25002288009932,196387400,NVDA
2026-02-10,188.52978515625,192.46957427391544,188.10980972728564,191.36964298604585,136764800,NVDA
2026-02-11,190.0397186279297,193.24953637655122,188.75978911487715,192.43958265041238,144192700,NVDA
2026-02-12,186.9298858642578,193.5995230748733,186.49990120030046,193.01955263160718,189932500,NVDA
2026-02-13,182.80010986328125,187.4898586352177,181.58017462912434,187.4698554447334,161888000,NVDA
2026-02-17,184.95999145507812,187.13986615921206,179.17029624003743,181.74016448672575,162276900,NVDA
2026-02-18,187.96981811523438,190.3596881055438,186.7498829478333,188.73978069812654,164749100,NVDA
2026-02-19,187.88983154296875,188.41980165789556,185.64996245587088,187.04988063530703,126554500,NVDA
2026-02-20,189.8097381591797,190.31970507557438,185.92994318264132,186.5599139825128,178422300,NVDA
2026-02-23,191.53964233398438,193.93950641757905,189.56974766836524,191.3896412925324,171584800,NVDA
2026-02-24,192.83956909179688,193.75951747058733,187.38985183856119,191.47964208446245,175123600,NVDA
2026-02-25,195.54940795898438,197.61930319203404,193.77949953248776,194.43946745531196,250637100,NVDA
2026-02-26,184.87998962402344,194.27947461393586,184.31002841741252,194.25948668244985,360807900,NVDA
2026-02-27,177.180419921875,182.5801217841234,176.3704661683341,181.2401979138715,311636500,NVDA
2026-03-02,182.47012329101562,183.45008125730604,174.63055110847353,175.00052620838028,209095300,NVDA
2026-03-03,180.04025268554688,180.8901975001603,176.91041730394699,178.4803396065267,178099400,NVDA
2026-03-04,183.03009033203125,184.69000418349444,180.0502558302461,180.4302401537762,177731200,NVDA
2026-03-05,183.330078125,184.05004039552568,177.87038204113773,181.1601973472636,198779700,NVDA
2026-03-06,177.8103790283203,182.7500987288974,176.81043317462274,179.83025866705609,189021900,NVDA
2026-03-09,182.64010620117188,182.90010189125664,175.55049367782217,176.82042919903367,177213600,NVDA
2026-03-10,184.760009765625,186.42991760168223,182.00014929336922,182.39012758732315,179118500,NVDA
2026-03-11,186.02999877929688,187.6199951171875,184.4499969482422,185.91000366210938,145280400,NVDA
2026-03-12,183.13999938964844,184.94000244140625,181.75,184.0500030517578,155762700,NVDA
2026-03-13,180.25,186.08999633789062,179.94000244140625,184.9199981689453,160988400,NVDA
2026-03-16,183.22000122070312,188.8800048828125,181.41000366210938,182.97000122070312,217307400,NVDA
2026-03-17,181.92999267578125,185.39999389648438,181.67999267578125,185.05999755859375,182497800,NVDA
2026-03-18,180.39999389648438,183.3800048828125,180.3300018310547,182.47999572753906,156683100,NVDA
2026-03-19,178.55999755859375,179.97999572753906,175.7899932861328,178.00999450683594,170968500,NVDA
2026-03-20,172.6999969482422,178.25999450683594,171.72000122070312,178.0,241323500,NVDA
2026-03-23,175.63999938964844,178.3699951171875,174.75999450683594,177.25999450683594,182836300,NVDA
2026-03-24,175.1999969482422,176.22000122070312,173.97999572753906,174.8300018310547,147667800,NVDA
2026-03-25,178.67999267578125,181.22000122070312,176.85000610351562,177.10000610351562,162602100,NVDA
2026-03-26,171.24000549316406,176.50999450683594,171.13999938964844,176.07000732421875,186152200,NVDA
2026-03-27,167.52000427246094,170.97000122070312,167.00999450683594,170.0,196212700,NVDA
2026-03-30,165.1699981689453,169.4499969482422,164.27000427246094,168.77999877929688,185627000,NVDA
2026-03-31,174.39999389648438,174.6199951171875,166.9600067138672,166.97000122070312,226181300,NVDA
2026-04-01,175.75,177.3699951171875,174.75,176.0,168132000,NVDA
2026-04-02,177.38999938964844,177.49000549316406,171.3699951171875,172.17999267578125,143143200,NVDA
2026-04-06,177.63999938964844,177.7899932861328,175.75999450683594,177.16000366210938,107564300,NVDA
2026-04-07,178.10000610351562,178.22999572753906,173.66000366210938,175.72999572753906,132534900,NVDA
2026-04-08,182.0800018310547,185.25999450683594,180.3000030517578,184.5,147732700,NVDA
2026-04-09,183.91000366210938,184.0800018310547,180.6199951171875,181.83999633789062,116428500,NVDA
2026-04-10,188.6300048828125,190.0,184.3000030517578,184.30999755859375,160459500,NVDA
2026-04-13,189.30999755859375,189.66000366210938,185.74000549316406,186.02999877929688,133648200,NVDA
2026-04-14,196.50999450683594,196.50999450683594,190.77000427246094,190.83999633789062,161307000,NVDA
2026-04-15,198.8699951171875,200.39999389648438,195.74000549316406,196.5399932861328,185338400,NVDA
2026-04-16,198.35000610351562,199.85000610351562,195.80999755859375,197.42999267578125,134012900,NVDA
2026-04-17,201.67999267578125,201.6999969482422,199.27000427246094,199.89999389648438,160324400,NVDA
2026-04-20,202.05999755859375,202.1699981689453,197.83999633789062,199.97999572753906,119381400,NVDA
2026-04-21,199.8800048828125,202.75,199.0,202.1300048828125,107945300,NVDA
2026-04-22,202.5,202.5,199.0,200.99000549316406,107501000,NVDA
2026-04-23,199.63999938964844,203.8300018310547,197.22000122070312,202.4600067138672,113561800,NVDA
2026-04-24,208.27000427246094,210.9499969482422,199.80999755859375,199.9600067138672,214134400,NVDA
2026-04-27,216.61000061035156,216.8300018310547,207.3800048828125,209.64999389648438,187172400,NVDA
2026-04-28,213.1699981689453,214.72999572753906,208.1999969482422,209.49000549316406,180275400,NVDA
2026-04-29,209.25,212.72000122070312,207.5800018310547,212.6999969482422,123711800,NVDA
2026-04-30,199.57000732421875,210.3000030517578,198.6999969482422,209.92999267578125,225239200,NVDA
2026-05-01,198.4499969482422,203.0,197.1199951171875,201.27999877929688,128647000,NVDA
2026-05-04,198.47999572753906,201.72999572753906,194.74000549316406,199.5,125368100,NVDA
2026-05-05,196.5,200.24000549316406,196.02999877929688,199.3000030517578,113406600,NVDA
2026-05-06,207.8300018310547,208.27000427246094,198.61000061035156,199.88999938964844,188362800,NVDA
2026-05-07,211.5,214.1999969482422,206.5,208.33999633789062,168307900,NVDA
2026-05-08,215.1999969482422,217.8000030517578,212.88999938964844,213.02999877929688,136421400,NVDA
2026-05-11,219.44000244140625,222.3000030517578,213.88999938964844,214.0399932861328,160685800,NVDA
2026-05-12,220.77999877929688,223.75,214.9199981689453,218.5500030517578,159176600,NVDA
2026-05-13,225.8300018310547,227.83999633789062,221.57000732421875,224.92999267578125,150405400,NVDA
2026-05-14,235.74000549316406,236.5399932861328,229.3000030517578,229.85000610351562,180782900,NVDA
2026-05-15,225.32000732421875,231.5,224.24000549316406,229.75999450683594,180977600,NVDA
2026-05-18,222.32000732421875,230.0,218.3699951171875,229.8699951171875,146280900,NVDA
2026-05-19,220.61000061035156,224.47999572753906,217.91000366210938,219.6199951171875,140948200,NVDA
2026-05-20,223.47000122070312,226.1300048828125,220.5,223.17999267578125,184201600,NVDA
2026-05-21,219.50999450683594,227.39999389648438,217.92999267578125,222.2899932861328,203381800,NVDA
2026-05-22,215.3300018310547,221.00999450683594,214.8000030517578,220.89999389648438,168346300,NVDA
2023-01-03,88.38945770263672,90.30363718067711,87.79437004023141,88.85559860680175,28131200,GOOGL
2023-01-04,87.35799407958984,89.90692702075431,86.55462865105089,89.60938314842804,34854800,GOOGL
2023-01-05,85.49339294433594,86.85216541875592,85.19585666320351,86.75298665837843,27194400,GOOGL
2023-01-06,86.62405395507812,86.97119099271035,84.16438721912351,86.0785669486724,41381500,GOOGL
2023-01-09,87.29846954345703,89.31183536259933,87.13978504764104,87.63568639320383,29003900,GOOGL
2023-01-10,87.69519805908203,87.94314874861813,85.12643254757823,85.2752044746708,30467800,GOOGL
2023-01-11,90.7697982788086,90.84914432702897,88.28037844245334,88.44898311977991,26862000,GOOGL
2023-01-12,90.38297271728516,91.11691212598826,89.01428778515732,90.73010969806401,30258100,GOOGL
2023-01-13,91.36488342285156,91.43430932131623,89.39119025662427,90.10528953617832,26329200,GOOGL
2023-01-17,90.54167175292969,91.49380146174484,89.3118384915669,91.30535652243567,32602400,GOOGL
2023-01-18,90.37307739257812,92.03930646438202,89.89700870055337,91.38471295870488,29116700,GOOGL
2023-01-19,92.2872543334961,92.84266148471706,89.88708578674498,89.97635197425116,37000400,GOOGL
2023-01-20,97.21649932861328,97.49421044649547,94.24109116727796,94.3204372009586,63191100,GOOGL
2023-01-23,98.97200775146484,99.21995846507203,96.70077830680043,97.14708656455124,40005100,GOOGL
2023-01-24,96.89912414550781,98.79347100071968,96.40322277819845,97.29584675272618,33078500,GOOGL
2023-01-25,94.43946838378906,95.37176548216979,92.99143713393819,94.78659786716852,42330000,GOOGL
2023-01-26,96.72061157226562,96.77020474200492,94.59815405733514,95.70897598453968,30114000,GOOGL
2023-01-27,98.5554428100586,99.49765240364174,96.5123239826297,96.5123239826297,33879800,GOOGL
2023-01-30,96.1453628540039,97.48429507886306,95.60978845068932,96.68093725731849,27226200,GOOGL
2023-01-31,98.02978515625,98.0694581762873,96.02634682892345,96.07593999568378,29870700,GOOGL
2023-02-01,99.60674285888672,100.36051500989419,96.78010675117609,97.90084104880061,35531100,GOOGL
2023-02-02,106.85682678222656,106.9659256907038,104.74428963661705,104.93273458159672,69883800,GOOGL
2023-02-03,103.92108917236328,106.92625024321528,101.73912618609937,102.08625562934304,65309300,GOOGL
2023-02-06,102.05651092529297,103.50454212360086,101.04486781904797,101.56060951901542,31999600,GOOGL
2023-02-07,106.75765228271484,107.29322670020932,102.27470697729218,102.37388574345306,49010200,GOOGL
2023-02-08,98.5554428100586,102.29453587919534,97.23634332555855,101.2134745048074,94743500,GOOGL
2023-02-09,94.2311782836914,99.21002459482034,92.8624856911135,99.18027172399981,119455000,GOOGL
2023-02-10,93.7947769165039,95.95690701020914,93.47740036911846,94.66756053010047,54980700,GOOGL
2023-02-13,93.83446502685547,94.4196250562035,93.07077262109874,93.96339666886732,50076100,GOOGL
2023-02-14,93.90388488769531,94.0724895395363,91.50372404324449,93.65593419962755,54726100,GOOGL
2023-02-15,96.1453628540039,96.32388765510876,93.37823222030585,93.7154415296958,50169000,GOOGL
2023-02-16,94.72708892822266,96.8792992195654,93.96339652364621,94.58823713954602,42462600,GOOGL
2023-02-17,93.57659149169922,94.77667195660865,92.44593691924389,94.07249288547277,34284100,GOOGL
2023-02-21,91.0375747680664,92.33683394114578,90.96814887866952,92.23765518012942,33629300,GOOGL
2023-02-22,90.89872741699219,91.35495579337403,89.86725160509873,90.94831301648848,30884000,GOOGL
2023-02-23,90.14494323730469,91.18633905791556,89.02420895463646,91.16649876726088,41206400,GOOGL
2023-02-24,88.39936828613281,89.15314042580724,87.8538813637116,88.70683225593044,36585100,GOOGL
2023-02-27,89.1333236694336,89.42094740013515,88.6076618097586,89.1333236694336,27502300,GOOGL
2023-02-28,89.3217544555664,90.48216943962086,88.58782252932733,88.59774267568118,30142000,GOOGL
2023-03-01,89.61929321289062,90.28379921055803,88.93494692364422,89.24241090828541,31111200,GOOGL
2023-03-02,91.245849609375,91.52355315835904,88.85560143860462,88.92503489270483,32204400,GOOGL
2023-03-03,92.88233947753906,92.96168552249127,91.69217150382201,91.72193194582057,35160100,GOOGL
2023-03-06,94.35018920898438,95.1833074213031,93.22945486919875,93.2492875940104,32639300,GOOGL
2023-03-07,93.09060668945312,94.8857672449639,92.76330996601668,94.20142849315206,27835500,GOOGL
2023-03-08,93.47742462158203,95.17340669608353,93.22947389314282,93.3484929668617,34103300,GOOGL
2023-03-09,91.56324005126953,94.74692633492973,91.14668466466473,93.27906233445889,28813500,GOOGL
2023-03-10,89.88707733154297,92.02937482791765,89.65896694454361,91.41445442058324,35941000,GOOGL
2023-03-13,90.36315155029297,91.81118269560834,88.687002437022,89.35150848107031,37335600,GOOGL
2023-03-14,93.19970703125,93.58650950422467,91.6822500116025,91.80126150060728,36050200,GOOGL
2023-03-15,95.32215881347656,96.13543673086967,91.88060220810499,92.45584959444147,50622100,GOOGL
2023-03-16,99.49765014648438,100.36052125064333,94.71716126290511,95.41142015117943,65492000,GOOGL
2023-03-17,100.78700256347656,101.9969956149556,99.27945808045726,99.43815015945079,61028500,GOOGL
2023-03-20,100.39027404785156,100.91592828670724,99.05134186896636,99.29929255271749,32960400,GOOGL
2023-03-21,104.0599365234375,104.23846131049126,100.39026959348749,100.42002246352078,42110300,GOOGL
2023-03-22,102.52264404296875,105.71624226306058,102.48297102840904,103.41526038657393,43427400,GOOGL
2023-03-23,104.734375,105.42864150563719,103.60372040435178,104.19880057571585,40797800,GOOGL
2023-03-24,104.57568359375,104.62526919076385,102.98879315221856,104.12936781949888,30393300,GOOGL
2023-03-27,101.6201171875,103.90126672624382,101.0944628976051,103.7624149352095,31120900,GOOGL
2023-03-28,100.20183563232422,101.61019379170308,98.92240911282488,101.60028121184264,32057900,GOOGL
2023-03-29,100.55888366699219,101.64986521604924,99.82495172553267,101.44158753942646,28779600,GOOGL
2023-03-30,100.06298828125,100.33077928644965,98.96208651955186,100.08282857556007,33086200,GOOGL
2023-03-31,102.87969970703125,103.0383842078249,100.2117479628211,100.46961878932184,36863400,GOOGL
2023-04-03,103.50454711914062,103.67315178936734,101.09446586563742,101.55069427340956,25035400,GOOGL
2023-04-04,103.8615951538086,104.71454620597783,103.18716891643886,103.47479264955223,24420100,GOOGL
2023-04-05,103.61363983154297,105.2302756731111,102.8102819841236,104.91289907946413,28290500,GOOGL
2023-04-06,107.53125,108.27510204632019,103.47478047282404,104.39715731293522,48711500,GOOGL
2023-04-10,105.56748962402344,106.7080567599706,104.25831026578564,106.10306402969181,27067400,GOOGL
2023-04-11,104.4864273071289,105.85512006422364,103.82192122274951,105.6765952509876,26311800,GOOGL
2023-04-12,103.78223419189453,105.87493849967197,103.48469035438097,105.70633385627954,24370300,GOOGL
2023-04-13,106.54936218261719,106.6088679220058,104.9723919871335,104.9723919871335,24843600,GOOGL
2023-04-14,107.97756958007812,108.04699547084493,105.96420361413152,106.01379677904549,26578000,GOOGL
2023-04-17,105.10133361816406,105.28977855307458,103.66321515910445,103.80207449899135,37571200,GOOGL
2023-04-18,103.64338684082031,105.66666534841484,103.2169113578442,105.61707218442865,26596400,GOOGL
2023-04-19,103.32600402832031,104.11944920307992,102.225102442597,102.7309239306776,20905700,GOOGL
2023-04-20,104.42691802978516,105.37904781258688,103.01855986565269,103.05823288579296,27820800,GOOGL
2023-04-21,104.54593658447266,105.13109660328743,103.92109597885471,104.60544233096776,25800100,GOOGL
2023-04-24,105.10133361816406,105.75591946719655,103.84173994826861,104.62526499144161,23542800,GOOGL
2023-04-25,102.99871063232422,105.8154342829649,102.98879048643646,104.96248334111876,46664100,GOOGL
2023-04-26,102.85987091064453,105.4782297846258,101.78872203487352,104.05995143064801,53347600,GOOGL
2023-04-27,106.70805358886719,107.48166608530138,102.6912570160058,103.59379357823073,50089200,GOOGL
2023-04-28,106.46011352539062,106.47003367253913,104.22855712885315,106.16257721263207,36139800,GOOGL
2023-05-01,106.32125091552734,107.1047759897289,105.9443685976354,105.96420132305943,26681700,GOOGL
2023-05-02,104.4566650390625,106.3212514798493,102.85986201062076,106.26174573640694,30997200,GOOGL
2023-05-03,104.54593658447266,106.60888065380296,104.09962078519486,104.66494807746287,21795400,GOOGL
2023-05-04,103.83182525634766,104.73436176269362,103.11772611422332,104.62526286226607,23419500,GOOGL
2023-05-05,104.70462036132812,105.01207680519784,103.25658919423994,103.9607682679493,26639300,GOOGL
2023-05-08,106.88658142089844,107.07502636899285,104.29798314719713,104.3178158732233,26511400,GOOGL
2023-05-09,106.47001647949219,109.24706701792465,106.31133198501676,107.50149217757128,36360100,GOOGL
2023-05-10,110.83395385742188,112.01420151452291,107.04526777320253,107.08494078998831,63153400,GOOGL
2023-05-11,115.61444854736328,116.95338077292648,113.4721584998331,114.45404112299883,78900000,GOOGL
2023-05-12,116.54674530029297,117.06247940985591,115.15821991274791,115.72354718741605,41102300,GOOGL
2023-05-15,115.55494689941406,117.50879963545604,115.05904549704219,115.15822426414559,36266800,GOOGL
2023-05-16,118.53035736083984,119.76019074124378,115.47560285342378,115.5351086013426,45035600,GOOGL
2023-05-17,119.84944152832031,120.67263963270652,117.91542917883902,118.62952837460274,33323600,GOOGL
2023-05-18,121.82312774658203,122.2991888062752,119.83952234186759,119.95853382336384,35234200,GOOGL
2023-05-19,121.75370025634766,124.93738598095622,121.1487000105305,122.53722528891174,41353400,GOOGL
2023-05-22,124.02495574951172,125.39364102830193,121.73388590361328,121.93225102385105,35253000,GOOGL
2023-05-23,121.55534362792969,123.60837503480265,121.20821417591823,123.14223409458985,34046300,GOOGL
2023-05-24,119.9089584350586,120.9106813684256,118.87748262878495,120.12715625884692,34182600,GOOGL
2023-05-25,122.46780395507812,124.2927173391139,120.96025957388359,123.49927213144791,42317000,GOOGL
2023-05-26,123.58853149414062,124.23320474395081,121.44623409172902,122.16033322586622,35635900,GOOGL
2023-05-30,122.65625,124.62994301273424,120.99994114625623,124.61010271936992,35076700,GOOGL
2023-05-31,121.86280822753906,123.04304837018027,121.49583848112029,121.74378917189807,37325800,GOOGL
2023-06-01,122.7058334350586,123.40009231065325,121.61485195904373,121.81320947582672,30772700,GOOGL
2023-06-02,123.6480484008789,125.11591981661117,122.74551182311099,122.97362222070807,26980100,GOOGL
2023-06-05,124.97705841064453,126.38541640679333,122.82484083415915,122.99345304135757,32305500,GOOGL
2023-06-06,126.26640319824219,127.2383656366913,124.3323909005138,124.97706418870804,26638300,GOOGL
2023-06-07,121.49584197998047,127.9822255786917,121.11895964321234,125.92920166945693,52539000,GOOGL
2023-06-08,121.13880157470703,122.21987063454354,120.2461774810015,121.22806776750527,29389200,GOOGL
2023-06-09,121.2280502319336,122.74550718830598,120.9106736630639,121.2478829569892,23778300,GOOGL
2023-06-12,122.6264877319336,123.0331304793446,120.66272258318774,121.78345693305364,28306400,GOOGL
2023-06-13,122.81494140625,124.13404093411759,122.17026807883049,123.95551612909149,22278300,GOOGL
2023-06-14,122.65625,123.03313990537379,120.45444658155986,122.09092270879414,30592300,GOOGL
2023-06-15,124.06460571289062,124.43157546435972,121.39666138886585,122.13059332494937,35246300,GOOGL
2023-06-16,122.51738739013672,125.07624019452584,122.26943671297158,124.89771540429278,45535600,GOOGL
2023-06-20,122.0909194946289,123.54887077747642,121.1387897432877,121.92231483974503,26097500,GOOGL
2023-06-21,119.56182861328125,121.65453309243799,119.11551282046045,121.39666224993185,30306300,GOOGL
2023-06-22,122.14051055908203,122.22976917477193,117.85592296831348,119.01633037340913,26952200,GOOGL
2023-06-23,121.33714294433594,121.78345871511222,120.06763665447824,120.38501322694266,34913600,GOOGL
2023-06-26,117.36994171142578,120.99994365310945,117.30051581692196,119.77011027896118,33969900,GOOGL
2023-06-27,117.36002349853516,118.10387557545451,115.14829999374557,116.1202700370029,39535900,GOOGL
2023-06-28,119.19486236572266,119.4031400484243,115.89215718247867,116.1301877388727,27091400,GOOGL
2023-06-29,118.12371826171875,119.0758480924374,117.33028051954751,118.2625700557701,24090900,GOOGL
2023-06-30,118.71878814697266,120.08748080780242,118.708875567441,119.1849366580173,29532200,GOOGL
2023-07-03,118.91715240478516,119.2047761131289,117.84600360823359,118.26255895127434,14467900,GOOGL
2023-07-05,120.75198364257812,121.60493460466255,118.25264406620929,118.26255664547801,27584800,GOOGL
2023-07-06,119.12543487548828,119.31387982882194,117.42945299604987,118.81797842897954,24745200,GOOGL
2023-07-07,118.5005874633789,120.05771736735291,118.42124143298246,119.1155002818165,21709500,GOOGL
2023-07-10,115.49542999267578,117.34018375745839,115.18797355416356,117.33027117785484,35315200,GOOGL
2023-07-11,116.17977905273438,116.74510634443534,114.40445113781433,115.33674818852833,23078800,GOOGL
2023-07-12,117.95509338378906,119.3436186532648,117.43935931808012,117.82616175907532,30404400,GOOGL
2023-07-13,123.51911926269531,123.80674297722868,119.4626419533475,119.938710617678,44297900,GOOGL
2023-07-14,124.39189147949219,125.7407437423268,122.47771198641469,123.7769786548953,33283100,GOOGL
2023-07-17,123.62820434570312,126.05811786079241,123.18188860403004,124.90763069819978,25716200,GOOGL
2023-07-18,122.74549865722656,123.6579552834524,121.95205350677138,123.57860925503613,26193600,GOOGL
2023-07-19,121.0296859741211,124.1538660880998,120.80157558357863,123.57861868845079,37224000,GOOGL
2023-07-20,118.22289276123047,123.07280793107658,117.25093023799634,120.42469622569655,37906800,GOOGL
2023-07-21,119.0361557006836,119.99820552210508,117.75673688752023,119.63124336904816,72937900,GOOGL
2023-07-24,120.53378295898438,121.99173416334048,119.98829600487059,120.66272215495184,29686100,GOOGL
2023-07-25,121.20820617675781,122.14050312936536,120.02795855095499,120.36517540126466,52509600,GOOGL
2023-07-26,128.21035766601562,129.90633205152977,127.26814799253995,129.00380296662527,61682100,GOOGL
2023-07-27,128.3392791748047,132.14781351472905,127.73427884774642,130.59067581926217,44952100,GOOGL
2023-07-28,131.4932098388672,132.64370465595107,129.49969176817697,129.7079618698937,36591200,GOOGL
2023-07-31,131.63204956054688,132.43540728957092,130.69975264360772,131.64196213896054,28055500,GOOGL
2023-08-01,130.47166442871094,131.5428132938943,129.6087856815379,129.70797201734953,23166800,GOOGL
2023-08-02,127.32765197753906,129.02362633955516,126.51436639391204,128.38887313460415,26273300,GOOGL
2023-08-03,127.39706420898438,128.329361244637,126.37550855512062,126.9210031114822,20089500,GOOGL
2023-08-04,127.05986022949219,130.43198377340173,126.86150269168164,128.22026771607946,26147200,GOOGL
2023-08-07,130.4518280029297,130.53117404718972,127.96240829082672,128.10126008485418,22746300,GOOGL
2023-08-08,130.3228759765625,130.43197488498015,128.4781222465879,129.54927103822243,23535200,GOOGL
2023-08-09,128.59713745117188,130.95761750800182,127.94254405878128,130.58074278541653,24912900,GOOGL
2023-08-10,128.6268768310547,130.96753148534117,128.38883876777422,130.243519851709,20857800,GOOGL
2023-08-11,128.4979705810547,128.86493278064867,127.11936527043054,127.60535409901688,19591100,GOOGL
2023-08-14,130.25344848632812,130.29311393491162,127.9028809647762,128.3293488553076,24695600,GOOGL
2023-08-15,128.71615600585938,130.3427118640274,128.22025464503122,130.0253428626258,19770700,GOOGL
2023-08-16,127.64501190185547,129.21206207522133,126.8218213636926,127.64501190185547,25216100,GOOGL
2023-08-17,128.85501098632812,130.90804993539842,128.23017041335734,128.73599949955613,33446300,GOOGL
2023-08-18,126.41519165039062,128.19051967813363,125.34404274535204,127.45658011346536,30504800,GOOGL
2023-08-21,127.31771850585938,127.67476811335399,125.5225578886843,126.13747833867052,25248700,GOOGL
2023-08-22,128.0218963623047,129.21205659443743,127.2681317464859,127.45656155015928,22054900,GOOGL
2023-08-23,131.28492736816406,132.31641072027463,128.80542045173755,129.11287688798097,27819700,GOOGL
2023-08-24,128.71615600585938,133.14951538235977,128.50788590918833,132.85197153912117,28500700,GOOGL
2023-08-25,128.8153533935547,129.6881295726403,126.20690716881097,128.47812893761383,26762900,GOOGL
2023-08-28,129.93606567382812,131.45352258706555,129.0732021716326,130.23360950918428,20543300,GOOGL
2023-08-29,133.46688842773438,135.45049370622965,131.1559864622425,131.1559864622425,43075600,GOOGL
2023-08-30,134.76617431640625,135.16288939766932,132.97101360306888,133.67518514236738,28315800,GOOGL
2023-08-31,135.0537872314453,136.8687881952977,134.67689731971456,134.89509514927343,30053800,GOOGL
2023-09-01,134.54795837402344,136.3332062668677,133.74460060567057,136.3332062668677,21543700,GOOGL
2023-09-05,134.6570587158203,135.30172442643027,133.4768110647792,134.3297620041587,19403100,GOOGL
2023-09-06,133.3578338623047,135.41085813847698,132.5743010419644,134.90504407245479,18684500,GOOGL
2023-09-07,134.1512451171875,134.46862928644677,131.86018300504648,132.49493620985484,18844300,GOOGL
2023-09-08,135.26205444335938,135.53975798327252,133.74459755250976,133.80410329196144,23558300,GOOGL
2023-09-11,135.79763793945312,136.35304508761172,134.676895929534,135.42074803161276,20763400,GOOGL
2023-09-12,134.23057556152344,135.74803250189984,134.08181120803886,135.14303224154853,18405500,GOOGL
2023-09-13,135.58937072753906,135.77780055178212,133.05034278578884,133.98263986174015,20749500,GOOGL
2023-09-14,136.96795654296875,137.5630290724014,135.1232029476824,136.47205520158755,24751000,GOOGL
2023-09-15,136.27369689941406,137.3845263119322,135.36124015129133,136.84894433199983,38919600,GOOGL
2023-09-18,137.0770721435547,138.019281780227,135.49018160432044,135.49018160432044,21861300,GOOGL
2023-09-19,136.908447265625,137.2754245802509,135.5000891528616,136.29353439301667,20353700,GOOGL
2023-09-20,132.6437225341797,136.94814339852564,132.52469589773267,136.94814339852564,29927500,GOOGL
2023-09-21,129.37075805664062,131.14607838789655,129.00379586795694,130.36256084439935,31503900,GOOGL
2023-09-22,129.1823272705078,130.9477352155998,128.53766144126038,129.6881412995922,26397300,GOOGL
2023-09-25,130.03526306152344,130.0947688069164,127.90289313849301,128.76575671410941,20094600,GOOGL
2023-09-26,127.51608276367188,129.2914029707038,126.17714304040305,128.7062429989617,25718700,GOOGL
2023-09-27,129.46994018554688,129.8269898246319,127.5161024517244,127.5161024517244,22746500,GOOGL
2023-09-28,131.22540283203125,132.2072928784644,128.72605598074225,128.77564913871086,22513100,GOOGL
2023-09-29,129.7873077392578,132.9511609153293,129.29140636705122,132.18746856469267,30859800,GOOGL
2023-10-02,133.0701904296875,133.31814114938217,130.09478179335153,130.1344623833808,22288000,GOOGL
2023-10-03,131.3444366455078,133.15943757319482,130.75927662958244,132.8420685488848,22989400,GOOGL
2023-10-04,134.13140869140625,134.45870541332442,131.44361659343454,131.70147985901755,26752300,GOOGL
2023-10-05,133.9628143310547,134.37936969993646,132.35608346969923,133.9628143310547,19832600,GOOGL
2023-10-06,136.4522247314453,137.02747214489506,132.91148163496393,132.91148163496393,27597600,GOOGL
2023-10-09,137.2853240966797,137.80106572376255,134.49836100864687,135.8174603789753,19278100,GOOGL
2023-10-10,136.9282684326172,138.5746644275756,136.20425675144423,137.36466401043336,27786600,GOOGL
2023-10-11,139.3978729248047,139.95328001705715,137.44402038931838,137.44402038931838,25884300,GOOGL
2023-10-12,137.83082580566406,140.0623819353228,137.12663921258442,139.89377728823808,24765500,GOOGL
2023-10-13,136.2340087890625,138.85236710628996,135.500069400509,138.23745432331978,23420500,GOOGL
2023-10-16,137.95977783203125,138.4854321140924,136.85887610034075,137.03739334313434,28501900,GOOGL
2023-10-17,138.5746612548828,138.75317845969838,136.0554741619693,137.49360004694836,23515800,GOOGL
2023-10-18,136.82911682128906,139.56648701861894,136.25386939858822,138.30689326315832,23375000,GOOGL
2023-10-19,136.62081909179688,138.51516584160242,136.25385694319345,137.36467110137107,26066000,GOOGL
2023-10-20,134.48846435546875,136.73984579212933,133.97272266731449,136.2042789444492,26335700,GOOGL
2023-10-23,135.38107299804688,136.53156779993722,132.85197300320976,133.9330343496389,26317900,GOOGL
2023-10-24,137.67213439941406,138.21762892713875,136.2935292113691,136.70017196237376,44814300,GOOGL
2023-10-25,124.5803451538086,127.25820957616193,124.04477075596701,127.10944521580694,84366200,GOOGL
2023-10-26,121.27764129638672,123.31083999813282,120.27591838168972,122.25952391827924,57061100,GOOGL
2023-10-27,121.16854095458984,122.29919549173574,119.22460845972752,121.87272000373477,44566500,GOOGL
2023-10-30,123.43978118896484,124.37207828472111,121.7437992319236,122.20002763263162,28940100,GOOGL
2023-10-31,123.0628890991211,124.34231557609246,121.68428385885795,124.03485157297696,26292300,GOOGL
2023-11-01,125.41346740722656,125.45314042926547,122.70584986305431,123.05297934732572,30082400,GOOGL
2023-11-02,126.44493103027344,127.92271501549958,125.88952390924445,127.36730789447058,27124600,GOOGL
2023-11-03,128.041748046875,128.4682159884043,126.81190712180837,126.970599202535,26393100,GOOGL
2023-11-06,129.1823272705078,129.2715858991031,127.61527687797569,127.99216682143731,19052700,GOOGL
2023-11-07,129.8964080810547,130.8287050924927,128.8153467097953,129.63854481279463,29757300,GOOGL
2023-11-08,130.75929260253906,131.12626997179123,129.70798393466782,129.89642890979786,26425800,GOOGL
2023-11-09,129.17239379882812,131.46345569784398,129.0037891497348,130.8782957156304,23747800,GOOGL
2023-11-10,131.5031280517578,131.71141329610631,128.34920244954847,129.03354879478132,26913300,GOOGL
2023-11-13,131.00721740722656,131.50311876629735,130.1741067560777,130.69976098599605,18324800,GOOGL
2023-11-14,132.52468872070312,134.58764041410248,132.2271599799759,133.09002359550504,32395200,GOOGL
2023-11-15,133.5164794921875,133.92312224608222,132.4750987262402,133.76443017621472,23861500,GOOGL
2023-11-16,135.80752563476562,136.09515686974302,133.21893532221114,134.08179875972928,28013200,GOOGL
2023-11-17,134.20083618164062,134.94468829125762,132.55443988026462,134.88518254388185,37240600,GOOGL
2023-11-20,135.1331024169922,135.5397451095659,132.5246567715882,132.5940902168256,27815500,GOOGL
2023-11-21,135.84722900390625,136.05549911438757,134.84551363674532,135.17279523893023,22635300,GOOGL
2023-11-22,137.3547821044922,138.27715149054157,136.3431389603489,136.3431389603489,17813900,GOOGL
2023-11-24,135.56948852539062,136.99768657184572,134.8752297899487,136.89850026662313,12514300,GOOGL
2023-11-27,135.29180908203125,137.2853270482676,134.88516634551732,134.91491921563218,23436500,GOOGL
2023-11-28,136.07534790039062,136.1249410695989,134.30994003929231,134.96453355193609,18730000,GOOGL
2023-11-29,133.8834686279297,137.15640583938017,133.73468912413915,136.44232172928395,23967200,GOOGL
2023-11-30,131.44361877441406,134.43886735166274,130.2038653225059,133.94296597089948,38988300,GOOGL
2023-12-01,130.7791290283203,131.02707974958335,129.59888117371452,130.7791290283203,31442300,GOOGL
2023-12-04,128.21035766601562,128.9641223780541,126.85158504794954,128.81535800518807,36669900,GOOGL
2023-12-05,129.91624450683594,131.05681158807658,127.19869958988002,127.89295847123121,27384800,GOOGL
2023-12-06,128.95419311523438,130.75926618523522,128.81534134061891,130.36255115310777,23576200,GOOGL
2023-12-07,135.80752563476562,137.42416874984633,133.5958100272854,133.93301928634918,56767100,GOOGL
2023-12-08,133.8834686279297,135.28189910781614,132.9313312582846,133.09993592227912,32260100,GOOGL
2023-12-11,132.1973876953125,132.24698086173262,130.28321556791462,131.29485865478858,31138000,GOOGL
2023-12-12,131.4337158203125,131.9097769432704,130.18403456369643,130.72952914922644,29032800,GOOGL
2023-12-13,131.4833221435547,132.40569160742476,130.49151921016573,132.28668009820586,30104800,GOOGL
2023-12-14,130.85845947265625,132.6238671868591,128.62690324736187,132.28665787823815,38722400,GOOGL
2023-12-15,131.51303100585938,132.41555987156252,130.10465799413734,130.54105356016876,50847100,GOOGL
2023-12-18,134.6868133544922,136.02573795572846,131.34442787355178,131.54280052592037,32258000,GOOGL
2023-12-19,135.52984619140625,136.34313174933595,134.96452646649996,135.71829114427823,25476800,GOOGL
2023-12-20,137.2059783935547,140.5384359860807,136.9382025676404,137.83081892143701,49107200,GOOGL
2023-12-21,139.26895141601562,139.53674241725346,138.03911046006232,138.34658204933325,27488300,GOOGL
2023-12-22,140.33018493652344,140.8260863411753,139.5565799559633,139.61608570312794,26532200,GOOGL
2023-12-26,140.3599395751953,141.510419346836,140.032642827964,140.4293579031904,16780300,GOOGL
2023-12-27,139.21934509277344,140.9153344287429,138.74328401733115,140.42934564037535,19628600,GOOGL
2023-12-28,139.08050537109375,139.98304957042203,138.60444425438513,139.62599994946305,16045700,GOOGL
2023-12-29,138.54495239257812,139.20945853329908,137.64240810278974,138.48544663873915,18733000,GOOGL
2024-01-02,137.03738403320312,138.30689034141093,135.36123496575607,137.41427392066478,23711200,GOOGL
2024-01-03,137.78126525878906,138.48545201856635,135.95635144618018,136.12495613317765,24212100,GOOGL
2024-01-04,135.27197265625,138.01927043379123,135.2323072061994,137.28533097133266,27137700,GOOGL
2024-01-05,134.6173553466797,136.0356408571504,134.0421080538886,135.6289981811541,22513900,GOOGL
2024-01-08,137.70191955566406,137.87052424308965,135.14306609870528,135.17281897685612,21404000,GOOGL
2024-01-09,139.7946014404297,140.33018342656837,137.01755057751834,137.3646876105234,24759600,GOOGL
2024-01-10,141.1136932373047,141.82779242384171,139.75492832050645,139.84418693539638,21320200,GOOGL
2024-01-11,140.91534423828125,144.02960443815402,139.4871457788245,142.3137898243085,24008700,GOOGL
2024-01-12,141.48065185546875,142.02614637782855,140.6574689161085,141.50049214729324,18785500,GOOGL
2024-01-16,141.3219757080078,143.16672938152487,140.29049239931624,140.83598692471,22670500,GOOGL
2024-01-17,140.3103485107422,140.67731071751322,137.76140795638582,140.19133701313217,20968600,GOOGL
2024-01-18,142.30386352539062,143.02789047593322,140.826087018,140.88559276545064,25746400,GOOGL
2024-01-19,145.18008422851562,145.24950254806373,143.19647882633325,143.5535284040744,34271900,GOOGL
2024-01-22,144.7932586669922,147.17357871615567,144.64447920535335,145.89416009481408,32200400,GOOGL
2024-01-23,145.8346710205078,145.9735228014156,144.30730143052193,144.6941039011729,21636100,GOOGL
2024-01-24,147.4810791015625,148.62166144639897,146.88600647851376,147.32238701526538,25233500,GOOGL
2024-01-25,150.6250762939453,151.7954113890045,148.31417410884393,148.83984348061125,29149100,GOOGL
2024-01-26,150.9424591064453,151.28958097989496,149.77212402167038,149.86139776851957,26115500,GOOGL
2024-01-29,152.2516326904297,152.51942366682596,150.18868118167268,150.81352174869434,27784300,GOOGL
2024-01-30,150.21844482421875,152.3607271720474,149.95065385559957,151.54745682095233,36331800,GOOGL
2024-01-31,138.95156860351562,142.81959319917652,138.72344307921892,142.44270331878081,71910000,GOOGL
2024-02-01,140.00286865234375,141.88728767351694,139.63589137319994,140.95499074150428,40466500,GOOGL
2024-02-02,141.212890625,141.45091361668173,135.38108518943704,138.11845552974717,62499600,GOOGL
2024-02-05,142.502197265625,144.27753248123298,141.60958093549976,141.64926151631406,38505400,GOOGL
2024-02-06,142.91876220703125,144.16842804795627,142.01621819950975,143.46424153576635,29128200,GOOGL
2024-02-07,144.34695434570312,144.42630037557493,142.75015143708904,143.57334947158776,25208900,GOOGL
2024-02-08,144.71392822265625,145.13048351940716,143.9105704979432,144.63458219465025,22563800,GOOGL
2024-02-09,147.77859497070312,148.21499055845277,144.98170423123912,145.47760555664416,26829500,GOOGL
2024-02-12,146.32066345214844,148.11582406905052,146.161971374684,147.20336732419403,21564100,GOOGL
2024-02-13,143.9502410888672,145.46769798615009,142.51213022242555,143.73204328748068,27837700,GOOGL
2024-02-14,144.7436981201172,145.31894554055629,142.90885694916992,144.88254990203635,22704200,GOOGL
2024-02-15,141.5996856689453,142.34353774622787,139.30862369230854,141.9666478509511,37590700,GOOGL
2024-02-16,139.36813354492188,142.01624520205476,138.9912436385364,141.8178876690081,31468900,GOOGL
2024-02-20,139.96319580078125,140.91533307623592,138.34656764889544,138.51517229621072,25144700,GOOGL
2024-02-21,141.38148498535156,141.5203367649503,139.5268035526364,140.29049590728383,23223300,GOOGL
2024-02-22,142.9088592529297,143.8114034168082,141.62944032274333,143.74196995787472,27191900,GOOGL
2024-02-23,142.7799530029297,143.49403717221693,142.25428353974874,142.49232168531873,19493800,GOOGL
2024-02-26,136.44232177734375,141.27239668798464,136.26378939947426,140.97485281400884,53641800,GOOGL
2024-02-27,137.7415771484375,138.10853934016288,135.96624166875657,136.88862613854664,33099200,GOOGL
2024-02-28,135.26205444335938,136.87868252205917,134.30000463233606,136.76958362182845,37328600,GOOGL
2024-02-29,137.32501220703125,137.72172724425474,135.2818858775754,136.15467711991738,42133000,GOOGL
2024-03-01,136.01583862304688,137.7316532704347,135.79764079115824,137.29525760665743,31151100,GOOGL
2024-03-04,132.2568817138672,134.54794328029183,130.82868355980855,134.54794328029183,55999400,GOOGL
2024-03-05,131.5824737548828,132.14780860687847,129.59886818360178,130.79895621305897,40194800,GOOGL
2024-03-06,130.3228759765625,132.48501385237356,129.77739656818326,132.0287779261609,35318600,GOOGL
2024-03-07,133.27845764160156,133.83386475709858,130.53115980204433,131.70147977631177,37738200,GOOGL
2024-03-08,134.30001831054688,136.95804250148979,132.90157275617153,133.10985799917378,39370400,GOOGL
2024-03-11,136.54148864746094,137.95977451047298,135.01411900561908,135.01411900561908,32437800,GOOGL
2024-03-12,137.3646697998047,138.23746099222168,135.90671866415707,135.90671866415707,27563400,GOOGL
2024-03-13,138.64410400390625,139.9334506450809,137.85067388660744,137.86058646627538,23347200,GOOGL
2024-03-14,141.92698669433594,142.41296038062768,139.30862790840655,140.03263971476812,42753400,GOOGL
2024-03-15,140.02272033691406,142.0063260544533,138.88215310281325,141.33190737467106,49475400,GOOGL
2024-03-18,146.46942138671875,150.9027808454485,145.96360743742733,147.39180580449582,69273700,GOOGL
2024-03-19,145.8247528076172,147.57032014783982,144.882543249734,146.9454947247472,24070400,GOOGL
2024-03-20,147.520751953125,147.63976344475103,145.53714637957398,146.7868124427757,21311500,GOOGL
2024-03-21,146.39010620117188,149.13738918978584,145.6958321016332,148.24477268139387,24755600,GOOGL
2024-03-22,149.5341033935547,150.3374611918101,147.75876801352786,147.89761979182254,29211800,GOOGL
2024-03-25,148.83987426757812,149.14733075716612,146.60831765561275,148.71093504276567,19229300,GOOGL
2024-03-26,149.4349365234375,151.01189945376663,148.7505901221258,148.9886282589288,22149100,GOOGL
2024-03-27,149.63328552246094,150.39697792574609,147.6794327705728,149.94074197303146,22879200,GOOGL
2024-03-28,149.69277954101562,150.1886809085542,148.93901491049212,149.61344863987313,24485400,GOOGL
2024-04-01,154.2154083251953,154.46335900189007,149.37540627332734,149.45475230591467,31730800,GOOGL
2024-04-02,153.2930450439453,153.43189683666333,150.90279655942555,152.24173645140743,24586000,GOOGL
2024-04-03,153.65008544921875,153.80877752671594,151.47803493131784,152.34091364414047,24705000,GOOGL
2024-04-04,149.2960662841797,153.5013153792841,149.21672024838048,152.2417216532487,34724700,GOOGL
2024-04-05,151.2499237060547,152.1623804461379,148.37370170217739,148.80016963270904,23459200,GOOGL
2024-04-08,153.58067321777344,153.9972285874499,151.35902944578888,151.52763410967862,20702000,GOOGL
2024-04-09,155.31629943847656,157.2602241375123,153.91785408433802,154.81047040663094,31079500,GOOGL
2024-04-10,154.86009216308594,155.32624070054823,153.41205338281176,154.92952562487014,22838600,GOOGL
2024-04-11,158.103271484375,158.3710473161656,155.17745655638205,155.6237647430745,27166400,GOOGL
2024-04-12,156.43704223632812,158.90663651169768,155.85188225072014,156.66516776322655,25353700,GOOGL
2024-04-15,153.590576171875,157.93467710778722,153.32278518896982,157.55778721582507,27136500,GOOGL
2024-04-16,153.1343231201172,154.3740764327273,152.17227333883514,152.92605303847483,20779500,GOOGL
2024-04-17,154.19557189941406,155.7923749027095,153.3128680735991,154.3443362556772,21763100,GOOGL
2024-04-18,154.73114013671875,155.6535245551475,153.3525349324206,154.0666341164594,19883000,GOOGL
2024-04-19,152.82691955566406,155.07831658716034,151.05159885706962,154.91962447619306,32615600,GOOGL
2024-04-22,154.99893188476562,156.34778422424392,152.7971285786509,153.04507926507185,26446200,GOOGL
2024-04-23,156.96267700195312,157.66686352012678,154.99891205418209,155.67334570448855,21151600,GOOGL
2024-04-24,157.8255615234375,158.26195711355743,155.88162165845978,156.19900577262248,22779100,GOOGL
2024-04-25,154.72120666503906,155.20719539051882,149.6332544492295,150.08949030720098,57109700,GOOGL
2024-04-26,170.5404815673828,173.27786687075127,168.2593321924788,172.94064243070838,64665300,GOOGL
2024-04-29,164.78802490234375,168.1601634153097,163.8557430067843,167.67417460775002,45610000,GOOGL
2024-04-30,161.44564819335938,166.7220460143007,161.26713096501757,164.25245175294467,33562900,GOOGL
2024-05-01,162.5167694091797,165.7500403329513,161.75307719432863,162.95316496052317,33493200,GOOGL
2024-05-02,165.25416564941406,165.36326455481128,162.54654844018515,163.43916484164697,24294500,GOOGL
2024-05-03,165.86911010742188,166.5832093530068,161.71345384411,166.18647914228734,34662400,GOOGL
2024-05-06,166.72206115722656,166.76172661144676,164.6690220425713,166.08730795373265,21871300,GOOGL
2024-05-07,169.8462371826172,170.35205118536106,167.00968044096345,167.1187793592467,28039700,GOOGL
2024-05-08,167.9915771484375,168.7552544719988,167.35682390872975,167.61468721014788,19569100,GOOGL
2024-05-09,168.56678771972656,169.29079942824308,166.80136505178498,168.00145293610282,15346700,GOOGL
2024-05-10,167.26754760742188,168.4577231557963,164.82772102741802,166.65263467214967,29799900,GOOGL
2024-05-13,167.75350952148438,167.89236129533526,162.65564420480408,162.91350746089623,31327600,GOOGL
2024-05-14,168.94369506835938,169.84623930052865,167.41632532705881,168.37837530926814,25127100,GOOGL
2024-05-15,171.09588623046875,171.23473800953292,169.11228073886124,169.23130735927975,26948400,GOOGL
2024-05-16,172.75218200683594,173.68447893916473,171.27440571230892,171.8694782348091,27867900,GOOGL
2024-05-17,174.61680603027344,174.82509128603235,172.2662381363207,172.7522118435742,24479300,GOOGL
2024-05-20,175.4697265625,177.3045675555055,174.63661595177967,174.74571485082933,22554400,GOOGL
2024-05-21,176.39212036132812,176.6896490712989,174.36883433127562,175.44989566739218,16989400,GOOGL
2024-05-22,174.93417358398438,175.69785080388766,173.77376618454468,175.19203685040134,17880000,GOOGL
2024-05-23,172.12738037109375,176.78885054238378,171.53229263275466,175.61853049301604,21024900,GOOGL
2024-05-24,173.55557250976562,174.32917746118142,172.22654529374813,173.5456447964723,16579400,GOOGL
2024-05-28,174.9540252685547,175.8169040813047,172.94066659499003,173.02001264292747,20572200,GOOGL
2024-05-29,174.45809936523438,175.39039638067896,173.28777937305267,173.99195085751208,23388700,GOOGL
2024-05-30,170.6991729736328,173.78368015073974,170.38178882747087,173.76383985817733,22931500,GOOGL
2024-05-31,171.08599853515625,171.64140573219544,168.05108411296985,170.451245290867,37638900,GOOGL
2024-06-03,171.75047302246094,173.09932530985793,169.75695502874458,171.12563247401937,27459100,GOOGL
2024-06-04,172.3654022216797,172.42492310208857,170.480982952228,171.85958824102724,26879600,GOOGL
2024-06-05,173.9721221923828,175.2019479039631,172.50424324144495,173.7638369582265,22068500,GOOGL
2024-06-06,175.28131103515625,175.69786641038863,174.3093484929474,174.45811286491957,23251000,GOOGL
2024-06-07,173.0299072265625,176.41194296176616,172.87121516107322,175.5986726101232,19661400,GOOGL
2024-06-10,173.7746124267578,175.81014466476933,171.54049500356726,173.7349014501534,23726700,GOOGL
2024-06-11,175.3732452392578,175.59169348463175,172.54337230776866,174.97607487552963,21540600,GOOGL
2024-06-12,176.5349884033203,179.13650434238232,174.8668546571235,176.99174796777623,27864700,GOOGL
2024-06-13,173.92355346679688,175.49240210344783,173.64553119205647,174.8668444097431,20913300,GOOGL
2024-06-14,175.54205322265625,175.81015156626538,172.92068928258647,172.99020243322104,18063600,GOOGL
2024-06-17,175.9888916015625,177.10098082049785,173.57603677345472,174.2214575995777,19618500,GOOGL
2024-06-18,173.85401916503906,176.13778627340253,172.87101736722028,175.88955104751682,21869900,GOOGL
2024-06-20,175.05551147460938,176.03851342488448,173.7547611134038,174.13206841253606,20160100,GOOGL
2024-06-21,178.3620147705078,179.57340412547137,175.36332840403423,175.75057482727152,57759000,GOOGL
2024-06-24,177.9548797607422,179.61308934299385,177.4087592034553,178.8882466857276,18298000,GOOGL
2024-06-25,182.73094177246094,182.98910099326696,178.15348288701358,178.35206806848578,23130200,GOOGL
2024-06-26,182.58201599121094,183.2075585872156,181.19188934781172,181.34083960482536,19839000,GOOGL
2024-06-27,184.1011962890625,184.7366779293804,182.72100889129027,182.8798679380617,18848900,GOOGL
2024-06-28,180.86422729492188,183.82320287786322,180.6755812003218,183.01892295771628,29156600,GOOGL
2024-07-01,181.6982879638672,182.58200489120532,180.02021516731907,181.7379989393426,16006100,GOOGL
2024-07-02,183.93238830566406,184.26006063956154,180.27835770580916,180.76490422906483,17372500,GOOGL
2024-07-03,184.50831604003906,184.77639921891327,182.7011560285435,183.54516199454144,10242100,GOOGL
2024-07-05,189.2545623779297,189.5127215858847,184.48844250446135,184.54801654082962,20967500,GOOGL
2024-07-08,187.69564819335938,188.8276004007438,186.4544718628467,188.55950207105113,21035900,GOOGL
2024-07-09,187.64599609375,190.00920064999954,187.38783687416534,188.96660951335545,15121400,GOOGL
2024-07-10,189.83045959472656,190.3964432565855,187.69564243220248,187.8147905079295,15952500,GOOGL
2024-07-11,184.26007080078125,189.51272208583228,183.77352425069444,188.5098571184734,25625800,GOOGL
2024-07-12,183.76361083984375,185.7892039533301,183.18770320192158,183.77353479614163,22898400,GOOGL
2024-07-15,185.2133026123047,186.9112385638258,183.61466683145176,183.61466683145176,16474000,GOOGL
2024-07-16,182.6217041015625,187.3480977347005,182.07558352972123,186.03742351335848,18290700,GOOGL
2024-07-17,179.74221801757812,182.25435801006273,178.63011358475686,181.6784503031382,20734100,GOOGL
2024-07-18,176.43569946289062,181.21174353968178,175.22431015700485,180.64575986268414,25315700,GOOGL
2024-07-19,176.40591430664062,179.01733902058587,175.87965675110726,177.61730362532302,18881900,GOOGL
2024-07-22,180.38758850097656,181.41031651236526,178.95775104592673,179.3152104096892,24100300,GOOGL
2024-07-23,180.5067596435547,182.31391975552617,180.25852436340998,180.76493403159583,36352700,GOOGL
2024-07-24,171.4114227294922,174.9462905344622,170.60714288242724,172.37457678491225,49585200,GOOGL
2024-07-25,166.0991668701172,172.19582391606315,166.00980581766575,171.30218308939462,44852000,GOOGL
2024-07-26,165.8211669921875,166.90346917641645,162.90191767605657,165.9701020997129,41336900,GOOGL
2024-07-29,168.3332977294922,169.22693862858085,166.80417515412134,167.63824201341453,20293800,GOOGL
2024-07-30,169.08795166015625,170.02131881993915,167.25101951582732,169.03831672061582,18959700,GOOGL
2024-07-31,170.3291015625,173.01997848256258,168.80990296351985,172.01711347343624,25729100,GOOGL
2024-08-01,169.55462646484375,172.82141135501334,167.68790739296938,169.04823192931204,24531400,GOOGL
2024-08-02,165.48353576660156,167.3204673602302,163.50757790048146,165.2650875542234,29130100,GOOGL
2024-08-05,158.1258544921875,163.26928160754815,153.83634209310054,154.4023257364845,53630700,GOOGL
2024-08-06,157.17263793945312,159.43655755600886,155.3059189992834,158.2053051541738,49004600,GOOGL
2024-08-07,157.81805419921875,161.82952940748444,157.35137068982363,160.11174561926643,25138600,GOOGL
2024-08-08,160.88621520996094,162.53450076475647,159.0790706236181,159.37694077719178,25578800,GOOGL
2024-08-09,162.5146484375,162.63379650679866,157.9371899119943,158.88048081312152,28602300,GOOGL
2024-08-12,161.1444091796875,163.73598613275442,160.6975887017958,163.1898806325975,15895300,GOOGL
2024-08-13,163.00120544433594,163.56717396094234,161.81960317762199,162.25649966122157,18551700,GOOGL
2024-08-14,159.23794555664062,162.06783350679044,156.5967339743886,161.25361460284537,40591100,GOOGL
2024-08-15,160.16139221191406,160.49898852805327,158.4833194361169,159.36703635252704,31524300,GOOGL
2024-08-16,161.8096923828125,163.89485965448893,159.99260830608642,160.3302046522989,24208600,GOOGL
2024-08-19,165.49349975585938,165.51336282117407,163.10050794660387,164.11331216253947,22416200,GOOGL
2024-08-20,165.99986267089844,167.4495631411608,165.64241846979237,165.72184041376482,18341500,GOOGL
2024-08-21,164.67929077148438,165.6722318912375,163.50761237161458,163.98421986679392,22902000,GOOGL
2024-08-22,162.6437530517578,166.4069931043409,162.15720646482643,166.07932072756,22493300,GOOGL
2024-08-23,164.45089721679688,165.00694179876172,162.67353934579646,163.55725630307884,13955700,GOOGL
2024-08-26,164.98709106445312,166.36727853932712,163.29909428347517,165.20553931092914,14190400,GOOGL
2024-08-27,163.5175018310547,165.26508752982176,163.2990687697847,164.66931692322828,11821900,GOOGL
2024-08-28,161.70045471191406,164.4310425767687,160.38976526426643,163.87498286647468,16407400,GOOGL
2024-08-29,160.6380157470703,164.7984415304893,159.11881702129344,163.15015560870546,19699800,GOOGL
2024-08-30,162.22669982910156,162.50472208741948,160.54862717284777,161.47205499845862,22123800,GOOGL
2024-09-03,156.24920654296875,160.70751737773818,155.37541355771157,160.57843019098567,38945300,GOOGL
2024-09-04,155.3456268310547,157.87762958096508,154.8590954051368,155.554151121504,19353800,GOOGL
2024-09-05,156.1300506591797,158.32444181781332,154.87893528354047,155.19668368087028,18688700,GOOGL
2024-09-06,149.8546600341797,156.71588626121135,149.48727669749047,156.18962872176218,37912100,GOOGL
2024-09-09,147.85621643066406,152.51927694187998,146.3747655212842,151.63438731483413,39260500,GOOGL
2024-09-10,147.80650329589844,150.40151913279468,147.48833322690425,149.58621970938498,31118800,GOOGL
2024-09-11,150.29212951660156,150.63017379029483,146.67302891819028,149.0592434246133,29607700,GOOGL
2024-09-12,153.80186462402344,153.9311230962661,151.77356859256676,152.91697508053775,29621500,GOOGL
2024-09-13,156.55596923828125,157.47068534964538,154.318887339598,154.53761027887018,29591200,GOOGL
2024-09-16,157.15252685546875,157.34143843484944,155.70091765708278,156.4068328344505,18379800,GOOGL
2024-09-17,158.40528869628906,159.628222536102,157.47068317745328,158.107008079676,20715600,GOOGL
2024-09-18,158.8924560546875,159.57849687987786,157.6894117080279,158.9421720163007,23677300,GOOGL
2024-09-19,161.20909118652344,162.8496118323656,160.41368126049775,162.77008449382728,26587700,GOOGL
2024-09-20,162.65077209472656,162.78996770160265,161.1295575441582,162.5612924555598,40896400,GOOGL
2024-09-23,160.9207763671875,164.5398774216767,160.74180191250147,163.40642311261095,24150900,GOOGL
2024-09-24,161.3582305908203,162.28289902982328,159.7674258440889,162.09398745781283,23332100,GOOGL
2024-09-25,160.5628204345703,161.87523384572484,160.37390888064178,160.54293101542476,18869200,GOOGL
2024-09-26,161.7957000732422,163.13795527115403,161.34828673099906,162.7004790534292,20319300,GOOGL
2024-09-27,163.00869750976562,164.7486500925775,161.69628402203105,161.87524329123835,21101300,GOOGL
2024-09-30,164.89781188964844,165.19607736347226,162.32267031989335,162.38233858584195,20413900,GOOGL
2024-10-01,166.03125,168.18878935347016,163.63508311957565,166.72722798963838,28338100,GOOGL
2024-10-02,164.90774536132812,166.5582184121097,163.7842281975384,165.46452779504156,17760200,GOOGL
2024-10-03,164.90774536132812,165.6832659184552,162.9788810936898,163.4660733087808,15073100,GOOGL
2024-10-04,166.10084533691406,167.26412612073125,164.5299148711692,167.09510397311843,19047400,GOOGL
2024-10-07,162.04428100585938,167.5127039344141,161.81560574950586,166.7570727731855,22463100,GOOGL
2024-10-08,163.43621826171875,163.7841996365162,161.9348782063516,162.99874209117948,23072700,GOOGL
2024-10-09,160.9307098388672,163.89359644421285,158.8228863013817,162.5115774919813,31181800,GOOGL
2024-10-10,161.14942932128906,162.13375075790051,159.47906705048007,159.94636978765286,14144100,GOOGL
2024-10-11,162.30279541015625,162.9589946210884,160.31427801309022,161.19916764793726,15344300,GOOGL
2024-10-14,164.01290893554688,165.27560646204375,162.46185274166893,162.70048027253844,19016100,GOOGL
2024-10-15,164.5100555419922,166.71729595706415,163.6848189785555,164.83814757105517,20247200,GOOGL
2024-10-16,164.21177673339844,164.84810171857748,162.79993114663196,163.58538887396847,16406000,GOOGL
2024-10-17,161.9945526123047,165.4148047545223,161.82553046438127,164.77847983302945,21453400,GOOGL
2024-10-18,162.48175048828125,163.76435267205474,162.14370618061358,162.25307524146882,19757700,GOOGL
2024-10-21,163.12803649902344,163.5555604691452,161.6863492090046,162.01445640921125,20946500,GOOGL
2024-10-22,164.19187927246094,164.8182671012252,162.0442768634266,162.0442768634266,16568100,GOOGL
2024-10-23,161.84542846679688,164.86798338254357,161.00030251118483,163.81405642655295,18280500,GOOGL
2024-10-24,161.7857666015625,162.39226497688696,160.0855776572324,161.89513565846306,22412500,GOOGL
2024-10-25,164.32113647460938,164.63929136354844,162.48175184608664,162.7303165163636,19828900,GOOGL
2024-10-28,165.76280212402344,167.78114595500233,163.00870143582344,167.78114595500233,32138600,GOOGL
2024-10-29,168.70579528808594,169.40178845873763,166.13066910445878,166.76699401414237,42169000,GOOGL
2024-10-30,173.45835876464844,180.9749512117023,173.06064622942904,179.6426331826948,68890800,GOOGL
2024-10-31,170.12757873535156,175.8048016523507,170.01820968952273,172.1359852263983,44769000,GOOGL
2024-11-01,170.30654907226562,171.33064938867685,167.91039737420323,169.0935675366594,31796500,GOOGL
2024-11-04,168.26834106445312,169.7497767581588,167.04539198951443,168.95436679599575,21492700,GOOGL
2024-11-05,168.7654571533203,169.55091475770118,167.87061532690117,168.45722424913848,18242100,GOOGL
2024-11-06,175.49659729003906,175.92413641911588,172.50388407123629,172.8021647148181,33695500,GOOGL
2024-11-07,179.71224975585938,180.0403569286527,176.1726914135067,176.39142952870222,25352900,GOOGL
2024-11-08,177.32601928710938,179.86136646447602,177.05756522942787,179.612801825818,22006200,GOOGL
2024-11-11,179.31455993652344,179.5134086393181,177.44534875364968,177.5547178158643,17450400,GOOGL
2024-11-12,180.57723999023438,181.44225527864106,178.3600475857902,178.78758666786376,25134900,GOOGL
2024-11-13,177.8529815673828,179.9210412566759,177.51492211643085,179.423911961303,23184000,GOOGL
2024-11-14,174.57192993164062,177.79333331489727,173.3191695348543,177.2564251654299,31007500,GOOGL
2024-11-15,171.4996795654297,173.1402002652983,170.236966835199,172.73255057874763,32504600,GOOGL
2024-11-18,174.2935333251953,174.43272892051993,171.90730361382492,172.4243223269658,20135300,GOOGL
2024-11-19,177.0973358154297,177.8430297605378,172.56351905656155,172.72260407260165,23434900,GOOGL
2024-11-20,174.96963500976562,176.65987170014589,172.78226898861567,176.32182739630647,18997100,GOOGL
2024-11-21,166.66758728027344,173.1302686962832,162.76014278127062,172.9015782767723,59734400,GOOGL
2024-11-22,163.81405639648438,165.5043083073982,162.95899331574788,164.8978098993039,38604600,GOOGL
2024-11-25,166.68743896484375,167.6618232619843,164.65915820880082,165.13639806236714,33135300,GOOGL
2024-11-26,168.14903259277344,168.84502584498395,166.61788081451584,166.6675967855572,20486700,GOOGL
2024-11-27,168.2583770751953,168.50694172289835,167.0553326761747,168.02970184723952,19266500,GOOGL
2024-11-29,167.97999572753906,168.4572356311654,166.20027942100947,167.53258236969043,14257200,GOOGL
2024-12-02,170.5054168701172,171.09202581712017,167.60218350894124,167.80103219947992,23789100,GOOGL
2024-12-03,170.3562774658203,171.68858044714352,169.86910042539293,170.50542536954606,22248700,GOOGL
2024-12-04,173.36888122558594,173.9057894087997,170.0778874212496,170.16736706139073,31615100,GOOGL
2024-12-05,171.64881896972656,175.04918185581036,171.3406012044101,174.35320380974355,21356200,GOOGL
2024-12-06,173.70693969726562,174.07481055205204,170.87329640646647,171.0423185605895,21462400,GOOGL
2024-12-09,174.56295776367188,175.44886145410123,172.8508718378986,173.15945800345577,25389600,GOOGL
2024-12-10,184.31787109375,185.502397306232,180.21683563214248,182.00855531536865,54813000,GOOGL
2024-12-11,194.50079345703125,194.7098337526011,183.99935507018319,184.45722971599074,67894100,GOOGL
2024-12-12,191.07662963867188,194.28179760891206,190.8277801088796,194.10263323797517,34817500,GOOGL
2024-12-13,188.9464569091797,191.84305356516361,188.76727736993067,190.1309677786731,25143500,GOOGL
2024-12-16,195.75498962402344,198.08421748080238,191.733572884141,191.98242240358925,44934900,GOOGL
2024-12-17,194.52069091796875,200.4930793963414,194.082713332717,196.3422712265007,43504000,GOOGL
2024-12-18,187.5330047607422,196.09343489769404,186.87605352724106,194.3216274116736,34166100,GOOGL
2024-12-19,187.6425018310547,192.14170577082706,187.51311039837418,190.74815442108678,32265200,GOOGL
2024-12-20,190.52914428710938,192.00232914747002,184.3676279309519,184.925048408463,63462900,GOOGL
2024-12-23,193.73434448242188,194.20218282242337,189.2749498878787,191.73358450411797,25675000,GOOGL
2024-12-24,195.20751953125,195.20751953125,192.88824016493578,193.94335970742864,10403300,GOOGL
2024-12-26,194.69989013671875,195.84459196860374,193.48550314170072,194.25194880473947,12046600,GOOGL
2024-12-27,191.8729248046875,194.42115659969988,189.77263428806026,194.05284898883724,18891400,GOOGL
2024-12-30,190.35995483398438,191.66392402935992,188.2497003483825,188.92657901389887,14264700,GOOGL
2024-12-31,188.42886352539062,191.07662611886298,187.6424905201336,190.2006709297877,17466900,GOOGL
2025-01-02,188.55825805664062,191.11643850843902,186.63714698089748,189.7726449747486,20370800,GOOGL
2025-01-03,190.9073944091797,192.32087307336826,189.10572628313417,190.489329030918,18596200,GOOGL
2025-01-06,195.96401977539062,197.30781329054136,192.9579284385956,193.08731986382298,29563600,GOOGL
2025-01-07,194.5903778076172,200.07501580789895,193.70447411630906,196.2029178508013,26487200,GOOGL
2025-01-08,193.05747985839844,195.386708025345,191.49471256621632,191.68384065635297,24864800,GOOGL
2025-01-10,191.15623474121094,195.61562893869856,189.43420036839143,193.40584405374383,26665200,GOOGL
2025-01-13,190.13099670410156,190.30021256834414,186.4977995025927,189.19533519391976,21823700,GOOGL
2025-01-14,188.78720092773438,191.09651654383717,187.44340746260227,190.3599316953501,17174900,GOOGL
2025-01-15,194.6501007080078,195.4563707355863,190.97707930364396,192.20141470890871,21776000,GOOGL
2025-01-16,192.02223205566406,194.5803970206782,191.92268618011735,193.24656734433407,17815400,GOOGL
2025-01-17,195.09803771972656,196.3223731934333,192.85839187855623,195.6255975250055,27735100,GOOGL
2025-01-21,197.1385955810547,201.3590737795005,196.9594160260543,198.15390588987137,29971300,GOOGL
2025-01-22,197.45712280273438,199.5574134711185,196.62099201618707,198.14394994474472,26200600,GOOGL
2025-01-23,197.0689239501953,199.3782549776066,194.30171827365388,197.22819130144518,26951400,GOOGL
2025-01-24,199.28866577148438,199.9754777209976,197.08882922694013,197.18837511510904,23877500,GOOGL
2025-01-27,190.9273223876953,195.97399844848505,189.85229053116194,191.5245673708486,41728900,GOOGL
2025-01-28,194.40126037597656,194.58042475121238,189.80251062684363,191.8629920734772,24157900,GOOGL
2025-01-29,194.51075744628906,195.88439657430914,192.5398581602494,194.66006109436606,18218300,GOOGL
2025-01-30,199.9456329345703,200.4731927690754,196.76036171060426,197.0888449414686,24354700,GOOGL
2025-01-31,203.0811309814453,204.5344037474068,200.87134591508243,201.0704225036096,32001100,GOOGL
2025-02-03,200.303955078125,202.8123625387659,199.17916555521708,199.76644678798675,27838300,GOOGL
2025-02-04,205.43026733398438,206.09718224678258,201.87668878157095,202.454021509494,43856400,GOOGL
2025-02-05,190.4495391845703,191.86300280413045,187.16472209106553,190.19074112078758,70373900,GOOGL
2025-02-06,190.71829223632812,191.21599131294843,187.85154069465264,188.62795003909466,29297400,GOOGL
2025-02-07,184.487060546875,190.30018118607993,182.39673387279518,190.1707897750973,49315000,GOOGL
2025-02-10,185.61187744140625,187.33391183220394,185.00468401733505,186.48783259444508,23105600,GOOGL
2025-02-11,184.46717834472656,186.07971836409422,183.43195584227703,184.17850439769825,21239500,GOOGL
2025-02-12,182.76504516601562,184.25814231125668,180.9932377687485,182.37684051579572,22072600,GOOGL
2025-02-13,185.2834014892578,185.42275661553663,182.29720719308074,183.47178484763324,21402500,GOOGL
2025-02-14,184.37759399414062,185.54220800020582,183.4717932262479,184.20837813225802,20448400,GOOGL
2025-02-18,182.92431640625,185.10424071494356,180.90365944170068,184.74589678490392,29916700,GOOGL
2025-02-19,184.41741943359375,184.60654751219354,182.74514264416922,183.22294469175932,19549400,GOOGL
2025-02-20,183.71067810058594,184.4572267048234,181.87914917011352,183.9495791218272,20441500,GOOGL
2025-02-21,178.83322143554688,184.48707519951907,178.25588873059436,184.29794713548316,35199200,GOOGL
2025-02-24,178.42510986328125,182.27729565940143,178.06676593885823,181.15250613186586,29854200,GOOGL
2025-02-25,174.61273193359375,177.91746089820734,173.88609557732903,177.22067008112575,41913400,GOOGL
2025-02-26,171.93511962890625,175.26970953461128,170.79041782229913,174.26436286262216,35431300,GOOGL
2025-02-27,167.72457885742188,173.75668887755327,167.1671583548918,173.18931986196714,39991000,GOOGL
2025-02-28,169.4963836669922,169.82486685567105,166.00254187779413,167.90374066525882,48130600,GOOGL
2025-03-03,166.24143981933594,172.57217267061702,165.1664079930538,171.13879690224084,40770500,GOOGL
2025-03-04,170.13345336914062,172.49254217135646,165.03701959982106,165.47499722472898,45388000,GOOGL
2025-03-05,172.22378540039062,172.98028249678805,168.2820021982634,169.73529012314535,30954900,GOOGL
2025-03-06,171.556884765625,174.00555581661285,169.71539203178713,169.7452527625135,28302000,GOOGL
2025-03-07,173.05992126464844,174.1648138078256,169.48644558654738,170.4718800246714,27385800,GOOGL
2025-03-10,165.2968292236328,167.87789100205225,163.12436954047675,167.6785699397653,43604000,GOOGL
2025-03-11,163.47314453125,166.17378667553444,160.81237268027317,164.34014854098334,39587400,GOOGL
2025-03-12,166.5325469970703,167.06071434970798,162.96491596959018,166.00437964443265,28372400,GOOGL
2025-03-13,162.1975860595703,165.5559515451144,161.54983818219623,165.46625097868807,31756200,GOOGL
2025-03-14,164.91815185546875,165.91469633780176,161.88864811378173,162.70582188820455,31995900,GOOGL
2025-03-17,163.7222900390625,165.72535422603255,163.10443731189008,164.45973844695973,31184300,GOOGL
2025-03-18,160.1147918701172,163.68242275706862,156.17844440971348,163.11438513260956,42074800,GOOGL
2025-03-19,163.3236846923828,165.2968386316175,160.44367156873926,161.20103994792456,34275600,GOOGL
2025-03-20,162.23744201660156,164.3202162999389,160.40380384962694,161.01169658179438,28138500,GOOGL
2025-03-21,163.42333984375,163.67247597151626,160.33404577702316,160.65294731947398,36625800,GOOGL
2025-03-24,167.1005859375,167.7383890591239,164.56936942432435,166.492708348571,30879100,GOOGL
2025-03-25,169.9706268310547,170.04039224469534,167.7383768915496,168.3960847024039,24174400,GOOGL
2025-03-26,164.4896240234375,169.02390429945322,164.27038302856647,168.41601157841293,28901600,GOOGL
2025-03-27,161.67938232421875,164.84838647984,161.44020617422274,164.06112302928733,24508300,GOOGL
2025-03-28,153.79672241210938,161.26084657481337,153.0991442674789,159.9354404969839,48669300,GOOGL
2025-03-31,154.10565185546875,155.00253588696825,150.13940872047658,152.58093987828155,54603500,GOOGL
2025-04-01,156.52725219726562,157.55369181763876,153.0891615011919,153.0891615011919,30672900,GOOGL
2025-04-02,156.49732971191406,157.86260591341835,154.16541940835015,154.61386135810304,25041700,GOOGL
2025-04-03,150.19918823242188,152.25206746912303,149.87032672274708,150.58783997911712,46883400,GOOGL
2025-04-04,145.09689331054688,150.54799324363788,144.8776522919314,147.49855413182192,62259500,GOOGL
2025-04-07,146.24290466308594,152.3218321659185,140.04439668677543,141.06087632952463,76794100,GOOGL
2025-04-08,144.19998168945312,151.7139355045659,142.5357542501846,150.69745588802078,52200200,GOOGL
2025-04-09,158.16159057617188,158.99868434001036,143.41272834835817,143.9209605893895,70406200,GOOGL
2025-04-10,152.2919464111328,157.17500865516934,149.41191804525613,155.99907817143998,48022000,GOOGL
2025-04-11,156.59701538085938,157.12518279409443,152.29195068350106,152.37166086891528,33636200,GOOGL
2025-04-14,158.52035522460938,161.1611923055906,157.0155631618818,159.44713439436606,30333000,GOOGL
2025-04-15,155.76986694335938,159.0983218935906,154.6736771269803,158.58012970667488,27551500,GOOGL
2025-04-16,152.8001708984375,155.35132240030543,150.98645259897873,152.57096991980188,28187400,GOOGL
2025-04-17,150.63766479492188,154.14549035907424,147.98685287180376,153.75683862644127,33046600,GOOGL
2025-04-21,147.15972900390625,148.43530478654532,145.59516199807078,148.36555457655837,26049100,GOOGL
2025-04-22,150.94659423828125,151.66410748339032,148.02671099242252,148.37550764431742,26971800,GOOGL
2025-04-23,154.8131866455078,156.98564625118482,153.2784996745797,155.0722827287534,31128800,GOOGL
2025-04-24,158.72959899902344,159.03852534598082,155.2516533895316,155.61041000027018,45894000,GOOGL
2025-04-25,161.40036010742188,165.52605388757996,160.4835257508864,164.49961422965615,56034000,GOOGL
2025-04-28,160.05502319335938,162.5862396977989,158.0519740918863,161.86872639451175,29745800,GOOGL
2025-04-29,159.60658264160156,160.18458031932272,156.97570557414937,159.76603342291708,26809000,GOOGL
2025-04-30,158.2512664794922,158.7196436016194,154.86300612354924,157.43409270690867,34981100,GOOGL
2025-05-01,160.74261474609375,161.3903625236085,158.3608742385602,159.8955459237491,30203200,GOOGL
2025-05-02,163.4632110595703,164.39996542535462,161.31067105386134,162.84535826769726,25715000,GOOGL
2025-05-05,163.64259338378906,164.81850869798296,162.15773647441492,162.4367677423953,21341800,GOOGL
2025-05-06,162.66595458984375,164.23053675483612,160.63301049910467,161.6096198520829,21277200,GOOGL
2025-05-07,150.85691833496094,164.42985019413678,147.32914212449143,163.5130310359637,127490100,GOOGL
2025-05-08,153.74688720703125,155.39117958130052,152.37165090458322,154.46440047734652,57498700,GOOGL
2025-05-09,152.22218322753906,154.5142387821615,151.67408067225014,153.6372746936992,32435300,GOOGL
2025-05-12,157.91244506835938,158.55023292762746,155.7100750758197,156.94579570580373,44138800,GOOGL
2025-05-13,158.97874450683594,160.01515931291138,155.62039437316713,158.24129609505388,42382100,GOOGL
2025-05-14,164.79855346679688,166.4229258122212,159.0584628171564,159.40725946266062,48755900,GOOGL
2025-05-15,163.39344787597656,165.6356730691148,161.80893051621783,165.26694125278715,33146700,GOOGL
2025-05-16,165.61572265625,168.76480673115492,165.04768502743337,167.15039440077075,42846900,GOOGL
2025-05-19,165.96450805664062,166.06416858529283,163.65253281131433,163.94152401470697,30426100,GOOGL
2025-05-20,163.4133758544922,167.91776161058672,162.33710588412995,165.85490703254322,46607700,GOOGL
2025-05-21,167.9775390625,172.54171471286378,162.9948165454298,163.1243721968136,73416000,GOOGL
2025-05-22,170.27955627441406,176.15917803179707,170.12012070875053,171.25618084668935,74864400,GOOGL
2025-05-23,167.8878631591797,169.37272002705043,167.30986548992928,168.47582079984258,35211400,GOOGL
2025-05-27,172.30255126953125,172.5716225630013,169.4125780788469,169.57202886061165,37995700,GOOGL
2025-05-28,171.76441955566406,174.66436785084326,171.31597754856884,172.56165823831284,34784000,GOOGL
2025-05-29,171.26614379882812,173.81729536660228,170.04039828273065,173.39874848808273,29317300,GOOGL
2025-05-30,171.1465606689453,171.61493780799663,166.86141620850907,170.75790891590938,52639900,GOOGL
2025-06-02,168.4459228515625,169.28301661805224,166.81159040962694,167.26003241267054,38612300,GOOGL
2025-06-03,165.60577392578125,167.89782954141205,164.708889870391,166.91126012169556,45084900,GOOGL
2025-06-04,167.46929931640625,167.6387100496484,165.78513674832732,166.16382850855194,26900800,GOOGL
2025-06-05,167.62876892089844,170.33935616350743,167.01090094696792,169.75139851627495,36379100,GOOGL
2025-06-06,173.079833984375,173.89700773798458,170.23969140570108,170.23969140570108,35731800,GOOGL
2025-06-09,175.69395446777344,176.07310468622353,173.97782168090652,174.14743750903665,28935900,GOOGL
2025-06-10,178.19833374023438,180.70268325607967,174.5166301339373,175.80372221831115,61766100,GOOGL
2025-06-11,176.9511260986328,179.96432281914957,176.3524694759701,179.3656814209572,31646800,GOOGL
2025-06-12,175.30484008789062,176.32255032681226,174.3569797237004,175.78375628436552,20941900,GOOGL
2025-06-13,174.27716064453125,176.73163473712606,172.00228964381978,172.05218023736916,27663100,GOOGL
2025-06-16,176.3724365234375,176.5420523549515,174.25719419482596,174.33701609632743,27389200,GOOGL
2025-06-17,175.5542755126953,176.96110799729416,174.1873615915514,175.30483777675101,24973000,GOOGL
2025-06-18,172.93020629882812,176.16290971424257,172.81046582918458,175.6141436330853,28707500,GOOGL
2025-06-20,166.26522827148438,173.94790803011588,165.08788938336605,173.55878574385125,75659900,GOOGL
2025-06-23,164.8184814453125,166.9636398925432,161.63565348702906,165.8960542954959,57671000,GOOGL
2025-06-24,166.3949432373047,167.84167918331357,165.75638318822968,166.5445998017471,40524300,GOOGL
2025-06-25,170.29612731933594,171.97235685648238,167.17317715297744,167.25299905707695,35479000,GOOGL
2025-06-26,173.14968872070312,173.29936049404486,169.55779452756443,172.04218458564608,31796700,GOOGL
2025-06-27,178.12847900390625,178.27813555923768,171.3437693802371,173.14969619543672,108140200,GOOGL
2025-06-30,175.83364868164062,180.82240351749414,174.1873656755976,180.3734186271616,63378900,GOOGL
2025-07-01,175.44451904296875,175.6939567742825,173.139716841545,175.3447530851258,35904500,GOOGL
2025-07-02,178.23822021484375,178.4577266308603,174.67625741761273,175.14518633422566,29128900,GOOGL
2025-07-03,179.126220703125,179.265905222364,176.65180269468908,178.09853847776557,21689700,GOOGL
2025-07-07,176.3923797607422,178.89674433224096,175.28487562232132,178.65727862884938,34175600,GOOGL
2025-07-08,173.9678497314453,177.54977185383785,172.42133277200756,177.4500058972594,40442500,GOOGL
2025-07-09,176.2227783203125,179.03644347316074,172.3814460707259,174.85586430994886,43025600,GOOGL
2025-07-10,177.22052001953125,178.02869585837095,173.98781666417247,175.2350053597822,29252400,GOOGL
2025-07-11,179.7847442626953,181.0219456842772,176.08308157759498,176.39238193299045,34282900,GOOGL
2025-07-14,181.15164184570312,183.25689674766613,179.27586537633238,180.60287583344362,32536600,GOOGL
2025-07-15,181.59068298339844,183.8056914333515,181.19158867102598,182.39885886185957,33448300,GOOGL
2025-07-16,182.55848693847656,183.91542879782378,181.62059863833602,182.82788394956327,33104200,GOOGL
2025-07-17,183.1671142578125,183.64603043273615,180.07408034072432,181.73035050857078,31992600,GOOGL
2025-07-18,184.64378356933594,186.00072543502688,183.2968289565469,184.98301522964096,34014500,GOOGL
2025-07-21,189.67245483398438,189.86201471908177,185.73132654425748,185.83110772544197,45803100,GOOGL
2025-07-22,190.90966796875,191.21896833519165,187.03840453704987,191.0693117786785,44660200,GOOGL
2025-07-23,189.8021697998047,192.09700016081177,188.75452819755446,191.06931784155387,58681900,GOOGL
2025-07-24,191.73780822753906,197.50480780114538,190.57044138213487,196.58687870624138,74881700,GOOGL
2025-07-25,192.74551391601562,193.8929365997576,190.82983399147875,191.54821586623893,39785900,GOOGL
2025-07-28,192.14688110351562,193.61357622809174,190.41078895772904,193.2144667106556,38139500,GOOGL
2025-07-29,195.3097381591797,195.47935398479527,191.64799419278697,191.9971978721824,41389200,GOOGL
2025-07-30,196.08799743652344,197.155598285003,194.2521393007246,195.1600963397073,32445400,GOOGL
2025-07-31,191.46839904785156,195.54921195775628,190.66022322341527,195.26984291287636,51329200,GOOGL
2025-08-01,188.70465087890625,190.40082452841267,187.39759950913643,188.60486968944682,34832200,GOOGL
2025-08-04,194.60133361816406,194.830827292421,189.69240089649873,189.86201672672937,31547400,GOOGL
2025-08-05,194.232177734375,197.4150057356091,193.45393320281906,194.2720962985156,31602300,GOOGL
2025-08-06,195.6489715576172,196.18776557270928,193.23441619136784,194.06255127051267,21562900,GOOGL
2025-08-07,196.07801818847656,197.09571318148866,193.8929412029117,196.6167969951023,26321800,GOOGL
2025-08-08,200.9669952392578,202.15432130991044,196.72655368662487,196.7764442791972,39161800,GOOGL
2025-08-11,200.54794311523438,201.02685931355308,198.62229106869012,200.48808049350347,25832400,GOOGL
2025-08-12,202.88267517089844,204.04006993048975,200.1388600495838,200.91710457512625,30397900,GOOGL
2025-08-13,201.50579833984375,204.0700104890599,197.06579421729333,203.67091617948037,28342900,GOOGL
2025-08-14,202.48358154296875,203.98020797768137,200.77742070862897,201.0468177297292,25230400,GOOGL
2025-08-15,203.44140625,205.97570210941166,200.82730371462006,203.39153088363753,34931400,GOOGL
2025-08-18,203.04232788085938,204.80835140832636,202.03460485474218,203.74075053383524,18526600,GOOGL
2025-08-19,201.11668395996094,202.98247352847122,199.5103041804206,202.57339194917532,24240200,GOOGL
2025-08-20,198.87171936035156,200.82730262485018,196.15783565803162,200.27853657760338,28955500,GOOGL
2025-08-21,199.3007354736328,202.02459107482636,198.98144788878304,199.3007354736328,19774600,GOOGL
2025-08-22,205.62648010253906,208.07096677186306,200.84725997228378,202.27403645691825,42827000,GOOGL
2025-08-25,208.02110290527344,210.04653613391585,204.81831562838462,205.96572314134983,29928900,GOOGL
2025-08-26,206.6741180419922,207.38252787024734,205.23735432936843,207.04328099820484,28464100,GOOGL
2025-08-27,207.0133514404297,208.44014313706415,205.18746547556665,205.23735606521282,23022900,GOOGL
2025-08-28,211.1640167236328,211.742714118765,206.43467159929352,206.78389053195886,32339300,GOOGL
2025-08-29,212.43115234375,214.167229203444,209.72724064780297,210.0365409975429,39728400,GOOGL
2025-09-02,210.87466430664062,211.20390871469678,205.73623790289355,207.97120545801465,47523000,GOOGL
2025-09-03,230.1412353515625,230.78976737242826,224.28442698424496,225.7012467158241,103336100,GOOGL
2025-09-04,231.7775421142578,231.84737676203946,225.60146147412655,229.13349303754427,51684200,GOOGL
2025-09-05,234.4714813232422,235.22976659054154,231.37844718195538,231.677775522156,46588900,GOOGL
2025-09-08,233.72247314453125,237.8069358559837,233.3529799966882,235.15054099905157,32474700,GOOGL
2025-09-09,239.30491638183594,240.14377315813266,232.91358965088386,233.85231685973005,38061000,GOOGL
2025-09-10,238.84552001953125,241.33214736167037,237.5273187664355,238.5758820575914,35141100,GOOGL
2025-09-11,240.0438995361328,241.9213539288796,235.92949376965038,239.55457404217233,30599300,GOOGL
2025-09-12,240.4733123779297,241.75157459718335,237.67710805902945,240.04388783032,26771600,GOOGL
2025-09-15,251.26864624023438,252.06756394348793,244.32807821701437,244.32807821701437,58383800,GOOGL
2025-09-16,250.8192596435547,252.696698721273,249.13154999644232,251.73800966841424,34109700,GOOGL
2025-09-17,249.19146728515625,251.25866627901078,245.94587648389523,250.87917693990602,34108000,GOOGL
2025-09-18,251.68807983398438,253.64542748570952,249.46110945180462,251.338548569648,31239500,GOOGL
2025-09-19,254.3744354248047,255.65269769422878,251.4683796180924,252.90642848071656,55571400,GOOGL
2025-09-22,252.18739318847656,255.4329839373953,249.96042287972912,254.0848093772248,32290500,GOOGL
2025-09-23,251.31858825683594,254.01492224497756,250.1401811840686,252.69670571321294,26628000,GOOGL
2025-09-24,246.80470275878906,252.00764101873446,246.10565550148698,251.31857470864836,28201000,GOOGL
2025-09-25,245.45654296875,246.1556055061487,240.41340622781078,244.06842931794486,31020400,GOOGL
2025-09-26,246.2055206298828,249.08161830530747,245.63630185383965,246.73481561544992,18503200,GOOGL
2025-09-29,243.71890258789062,250.80926093832198,242.4406403715287,247.51375020937843,32505800,GOOGL
2025-09-30,242.77020263671875,242.9599320717839,238.92541967317948,242.48058753408858,34724300,GOOGL
2025-10-01,244.5677490234375,245.96585884887978,238.2862890899911,240.42338523813993,31658200,GOOGL
2025-10-02,245.35667419433594,246.47514981131818,241.97127402542458,244.81739828037135,25483300,GOOGL
2025-10-03,245.01715087890625,245.96585900937905,241.3321544964398,244.15831699237452,30249600,GOOGL
2025-10-06,250.09024047851562,250.97904766602093,244.24818617214953,244.44791178946252,28894700,GOOGL
2025-10-07,245.42657470703125,250.1002333278666,245.18691006468788,247.93317917084852,23181300,GOOGL
2025-10-08,244.2881317138672,245.67624536262252,243.48922922331397,244.62768203424937,21307100,GOOGL
2025-10-09,241.2023162841797,244.42792989328805,238.82554034163272,244.13833003954065,27892100,GOOGL
2025-10-10,236.2490692138672,243.75885638035138,235.5200485827795,241.10246136059908,33180300,GOOGL
2025-10-13,243.81875610351562,244.16828735447277,239.38479264234815,239.88411429337978,24995000,GOOGL
2025-10-14,245.1169891357422,246.78472157869837,240.1836889124138,240.9027132904423,22111600,GOOGL
2025-10-15,250.68942260742188,251.7679591837619,245.65626715592245,246.91455220927548,27007700,GOOGL
2025-10-16,251.1188507080078,256.6113736152233,249.76069521164578,251.42842769264908,27997200,GOOGL
2025-10-17,252.9563446044922,253.87509458891947,247.4737875390444,250.4197821526697,29671600,GOOGL
2025-10-20,256.2019348144531,256.98087539491434,253.88509020638818,254.3444728441902,22350200,GOOGL
2025-10-21,250.12020874023438,254.53421031738455,243.81875668908756,254.39440086428343,47312100,GOOGL
2025-10-22,251.34854125976562,256.01218852739623,248.95178813355238,254.02489806023604,35029400,GOOGL
2025-10-23,252.73666381835938,254.69399627404513,251.50833675008087,252.63679338694976,19901400,GOOGL
2025-10-24,259.5673828125,261.32497431611404,254.9736174865258,256.23188733462473,28655100,GOOGL
2025-10-27,268.9046630859375,269.7735083332291,263.92144290721717,264.4607188078389,35235200,GOOGL
2025-10-28,267.1071472167969,270.3627344019799,266.1384619149823,269.3241367489819,29738600,GOOGL
2025-10-29,274.197509765625,274.96645416764926,267.3068768000952,267.38675485794886,43580300,GOOGL
2025-10-30,281.09814453125,291.1944142933695,279.6800575475708,291.1944142933695,74876000,GOOGL
2025-10-31,280.8085021972656,285.6119738650845,276.6541425566326,282.82575062167336,39267900,GOOGL
2025-11-03,283.3350830078125,285.14262497278366,279.42038779718166,281.797163766903,29786000,GOOGL
2025-11-04,277.1634521484375,280.88837191256465,275.8851900258856,276.374515458966,30078400,GOOGL
2025-11-05,283.92425537109375,286.0314084420774,276.96371081227676,278.49163374098424,31010300,GOOGL
2025-11-06,284.3636779785156,287.9587999323025,280.7585903155872,284.9428776795432,37173600,GOOGL
2025-11-07,278.45172119140625,283.3950181298404,274.8166751233446,282.8257840870045,34479600,GOOGL
2025-11-10,289.7064208984375,290.40545290698407,282.47622284552773,284.03413439651047,29557300,GOOGL
2025-11-11,290.914794921875,291.52398321941854,286.9302176656824,287.35962699643375,19842100,GOOGL
2025-11-12,286.3210144042969,291.613842224268,283.30512258449664,291.2842728658537,24829900,GOOGL
2025-11-13,278.19207763671875,282.45627365196606,276.8638649512614,281.9569519907634,29494000,GOOGL
2025-11-14,276.0350036621094,278.1820807042813,270.3327588398133,271.04178706348836,31647200,GOOGL
2025-11-17,284.63330078125,293.55120856159544,283.1852862901624,285.392279437324,52670200,GOOGL
2025-11-18,283.8943176269531,288.4081743957296,277.8225797399186,287.52939388700526,49158700,GOOGL
2025-11-19,292.4127502441406,303.39782684502376,286.2411417953812,286.77042153983126,68198900,GOOGL
2025-11-20,289.05731201171875,306.0042898345543,288.2783714658303,304.1268355762142,62025200,GOOGL
2025-11-21,299.25347900390625,303.50770955644725,293.4513634023398,296.0178842040454,74137700,GOOGL
2025-11-24,318.14776611328125,319.0465694557707,309.17996886834777,310.70789188393536,85165100,GOOGL
2025-11-25,323.0011901855469,328.3838617048627,317.2190369667809,325.767421144808,88632100,GOOGL
2025-11-26,319.5159606933594,324.0597758686898,316.36024396458464,320.2449508538883,51373400,GOOGL
2025-11-28,319.7456359863281,326.40660086319315,316.36025071335513,322.9313108653273,26018600,GOOGL
2025-12-01,314.46282958984375,319.41609223758667,313.464186206563,317.2690150587685,41183000,GOOGL
2025-12-02,315.38153076171875,317.948051296999,313.4841146313127,316.3102616947243,35854700,GOOGL
2025-12-03,319.19635009765625,321.1436861691208,313.6738540884245,315.4614340573081,41838300,GOOGL
2025-12-04,317.1890869140625,321.92264650582644,314.27306548179905,321.7928484740126,31240900,GOOGL
2025-12-05,320.8341064453125,322.72155681925386,318.73697999805336,319.05652267664885,28851700,GOOGL
2025-12-08,313.49932861328125,320.21460294317257,311.0010871288888,319.82486263347363,33909400,GOOGL
2025-12-09,316.85693359375,317.7662971049956,311.6805848338384,312.15025542764414,30194000,GOOGL
2025-12-10,319.9847412109375,321.0839735202244,314.45863248382005,315.6078174223929,33428900,GOOGL
2025-12-11,312.210205078125,320.8940942947929,308.3829128168011,319.85481737290655,42353700,GOOGL
2025-12-12,309.07244873046875,314.6485102459599,305.34506149685063,313.47935032153816,35940200,GOOGL
2025-12-15,308.003173828125,311.2009348824072,304.66552711937686,311.1009991314403,29151900,GOOGL
2025-12-16,306.3543395996094,310.5513666605185,302.37712849550337,304.7354841263937,30585000,GOOGL
2025-12-17,296.5112609863281,307.87325739956634,295.9116769824828,307.7933270972379,43930400,GOOGL
2025-12-18,302.2472229003906,303.7461677101471,299.0195145942255,301.50775321966603,33518000,GOOGL
2025-12-19,306.9439392089844,307.03387224107576,300.7582909786616,301.5177661333593,59943200,GOOGL
2025-12-22,309.56207275390625,309.9118326328777,305.0852133945127,309.66200850448513,26429900,GOOGL
2025-12-23,314.1288757324219,314.7184570357758,309.1024153195162,309.41219480947996,25478700,GOOGL
2025-12-24,313.8690490722656,314.8583428959372,311.70059264113144,314.5485634057752,10097400,GOOGL
2025-12-26,313.2894592285156,314.86833429915043,312.0603135401851,314.25877806497726,10899000,GOOGL
2025-12-29,313.33941650390625,313.79908436732376,310.4014822754237,311.15095467052413,19621800,GOOGL
2025-12-30,313.6292419433594,316.72706748217655,312.24020504037514,312.28018544302313,17380900,GOOGL
2025-12-31,312.7798156738281,314.3586907819443,311.22091551782626,312.62992729269524,16377700,GOOGL
2026-01-02,314.9283142089844,322.2731502440002,310.11169732658084,316.67708324131615,32009400,GOOGL
2026-01-05,316.3173522949219,318.79558832967825,314.4086921415047,317.4365596004392,30195600,GOOGL
2026-01-06,314.1188659667969,320.71422913013345,311.5606693028291,316.17741436833177,31212100,GOOGL
2026-01-07,321.7535095214844,325.9205589972494,313.96898096999803,314.13884430323384,35104400,GOOGL
2026-01-08,325.2110595703125,330.0876314322289,321.2738288701313,328.7385750407063,31896100,GOOGL
2026-01-09,328.3388671875,330.5972566011106,325.5707962902668,326.8598973489763,26214200,GOOGL
2026-01-12,331.62652587890625,333.80501545240315,324.77136644379436,325.57079145505844,33923900,GOOGL
2026-01-13,335.7336730957031,340.25048265726696,333.38532003422745,334.7144015630273,33517600,GOOGL
2026-01-14,335.603759765625,336.2832741209541,330.2475447349911,334.8243096530742,28525600,GOOGL
2026-01-15,332.5458984375,337.4524480652932,330.507324974913,337.4124676651339,28442400,GOOGL
2026-01-16,329.7678527832031,334.4145755186536,327.46948297740045,334.1747541117482,40341600,GOOGL
2026-01-20,321.77349853515625,327.49947891315526,320.20459558658575,320.6442885211675,35361000,GOOGL
2026-01-21,328.1490173339844,332.24613943011235,319.12537039479025,320.6942733516965,35386600,GOOGL
2026-01-22,330.3074951171875,334.9142376434696,328.5187457270175,334.2147483456718,26253600,GOOGL
2026-01-23,327.6993103027344,333.45526818914374,327.21966747627397,332.25610013077164,27280000,GOOGL
2026-01-26,333.02557373046875,335.60374537803585,326.7699676491338,327.5793954045391,26042100,GOOGL
2026-01-27,334.31463623046875,337.6722883721735,333.2454121385867,335.1340666902067,21636200,GOOGL
2026-01-28,335.7736511230469,337.30257365930305,331.7065067534381,335.82360375323316,27434400,GOOGL
2026-01-29,338.0120544433594,342.0492210013424,326.3103005061971,340.06060015063264,39785600,GOOGL
2026-01-30,337.7622375488281,339.76083067041884,332.0562627255977,339.76083067041884,31024000,GOOGL
2026-02-02,343.4482421875,344.5874244246442,335.3939142353609,335.983495554882,32006100,GOOGL
2026-02-03,339.47100830078125,348.7544814019383,337.2325938809106,347.09564553860224,36506700,GOOGL
2026-02-04,332.80572509765625,343.0684894885568,328.2888852617291,342.7187296036167,70618400,GOOGL
2026-02-05,331.0169677734375,332.45595718246585,306.24439883874277,312.0003564748562,88205800,GOOGL
2026-02-06,322.63287353515625,330.147603202773,319.694969697787,326.94984200428365,56380500,GOOGL
2026-02-09,324.09185791015625,327.4694850607409,317.03682684844796,320.70422803551696,39640100,GOOGL
2026-02-10,318.3558654785156,321.4437184993816,314.38865715458337,320.7441987510988,39170000,GOOGL
2026-02-11,310.7412414550781,320.8341425405983,309.44216816023624,318.7456164455411,45406400,GOOGL
2026-02-12,308.7826232910156,316.0175203045161,306.9839017615506,311.87044586439265,47761300,GOOGL
2026-02-13,305.50494384765625,308.41290048065196,303.4963480144474,307.5135396808651,38499700,GOOGL
2026-02-17,301.8075256347656,304.22583664461854,296.04159566157676,299.82893803190484,39247600,GOOGL
2026-02-18,303.1166076660156,305.1651838815364,301.0380842700908,301.87748970860525,28482100,GOOGL
2026-02-19,302.636962890625,305.25511494304027,299.828942056139,301.6076886754516,25834400,GOOGL
2026-02-20,314.7584228515625,316.2773425544253,303.68620054308417,304.1059184917761,53210800,GOOGL
2026-02-23,311.2708740234375,319.29522413676915,309.65201848441603,318.82555353627805,31423000,GOOGL
2026-02-24,310.6813049316406,312.05033638585,305.71479964031533,310.3015673465962,25615600,GOOGL
2026-02-25,312.67987060546875,313.4193707572093,309.22231323387047,311.84046520002283,29963600,GOOGL
2026-02-26,307.1637878417969,312.9197459051382,302.1373272609355,312.42009761480955,36431200,GOOGL
2026-02-27,311.54071044921875,312.1502667227519,303.5862877430576,303.92607541564644,44640600,GOOGL
2026-03-02,306.3043518066406,308.27296712894787,301.088022863519,303.0166882830762,34790200,GOOGL
2026-03-03,303.3664245605469,303.72618716624237,296.5012623376298,298.37994467731505,35497000,GOOGL
2026-03-04,302.9167785644531,305.2551289128473,300.5384478137644,302.6769571429086,29536200,GOOGL
2026-03-05,300.6683349609375,303.08661540637286,297.78035344585857,302.82681905445145,35752300,GOOGL
2026-03-06,298.30999755859375,300.31859339921897,294.97235071392555,295.88171424137005,25576900,GOOGL
2026-03-09,306.3599853515625,306.79998779296875,294.0799865722656,294.3599853515625,29312100,GOOGL
2026-03-10,307.0400085449219,309.510009765625,305.57000732421875,306.1700134277344,23239700,GOOGL
2026-03-11,308.70001220703125,311.4200134277344,305.9200134277344,306.75,24125700,GOOGL
2026-03-12,303.54998779296875,308.94000244140625,301.0299987792969,306.82000732421875,24928300,GOOGL
2026-03-13,302.2799987792969,307.69000244140625,300.44000244140625,307.010009765625,23693100,GOOGL
2026-03-16,305.55999755859375,306.489990234375,303.0199890136719,304.3500061035156,23519700,GOOGL
2026-03-17,310.9200134277344,311.4200134277344,305.5,305.8599853515625,21955200,GOOGL
2026-03-18,307.69000244140625,312.4700012207031,306.92999267578125,309.2699890136719,20009800,GOOGL
2026-03-19,307.1300048828125,308.05999755859375,302.3500061035156,304.010009765625,25075800,GOOGL
2026-03-20,301.0,306.0,298.2699890136719,305.4599914550781,44364100,GOOGL
2026-03-23,302.05999755859375,305.9800109863281,300.92999267578125,302.1099853515625,29326900,GOOGL
2026-03-24,290.44000244140625,299.9200134277344,290.3299865722656,299.20001220703125,36864300,GOOGL
2026-03-25,290.92999267578125,296.0,289.239990234375,293.44000244140625,29460700,GOOGL
2026-03-26,280.9200134277344,287.95001220703125,278.5,287.9100036621094,39080600,GOOGL
2026-03-27,274.3399963378906,279.3699951171875,273.95001220703125,277.2799987792969,35890600,GOOGL
2026-03-30,273.5,277.0899963378906,272.1099853515625,276.4200134277344,35141200,GOOGL
2026-03-31,287.55999755859375,288.0799865722656,277.0899963378906,278.0400085449219,43875400,GOOGL
2026-04-01,297.3900146484375,300.5199890136719,290.4100036621094,290.8399963378906,37684500,GOOGL
2026-04-02,295.7699890136719,298.0799865722656,289.45001220703125,290.69000244140625,21666500,GOOGL
2026-04-06,299.989990234375,300.6199951171875,295.17999267578125,295.8699951171875,16945500,GOOGL
2026-04-07,305.4599914550781,305.6300048828125,297.7200012207031,302.7300109863281,23205400,GOOGL
2026-04-08,317.32000732421875,322.0799865722656,315.0199890136719,320.45001220703125,33547100,GOOGL
2026-04-09,318.489990234375,319.5400085449219,311.05999755859375,315.9100036621094,23739200,GOOGL
2026-04-10,317.239990234375,321.8299865722656,316.32000732421875,320.0199890136719,19152600,GOOGL
2026-04-13,321.30999755859375,321.6300048828125,315.4700012207031,317.1400146484375,18866400,GOOGL
2026-04-14,332.9100036621094,333.2900085449219,323.75,324.7900085449219,27721400,GOOGL
2026-04-15,337.1199951171875,337.4800109863281,330.8999938964844,332.8900146484375,24918800,GOOGL
2026-04-16,336.0199890136719,339.8800048828125,334.5199890136719,338.75,20541500,GOOGL
2026-04-17,341.67999267578125,342.32000732421875,336.239990234375,337.6499938964844,25581900,GOOGL
2026-04-20,337.4200134277344,341.3999938964844,336.6099853515625,340.760009765625,18784200,GOOGL
2026-04-21,332.2900085449219,339.3399963378906,331.3500061035156,337.69000244140625,23123800,GOOGL
2026-04-22,339.32000732421875,339.82000732421875,335.1700134277344,337.0199890136719,20293000,GOOGL
2026-04-23,338.8900146484375,341.9599914550781,336.17999267578125,341.17999267578125,18650300,GOOGL
2026-04-24,344.3999938964844,345.2699890136719,335.3900146484375,338.7300109863281,26426100,GOOGL
2026-04-27,350.3399963378906,353.17999267578125,342.7300109863281,345.9800109863281,28576900,GOOGL
2026-04-28,349.7799987792969,352.4200134277344,346.1199951171875,348.54998779296875,27824100,GOOGL
2026-04-29,349.94000244140625,355.7900085449219,344.2099914550781,347.57000732421875,35376300,GOOGL
2026-04-30,384.79998779296875,385.8399963378906,365.82000732421875,374.07000732421875,72040000,GOOGL
2026-05-01,385.69000244140625,386.760009765625,379.04998779296875,381.6300048828125,30105200,GOOGL
2026-05-04,383.25,387.3800048828125,379.7900085449219,385.6300048828125,26298600,GOOGL
2026-05-05,388.42999267578125,392.82000732421875,384.0199890136719,386.2300109863281,23878600,GOOGL
2026-05-06,398.0400085449219,399.8500061035156,392.760009765625,394.25,31308500,GOOGL
2026-05-07,397.989990234375,400.1000061035156,392.67999267578125,399.9200134277344,24433500,GOOGL
2026-05-08,400.79998779296875,402.0,396.3599853515625,397.0,21461800,GOOGL
2026-05-11,388.6400146484375,397.44000244140625,388.4700012207031,393.6499938964844,30753700,GOOGL
2026-05-12,387.3500061035156,388.5199890136719,382.7699890136719,387.3399963378906,26017500,GOOGL
2026-05-13,402.6199951171875,403.70001220703125,385.0,385.6000061035156,28144600,GOOGL
2026-05-14,401.07000732421875,402.92999267578125,395.8399963378906,397.2799987792969,21136700,GOOGL
2026-05-15,396.7799987792969,399.5400085449219,393.17999267578125,396.32000732421875,20309700,GOOGL
2026-05-18,396.94000244140625,408.6099853515625,394.5299987792969,395.69000244140625,26837200,GOOGL
2026-05-19,387.6600036621094,397.1499938964844,386.1099853515625,396.9599914550781,39545700,GOOGL
2026-05-20,388.9100036621094,393.8599853515625,382.8999938964844,387.70001220703125,31744400,GOOGL
2026-05-21,387.6600036621094,392.5,383.0199890136719,385.70001220703125,24852800,GOOGL
2026-05-22,382.9700012207031,388.739990234375,381.7699890136719,387.3500061035156,20401900,GOOGL
